token_profile,network_window,period_set_id,period_id,unit_type,pair_class,topn,weight_col,min_token_strength,min_neighbor_count,focus_a_norm,focus_a_label,focus_b_norm,focus_b_label,direct_strength,p_b_given_a,p_a_given_b,weighted_jaccard,jaccard,cosine,shared_neighbor_count,shared_neighbors,a_strength,b_strength,a_neighbor_count,b_neighbor_count,a_used_neighbor_count,b_used_neighbor_count,support_status,support_notes
full,10,global_all,global_all_p000,core,intra,20,joint_count,30,10,lixian,立憲,xianzheng,憲政,0.00578984889381,0.00680061823802,0.00492930922453,0.205648434443,0.290322580645,0.404612522894,9,實行; 政府; 國; 籌備; 人民; 國家; 政治; 中國; 人,32350,44631,417,616,20,20,ok,
full,10,global_all,global_all_p000,core,cross,20,joint_count,30,10,lixian,立憲,xianfa,憲法,0.0037057056833,0.00880989180835,0.00155873135675,0.141009859578,0.212121212121,0.324384324945,7,國會; 國; 政府; 人; 人民; 國家; 不能,32350,182841,417,1674,20,20,ok,
full,10,global_all,global_all_p000,core,cross,20,joint_count,30,10,lixian,立憲,zhixian,制憲,0,0,0,0.0845084020341,0.111111111111,0.193206687119,4,國民; 國會; 人; 政府,32350,20902,417,305,20,20,ok,
full,10,global_all,global_all_p000,core,cross,20,joint_count,30,10,xianzheng,憲政,xianfa,憲法,0.00525821702291,0.0106428267348,0.00259788559459,0.1515841175,0.176470588235,0.252358808294,6,國; 政府; 省; 人民; 國家; 人,44631,182841,616,1674,20,20,ok,
full,10,global_all,global_all_p000,core,cross,20,joint_count,30,10,xianzheng,憲政,zhixian,制憲,0.00160429359441,0.00109789160001,0.00234427327528,0.0875940626304,0.142857142857,0.143426337207,5,省; 政府; 進行; 兩; 人,44631,20902,616,305,20,20,ok,
full,10,global_all,global_all_p000,core,intra,20,joint_count,30,10,xianfa,憲法,zhixian,制憲,0.00820119699117,0.00277290104517,0.0242560520524,0.207989924113,0.290322580645,0.559871236857,9,國會; 問題; 政府; 省; 人; 新; 議員; 選舉; 主張,182841,20902,1674,305,20,20,ok,
full,10,global_all,global_all_p000,core,intra,50,joint_count,30,10,lixian,立憲,xianzheng,憲政,0.00578984889381,0.00680061823802,0.00492930922453,0.269331946039,0.351351351351,0.475618546858,26,實行; 政府; 國; 籌備; 人民; 國家; 政治; 中國; 省; 人; 兩; 基礎; 國會; 民主; 不能; 國民; 地方自治; 內閣; 組織; 開,32350,44631,417,616,50,50,ok,
full,10,global_all,global_all_p000,core,cross,50,joint_count,30,10,lixian,立憲,xianfa,憲法,0.0037057056833,0.00880989180835,0.00155873135675,0.161777749215,0.219512195122,0.387154671258,18,國會; 國; 政府; 人; 人民; 國家; 省; 不能; 組織; 兩; 新; 國民; 中國; 機關; 實行; 政治; 制度; 開,32350,182841,417,1674,50,50,ok,
full,10,global_all,global_all_p000,core,cross,50,joint_count,30,10,lixian,立憲,zhixian,制憲,0,0,0,0.134004328222,0.176470588235,0.277528578612,15,國民; 國會; 人; 政府; 不能; 國; 省; 開; 人民; 兩; 自治; 組織; 北京; 機關; 新,32350,20902,417,305,50,50,ok,
full,10,global_all,global_all_p000,core,cross,50,joint_count,30,10,xianzheng,憲政,xianfa,憲法,0.00525821702291,0.0106428267348,0.00259788559459,0.229893377381,0.282051282051,0.428967812325,22,國; 政府; 省; 人民; 國家; 人; 問題; 國會; 不能; 組織; 成立; 國民大會; 兩; 新; 國民; 中國; 機關; 主張; 實行; 政治,44631,182841,616,1674,50,50,ok,
full,10,global_all,global_all_p000,core,cross,50,joint_count,30,10,xianzheng,憲政,zhixian,制憲,0.00160429359441,0.00109789160001,0.00234427327528,0.183106022688,0.26582278481,0.342291805385,21,省; 政府; 進行; 國; 兩; 人; 人民; 完成; 問題; 國會; 組織; 成立; 不能; 國民; 國民大會; 北京; 開; 新; 自治; 機關,44631,20902,616,305,50,50,ok,
full,10,global_all,global_all_p000,core,intra,50,joint_count,30,10,xianfa,憲法,zhixian,制憲,0.00820119699117,0.00277290104517,0.0242560520524,0.312743110319,0.449275362319,0.691626019215,31,國會; 問題; 政府; 省; 人; 新; 國; 議員; 人民; 選舉; 制定; 主張; 總統; 不能; 組織; 規定; 公布; 成立; 國民大會; 討論,182841,20902,1674,305,50,50,ok,
full,10,global_all,global_all_p000,core,intra,100,joint_count,30,10,lixian,立憲,xianzheng,憲政,0.00578984889381,0.00680061823802,0.00492930922453,0.318975019515,0.408450704225,0.549984997858,58,實行; 政府; 國; 籌備; 人民; 國家; 政治; 中國; 省; 人; 兩; 基礎; 國會; 民主; 不能; 國民; 地方自治; 內閣; 組織; 開,32350,44631,417,616,100,100,ok,
full,10,global_all,global_all_p000,core,cross,100,joint_count,30,10,lixian,立憲,xianfa,憲法,0.0037057056833,0.00880989180835,0.00155873135675,0.220080345586,0.307189542484,0.447048679513,47,國會; 國; 政府; 人; 人民; 國家; 省; 不能; 組織; 兩; 新; 問題; 成立; 主張; 法律; 國民; 中國; 機關; 實行; 政治,32350,182841,417,1674,100,100,ok,
full,10,global_all,global_all_p000,core,cross,100,joint_count,30,10,lixian,立憲,zhixian,制憲,0,0,0,0.16120171584,0.204819277108,0.348045927214,34,國民; 國會; 人; 政府; 不能; 國; 省; 開; 人民; 兩; 自治; 組織; 北京; 機關; 新; 問題; 國家; 實行; 成立; 主張,32350,20902,417,305,100,100,ok,
full,10,global_all,global_all_p000,core,cross,100,joint_count,30,10,xianzheng,憲政,xianfa,憲法,0.00525821702291,0.0106428267348,0.00259788559459,0.289589103599,0.379310344828,0.508806261371,55,國; 政府; 省; 人民; 國家; 人; 問題; 國會; 不能; 組織; 成立; 國民大會; 兩; 新; 國民; 中國; 機關; 主張; 代表; 實行,44631,182841,616,1674,100,100,ok,
full,10,global_all,global_all_p000,core,cross,100,joint_count,30,10,xianzheng,憲政,zhixian,制憲,0.00160429359441,0.00109789160001,0.00234427327528,0.216648946205,0.290322580645,0.403831983458,45,省; 政府; 進行; 國; 兩; 人; 人民; 完成; 問題; 國會; 組織; 成立; 不能; 國民; 國民大會; 北京; 開; 新; 自治; 國家,44631,20902,616,305,100,100,ok,
full,10,global_all,global_all_p000,core,intra,100,joint_count,30,10,xianfa,憲法,zhixian,制憲,0.00820119699117,0.00277290104517,0.0242560520524,0.345477508895,0.481481481481,0.724119009442,65,國會; 問題; 政府; 省; 人; 新; 國; 議員; 人民; 選舉; 制定; 主張; 總統; 不能; 組織; 規定; 公布; 成立; 國民大會; 討論,182841,20902,1674,305,100,100,ok,
full,10,global_all,global_all_p000,core,intra,0,joint_count,30,10,lixian,立憲,xianzheng,憲政,0.00578984889381,0.00680061823802,0.00492930922453,0.341584970089,0.381720430108,0.582904461356,284,實行; 政府; 國; 籌備; 人民; 國家; 政治; 中國; 省; 人; 兩; 基礎; 國會; 民主; 不能; 國民; 地方自治; 內閣; 組織; 開,32350,44631,417,616,415,613,ok,
full,10,global_all,global_all_p000,core,cross,0,joint_count,30,10,lixian,立憲,xianfa,憲法,0.0037057056833,0.00880989180835,0.00155873135675,0.230348701265,0.18253968254,0.497422435134,322,國會; 國; 政府; 人; 人民; 國家; 省; 不能; 組織; 兩; 新; 問題; 成立; 主張; 法律; 國民; 中國; 機關; 實行; 政治,32350,182841,417,1674,415,1671,ok,
full,10,global_all,global_all_p000,core,cross,0,joint_count,30,10,lixian,立憲,zhixian,制憲,0,0,0,0.191844425852,0.248695652174,0.384523544604,143,國民; 國會; 人; 政府; 不能; 國; 省; 開; 人民; 兩; 自治; 組織; 北京; 機關; 新; 問題; 國家; 實行; 成立; 主張,32350,20902,417,305,415,303,ok,
full,10,global_all,global_all_p000,core,cross,0,joint_count,30,10,xianzheng,憲政,xianfa,憲法,0.00525821702291,0.0106428267348,0.00259788559459,0.309737817826,0.259790402648,0.593277352285,471,國; 政府; 省; 人民; 國家; 人; 問題; 國會; 不能; 組織; 成立; 國民大會; 兩; 新; 國民; 中國; 機關; 主張; 代表; 實行,44631,182841,616,1674,613,1671,ok,
full,10,global_all,global_all_p000,core,cross,0,joint_count,30,10,xianzheng,憲政,zhixian,制憲,0.00160429359441,0.00109789160001,0.00234427327528,0.254032213385,0.270457697642,0.481632913289,195,省; 政府; 進行; 國; 兩; 人; 人民; 完成; 問題; 國會; 組織; 成立; 不能; 國民; 國民大會; 北京; 開; 新; 自治; 國家,44631,20902,616,305,613,303,ok,
full,10,global_all,global_all_p000,core,intra,0,joint_count,30,10,xianfa,憲法,zhixian,制憲,0.00820119699117,0.00277290104517,0.0242560520524,0.318474450707,0.16391509434,0.749730017787,278,國會; 問題; 政府; 省; 人; 新; 國; 議員; 人民; 選舉; 制定; 主張; 總統; 不能; 組織; 規定; 公布; 成立; 國民大會; 討論,182841,20902,1674,305,1671,303,ok,
full,1,global_all,global_all_p000,core,intra,20,joint_count,30,10,lixian,立憲,xianzheng,憲政,0,0,0,0.118320567456,0.176470588235,0.216497168991,6,實行; 籌備; 民主; 前途; 預備; 基礎,4869,5538,47,81,20,20,ok,
full,1,global_all,global_all_p000,core,cross,20,joint_count,30,10,lixian,立憲,xianfa,憲法,0,0,0,0.0281198635991,0.0526315789474,0.0416727416232,2,國; 實行,4869,14650,47,205,20,20,ok,
full,1,global_all,global_all_p000,core,cross,20,joint_count,30,10,lixian,立憲,zhixian,制憲,0,0,0,0.0248838729591,0.025641025641,0.0339650419526,1,國民,4869,2467,47,47,20,20,ok,
full,1,global_all,global_all_p000,core,cross,20,joint_count,30,10,xianzheng,憲政,xianfa,憲法,0,0,0,0.0517121850945,0.142857142857,0.10655752996,5,問題; 完成; 實施; 實行; 施行,5538,14650,81,205,20,20,ok,
full,1,global_all,global_all_p000,core,cross,20,joint_count,30,10,xianzheng,憲政,zhixian,制憲,0,0,0,0.0365584980487,0.0810810810811,0.0338301399142,3,完成; 進行; 問題,5538,2467,81,47,20,20,ok,
full,1,global_all,global_all_p000,core,intra,20,joint_count,30,10,xianfa,憲法,zhixian,制憲,0,0,0,0.0580959078689,0.0810810810811,0.087918574767,3,問題; 省; 完成,14650,2467,205,47,20,20,ok,
full,1,global_all,global_all_p000,core,intra,50,joint_count,30,10,lixian,立憲,xianzheng,憲政,0,0,0,0.134011767263,0.182926829268,0.230018287121,15,實行; 籌備; 民主; 前途; 預備; 國; 基礎; 事宜; 中國; 問題; 反對; 日本; 共和; 時代; 成立,4869,5538,47,81,47,50,ok,
full,1,global_all,global_all_p000,core,cross,50,joint_count,30,10,lixian,立憲,xianfa,憲法,0,0,0,0.0522779739083,0.127906976744,0.0614133899335,11,國; 實行; 問題; 民主; 共和; 宣布; 頒布; 國家; 我國; 組織; 成立,4869,14650,47,205,47,50,ok,
full,1,global_all,global_all_p000,core,cross,50,joint_count,30,10,lixian,立憲,zhixian,制憲,0,0,0,0.035473284081,0.0561797752809,0.0452263777705,5,國民; 前途; 問題; 籌備; 主張,4869,2467,47,47,47,47,ok,
full,1,global_all,global_all_p000,core,cross,50,joint_count,30,10,xianzheng,憲政,xianfa,憲法,0,0,0,0.0674874577388,0.123595505618,0.129681513368,11,問題; 完成; 實施; 國; 實行; 施行; 成立; 促成; 民主; 擁護; 共和,5538,14650,81,205,50,50,ok,
full,1,global_all,global_all_p000,core,cross,50,joint_count,30,10,xianzheng,憲政,zhixian,制憲,0,0,0,0.0479731982166,0.0898876404494,0.0601585295906,8,完成; 進行; 問題; 前途; 促成; 籌備; 運動; 印度,5538,2467,81,47,50,47,ok,
full,1,global_all,global_all_p000,core,intra,50,joint_count,30,10,xianfa,憲法,zhixian,制憲,0,0,0,0.0597609908888,0.0777777777778,0.121505508486,7,問題; 省; 完成; 促成; 國會; 選舉; 議會,14650,2467,205,47,50,47,ok,
full,1,global_all,global_all_p000,core,intra,100,joint_count,30,10,lixian,立憲,xianzheng,憲政,0,0,0,0.139419789467,0.196261682243,0.232724735345,21,實行; 籌備; 民主; 前途; 預備; 國; 基礎; 事宜; 中國; 問題; 反對; 日本; 共和; 時代; 我國; 精神; 制度; 論; 成立; 舉行,4869,5538,47,81,47,81,ok,
full,1,global_all,global_all_p000,core,cross,100,joint_count,30,10,lixian,立憲,xianfa,憲法,0,0,0,0.0576119914047,0.12213740458,0.0632493732481,16,國; 實行; 問題; 民主; 共和; 宣布; 頒布; 國家; 我國; 組織; 反對; 精神; 成立; 慶祝; 主張; 不能,4869,14650,47,205,47,100,ok,
full,1,global_all,global_all_p000,core,cross,100,joint_count,30,10,lixian,立憲,zhixian,制憲,0,0,0,0.035473284081,0.0561797752809,0.0452263777705,5,國民; 前途; 問題; 籌備; 主張,4869,2467,47,47,47,47,ok,
full,1,global_all,global_all_p000,core,cross,100,joint_count,30,10,xianzheng,憲政,xianfa,憲法,0,0,0,0.0873275189924,0.160256410256,0.138368128877,25,問題; 完成; 實施; 國; 實行; 施行; 成立; 促成; 民主; 擁護; 共和; 精神; 破壞; 反對; 我國; 關係; 恢復; 研究; 討論; 有關,5538,14650,81,205,81,100,ok,
full,1,global_all,global_all_p000,core,cross,100,joint_count,30,10,xianzheng,憲政,zhixian,制憲,0,0,0,0.0492402130852,0.0847457627119,0.0622980880096,10,完成; 進行; 問題; 前途; 促成; 籌備; 運動; 印度; 破壞; 省,5538,2467,81,47,81,47,ok,
full,1,global_all,global_all_p000,core,intra,100,joint_count,30,10,xianfa,憲法,zhixian,制憲,0,0,0,0.061643646451,0.0808823529412,0.123618970761,11,問題; 省; 完成; 促成; 國會; 選舉; 議會; 破壞; 主張; 湘省; 南京,14650,2467,205,47,100,47,ok,
full,1,global_all,global_all_p000,core,intra,0,joint_count,30,10,lixian,立憲,xianzheng,憲政,0,0,0,0.139419789467,0.196261682243,0.232724735345,21,實行; 籌備; 民主; 前途; 預備; 國; 基礎; 事宜; 中國; 問題; 反對; 日本; 共和; 時代; 我國; 精神; 制度; 論; 成立; 舉行,4869,5538,47,81,47,81,ok,
full,1,global_all,global_all_p000,core,cross,0,joint_count,30,10,lixian,立憲,xianfa,憲法,0,0,0,0.059414000587,0.11013215859,0.0694128388775,25,國; 實行; 問題; 民主; 共和; 宣布; 頒布; 國家; 我國; 組織; 反對; 精神; 成立; 慶祝; 主張; 不能; 政治; 君主; 論; 世界,4869,14650,47,205,47,205,ok,
full,1,global_all,global_all_p000,core,cross,0,joint_count,30,10,lixian,立憲,zhixian,制憲,0,0,0,0.035473284081,0.0561797752809,0.0452263777705,5,國民; 前途; 問題; 籌備; 主張,4869,2467,47,47,47,47,ok,
full,1,global_all,global_all_p000,core,cross,0,joint_count,30,10,xianzheng,憲政,xianfa,憲法,0,0,0,0.0872380863756,0.139442231076,0.144298689351,35,問題; 完成; 實施; 國; 實行; 施行; 成立; 促成; 民主; 擁護; 共和; 精神; 破壞; 反對; 我國; 關係; 恢復; 研究; 討論; 有關,5538,14650,81,205,81,205,ok,
full,1,global_all,global_all_p000,core,cross,0,joint_count,30,10,xianzheng,憲政,zhixian,制憲,0,0,0,0.0492402130852,0.0847457627119,0.0622980880096,10,完成; 進行; 問題; 前途; 促成; 籌備; 運動; 印度; 破壞; 省,5538,2467,81,47,81,47,ok,
full,1,global_all,global_all_p000,core,intra,0,joint_count,30,10,xianfa,憲法,zhixian,制憲,0,0,0,0.0621114286958,0.0769230769231,0.127375310724,18,問題; 省; 完成; 促成; 國會; 選舉; 議會; 破壞; 主張; 湘省; 南京; 程序; 機關; 手續; 自治; 前途; 進行; 籌備,14650,2467,205,47,205,47,ok,
full,20,global_all,global_all_p000,core,intra,20,joint_count,30,10,lixian,立憲,xianzheng,憲政,0.00565568055363,0.00657966882334,0.00486144871172,0.342329791309,0.481481481481,0.614328334764,13,政府; 國; 實行; 人民; 國家; 人; 政治; 省; 中國; 籌備; 兩; 國會; 國民,72952,98736,884,1132,20,20,ok,
full,20,global_all,global_all_p000,core,cross,20,joint_count,30,10,lixian,立憲,xianfa,憲法,0.003707293636,0.00860840004386,0.00159658310876,0.224051044862,0.290322580645,0.467031539148,9,國會; 國; 政府; 人; 人民; 省; 國家; 不能; 兩,72952,393340,884,2980,20,20,ok,
full,20,global_all,global_all_p000,core,cross,20,joint_count,30,10,lixian,立憲,zhixian,制憲,0,0,0,0.176651079591,0.25,0.373489577869,8,國會; 國民; 人; 政府; 國; 省; 不能; 兩,72952,47928,884,626,20,20,ok,
full,20,global_all,global_all_p000,core,cross,20,joint_count,30,10,xianzheng,憲政,xianfa,憲法,0.00475464142257,0.009489953006,0.00238216301419,0.230614180397,0.25,0.443473973374,8,國; 政府; 省; 人; 人民; 國家; 國會; 兩,98736,393340,1132,2980,20,20,ok,
full,20,global_all,global_all_p000,core,cross,20,joint_count,30,10,xianzheng,憲政,zhixian,制憲,0.00141006559604,0.000982417760493,0.00202386913704,0.150617703767,0.212121212121,0.344170137616,7,省; 政府; 人; 國; 兩; 國會; 國民,98736,47928,1132,626,20,20,ok,
full,20,global_all,global_all_p000,core,intra,20,joint_count,30,10,xianfa,憲法,zhixian,制憲,0.00841207767529,0.00293639090863,0.024098647972,0.307922927334,0.428571428571,0.679242400092,12,國會; 問題; 人; 政府; 省; 國; 議員; 選舉; 主張; 不能; 兩; 代表,393340,47928,2980,626,20,20,ok,
full,20,global_all,global_all_p000,core,intra,50,joint_count,30,10,lixian,立憲,xianzheng,憲政,0.00565568055363,0.00657966882334,0.00486144871172,0.318227747487,0.369863013699,0.591664798706,27,政府; 國; 實行; 人民; 國家; 人; 政治; 省; 中國; 籌備; 兩; 國會; 國民; 不能; 開; 組織; 內閣; 地方自治; 基礎; 成立,72952,98736,884,1132,50,50,ok,
full,20,global_all,global_all_p000,core,cross,50,joint_count,30,10,lixian,立憲,xianfa,憲法,0.003707293636,0.00860840004386,0.00159658310876,0.248703362211,0.315789473684,0.530793744279,24,國會; 國; 政府; 人; 人民; 省; 國家; 不能; 兩; 組織; 國民; 成立; 新; 法律; 機關; 政治; 問題; 中國; 權; 法,72952,393340,884,2980,50,50,ok,
full,20,global_all,global_all_p000,core,cross,50,joint_count,30,10,lixian,立憲,zhixian,制憲,0,0,0,0.180863806842,0.219512195122,0.397448411027,18,國會; 國民; 人; 政府; 國; 省; 不能; 兩; 開; 人民; 國家; 機關; 組織; 自治; 成立; 新; 北京; 問題,72952,47928,884,626,50,50,ok,
full,20,global_all,global_all_p000,core,cross,50,joint_count,30,10,xianzheng,憲政,xianfa,憲法,0.00475464142257,0.009489953006,0.00238216301419,0.287546134474,0.315789473684,0.544875161909,24,國; 政府; 省; 人; 人民; 國家; 國會; 問題; 不能; 兩; 組織; 成立; 代表; 國民; 新; 機關; 政治; 中國; 國民大會; 選舉,98736,393340,1132,2980,50,50,ok,
full,20,global_all,global_all_p000,core,cross,50,joint_count,30,10,xianzheng,憲政,zhixian,制憲,0.00141006559604,0.000982417760493,0.00202386913704,0.245985721985,0.333333333333,0.482250019766,25,省; 政府; 人; 國; 兩; 人民; 國會; 國民; 問題; 不能; 組織; 進行; 國民大會; 國家; 成立; 完成; 開; 派; 代表; 機關,98736,47928,1132,626,50,50,ok,
full,20,global_all,global_all_p000,core,intra,50,joint_count,30,10,xianfa,憲法,zhixian,制憲,0.00841207767529,0.00293639090863,0.024098647972,0.403100906255,0.538461538462,0.781598952697,35,國會; 問題; 人; 政府; 省; 國; 議員; 新; 制定; 人民; 選舉; 主張; 不能; 兩; 組織; 總統; 國家; 代表; 討論; 規定,393340,47928,2980,626,50,50,ok,
full,20,global_all,global_all_p000,core,intra,100,joint_count,30,10,lixian,立憲,xianzheng,憲政,0.00565568055363,0.00657966882334,0.00486144871172,0.354132329334,0.408450704225,0.649210639685,58,政府; 國; 實行; 人民; 國家; 人; 政治; 省; 中國; 籌備; 兩; 國會; 國民; 不能; 開; 組織; 內閣; 地方自治; 基礎; 成立,72952,98736,884,1132,100,100,ok,
full,20,global_all,global_all_p000,core,cross,100,joint_count,30,10,lixian,立憲,xianfa,憲法,0.003707293636,0.00860840004386,0.00159658310876,0.279927574927,0.351351351351,0.567351611659,52,國會; 國; 政府; 人; 人民; 省; 國家; 不能; 兩; 組織; 國民; 成立; 新; 法律; 機關; 政治; 問題; 中國; 議員; 議會,72952,393340,884,2980,100,100,ok,
full,20,global_all,global_all_p000,core,cross,100,joint_count,30,10,lixian,立憲,zhixian,制憲,0,0,0,0.197247795366,0.226993865031,0.454809613755,37,國會; 國民; 人; 政府; 國; 省; 不能; 兩; 開; 人民; 國家; 機關; 組織; 自治; 成立; 權; 新; 北京; 問題; 實行,72952,47928,884,626,100,100,ok,
full,20,global_all,global_all_p000,core,cross,100,joint_count,30,10,xianzheng,憲政,xianfa,憲法,0.00475464142257,0.009489953006,0.00238216301419,0.355127690521,0.438848920863,0.635097476432,61,國; 政府; 省; 人; 人民; 國家; 國會; 問題; 不能; 兩; 組織; 成立; 代表; 國民; 新; 機關; 政治; 中國; 國民大會; 選舉,98736,393340,1132,2980,100,100,ok,
full,20,global_all,global_all_p000,core,cross,100,joint_count,30,10,xianzheng,憲政,zhixian,制憲,0.00141006559604,0.000982417760493,0.00202386913704,0.26416230607,0.333333333333,0.521841678069,50,省; 政府; 人; 國; 兩; 人民; 國會; 國民; 問題; 不能; 組織; 進行; 國民大會; 國家; 成立; 完成; 開; 派; 代表; 機關,98736,47928,1132,626,100,100,ok,
full,20,global_all,global_all_p000,core,intra,100,joint_count,30,10,xianfa,憲法,zhixian,制憲,0.00841207767529,0.00293639090863,0.024098647972,0.406032928277,0.503759398496,0.793279062931,67,國會; 問題; 人; 政府; 省; 國; 議員; 新; 制定; 人民; 選舉; 主張; 不能; 兩; 組織; 總統; 國家; 代表; 討論; 規定,393340,47928,2980,626,100,100,ok,
full,20,global_all,global_all_p000,core,intra,0,joint_count,30,10,lixian,立憲,xianzheng,憲政,0.00565568055363,0.00657966882334,0.00486144871172,0.398727389442,0.431316725979,0.704642388297,606,政府; 國; 實行; 人民; 國家; 人; 政治; 省; 中國; 籌備; 兩; 國會; 國民; 不能; 開; 組織; 內閣; 地方自治; 基礎; 成立,72952,98736,884,1132,882,1129,ok,
full,20,global_all,global_all_p000,core,cross,0,joint_count,30,10,lixian,立憲,xianfa,憲法,0.003707293636,0.00860840004386,0.00159658310876,0.286426758692,0.237652341244,0.625971364124,741,國會; 國; 政府; 人; 人民; 省; 國家; 不能; 兩; 組織; 國民; 成立; 新; 法律; 機關; 政治; 問題; 中國; 議員; 議會,72952,393340,884,2980,882,2977,ok,
full,20,global_all,global_all_p000,core,cross,0,joint_count,30,10,lixian,立憲,zhixian,制憲,0,0,0,0.238154065586,0.27303465765,0.505136096426,323,國會; 國民; 人; 政府; 國; 省; 不能; 兩; 開; 人民; 國家; 機關; 組織; 自治; 成立; 權; 新; 北京; 問題; 實行,72952,47928,884,626,882,624,ok,
full,20,global_all,global_all_p000,core,cross,0,joint_count,30,10,xianzheng,憲政,xianfa,憲法,0.00475464142257,0.009489953006,0.00238216301419,0.374232885619,0.303906001905,0.714491254057,957,國; 政府; 省; 人; 人民; 國家; 國會; 問題; 不能; 兩; 組織; 成立; 代表; 國民; 新; 機關; 政治; 中國; 國民大會; 選舉,98736,393340,1132,2980,1129,2977,ok,
full,20,global_all,global_all_p000,core,cross,0,joint_count,30,10,xianzheng,憲政,zhixian,制憲,0.00141006559604,0.000982417760493,0.00202386913704,0.314356179842,0.329037149356,0.608149274568,434,省; 政府; 人; 國; 兩; 人民; 國會; 國民; 問題; 不能; 組織; 進行; 國民大會; 國家; 成立; 完成; 開; 派; 代表; 機關,98736,47928,1132,626,1129,624,ok,
full,20,global_all,global_all_p000,core,intra,0,joint_count,30,10,xianfa,憲法,zhixian,制憲,0.00841207767529,0.00293639090863,0.024098647972,0.390049875152,0.20394516884,0.831746319614,610,國會; 問題; 人; 政府; 省; 國; 議員; 新; 制定; 人民; 選舉; 主張; 不能; 兩; 組織; 總統; 國家; 代表; 討論; 規定,393340,47928,2980,626,2977,624,ok,
full,5,global_all,global_all_p000,core,intra,20,joint_count,30,10,lixian,立憲,xianzheng,憲政,0.0032842964587,0.00381027460255,0.00283092541976,0.173970654034,0.290322580645,0.30382112445,9,實行; 籌備; 國; 政府; 國家; 基礎; 中國; 政治; 人民,15222,20488,200,305,20,20,ok,
full,5,global_all,global_all_p000,core,cross,20,joint_count,30,10,lixian,立憲,xianfa,憲法,0.0025780138831,0.00604388385232,0.00109964978545,0.0823680716317,0.142857142857,0.200130942917,5,國; 國會; 政府; 國家; 人民,15222,83663,200,902,20,20,ok,
full,5,global_all,global_all_p000,core,cross,20,joint_count,30,10,lixian,立憲,zhixian,制憲,0,0,0,0.0427113894695,0.0526315789474,0.101482679709,2,國民; 國會,15222,9719,200,171,20,20,ok,
full,5,global_all,global_all_p000,core,cross,20,joint_count,30,10,xianzheng,憲政,xianfa,憲法,0.00502396766406,0.010152284264,0.00248616473232,0.13595711318,0.212121212121,0.163008431628,7,國; 省; 政府; 國家; 問題; 人民; 成立,20488,83663,305,902,20,20,ok,
full,5,global_all,global_all_p000,core,cross,20,joint_count,30,10,xianzheng,憲政,zhixian,制憲,0,0,0,0.064338886882,0.111111111111,0.0891961949278,4,進行; 完成; 省; 問題,20488,9719,305,171,20,20,ok,
full,5,global_all,global_all_p000,core,intra,20,joint_count,30,10,xianfa,憲法,zhixian,制憲,0.00638254492199,0.00217539414078,0.0187262063998,0.120128284576,0.176470588235,0.379712699179,6,國會; 問題; 省; 選舉; 人; 主張,83663,9719,902,171,20,20,ok,
full,5,global_all,global_all_p000,core,intra,50,joint_count,30,10,lixian,立憲,xianzheng,憲政,0.0032842964587,0.00381027460255,0.00283092541976,0.214677887448,0.315789473684,0.386578734721,24,實行; 籌備; 國; 政府; 國家; 基礎; 中國; 民主; 政治; 人民; 國會; 地方自治; 我國; 不能; 預備; 人; 兩; 組織; 前途; 內閣,15222,20488,200,305,50,50,ok,
full,5,global_all,global_all_p000,core,cross,50,joint_count,30,10,lixian,立憲,xianfa,憲法,0.0025780138831,0.00604388385232,0.00109964978545,0.114284249409,0.190476190476,0.261358541885,16,國; 國會; 政府; 國家; 人民; 人; 不能; 組織; 主張; 實行; 問題; 兩; 國民; 中國; 制度; 政治,15222,83663,200,902,50,50,ok,
full,5,global_all,global_all_p000,core,cross,50,joint_count,30,10,lixian,立憲,zhixian,制憲,0,0,0,0.0990498267276,0.162790697674,0.183539751145,14,國民; 國會; 政府; 人; 不能; 開; 國; 人民; 自治; 兩; 組織; 主張; 問題; 北京,15222,9719,200,171,50,50,ok,
full,5,global_all,global_all_p000,core,cross,50,joint_count,30,10,xianzheng,憲政,xianfa,憲法,0.00502396766406,0.010152284264,0.00248616473232,0.190722534689,0.282051282051,0.304441305795,22,國; 省; 政府; 國家; 問題; 人民; 國會; 成立; 國民大會; 人; 不能; 組織; 新; 實行; 實施; 施行; 兩; 完成; 機關; 國民,20488,83663,305,902,50,50,ok,
full,5,global_all,global_all_p000,core,cross,50,joint_count,30,10,xianzheng,憲政,zhixian,制憲,0,0,0,0.133285153815,0.219512195122,0.212128751891,18,進行; 完成; 省; 政府; 問題; 國會; 兩; 國; 北京; 人民; 組織; 國民大會; 不能; 人; 國民; 新; 自治; 機關,20488,9719,305,171,50,50,ok,
full,5,global_all,global_all_p000,core,intra,50,joint_count,30,10,xianfa,憲法,zhixian,制憲,0.00638254492199,0.00217539414078,0.0187262063998,0.232902856333,0.369863013699,0.566972213245,27,國會; 問題; 省; 政府; 新; 選舉; 人; 國; 主張; 議員; 人民; 總統; 國民大會; 制定; 規定; 討論; 公布; 不能; 組織; 兩,83663,9719,902,171,50,50,ok,
full,5,global_all,global_all_p000,core,intra,100,joint_count,30,10,lixian,立憲,xianzheng,憲政,0.0032842964587,0.00381027460255,0.00283092541976,0.267559272646,0.388888888889,0.422565494646,56,實行; 籌備; 國; 政府; 國家; 基礎; 中國; 民主; 政治; 人民; 國會; 地方自治; 我國; 不能; 預備; 人; 兩; 組織; 前途; 內閣,15222,20488,200,305,100,100,ok,
full,5,global_all,global_all_p000,core,cross,100,joint_count,30,10,lixian,立憲,xianfa,憲法,0.0025780138831,0.00604388385232,0.00109964978545,0.183819512608,0.333333333333,0.31728974695,50,國; 國會; 政府; 國家; 人民; 人; 不能; 組織; 主張; 實行; 問題; 兩; 成立; 省; 法律; 機關; 新; 議會; 國民; 中國,15222,83663,200,902,100,100,ok,
full,5,global_all,global_all_p000,core,cross,100,joint_count,30,10,lixian,立憲,zhixian,制憲,0,0,0,0.127196988594,0.204819277108,0.232051694037,34,國民; 國會; 政府; 人; 不能; 開; 國; 人民; 自治; 兩; 組織; 主張; 問題; 國家; 北京; 成立; 省; 機關; 中國; 新,15222,9719,200,171,100,100,ok,
full,5,global_all,global_all_p000,core,cross,100,joint_count,30,10,xianzheng,憲政,xianfa,憲法,0.00502396766406,0.010152284264,0.00248616473232,0.222116786082,0.315789473684,0.357255956641,48,國; 省; 政府; 國家; 問題; 人民; 國會; 成立; 國民大會; 人; 不能; 組織; 新; 實行; 實施; 主張; 施行; 兩; 完成; 機關,20488,83663,305,902,100,100,ok,
full,5,global_all,global_all_p000,core,cross,100,joint_count,30,10,xianzheng,憲政,zhixian,制憲,0,0,0,0.160222020589,0.234567901235,0.277498214478,38,進行; 完成; 省; 政府; 問題; 國會; 兩; 國; 北京; 人民; 組織; 國民大會; 不能; 人; 成立; 國民; 新; 自治; 機關; 開,20488,9719,305,171,100,100,ok,
full,5,global_all,global_all_p000,core,intra,100,joint_count,30,10,xianfa,憲法,zhixian,制憲,0.00638254492199,0.00217539414078,0.0187262063998,0.263781525503,0.369863013699,0.591747019883,54,國會; 問題; 省; 政府; 新; 選舉; 人; 國; 主張; 議員; 人民; 總統; 國民大會; 制定; 規定; 討論; 公布; 不能; 組織; 成立,83663,9719,902,171,100,100,ok,
full,5,global_all,global_all_p000,core,intra,0,joint_count,30,10,lixian,立憲,xianzheng,憲政,0.0032842964587,0.00381027460255,0.00283092541976,0.260236113265,0.27806122449,0.430689674634,109,實行; 籌備; 國; 政府; 國家; 基礎; 中國; 民主; 政治; 人民; 國會; 地方自治; 我國; 不能; 預備; 人; 兩; 組織; 前途; 內閣,15222,20488,200,305,198,303,ok,
full,5,global_all,global_all_p000,core,cross,0,joint_count,30,10,lixian,立憲,xianfa,憲法,0.0025780138831,0.00604388385232,0.00109964978545,0.170382453818,0.143899895725,0.342104627556,138,國; 國會; 政府; 國家; 人民; 人; 不能; 組織; 主張; 實行; 問題; 兩; 成立; 省; 法律; 機關; 新; 議會; 國民; 中國,15222,83663,200,902,198,899,ok,
full,5,global_all,global_all_p000,core,cross,0,joint_count,30,10,lixian,立憲,zhixian,制憲,0,0,0,0.129496013129,0.17571884984,0.241875835265,55,國民; 國會; 政府; 人; 不能; 開; 國; 人民; 自治; 兩; 組織; 主張; 問題; 國家; 北京; 成立; 省; 機關; 中國; 新,15222,9719,200,171,198,170,ok,
full,5,global_all,global_all_p000,core,cross,0,joint_count,30,10,xianzheng,憲政,xianfa,憲法,0.00502396766406,0.010152284264,0.00248616473232,0.237904044889,0.210473313192,0.417624532837,209,國; 省; 政府; 國家; 問題; 人民; 國會; 成立; 國民大會; 人; 不能; 組織; 新; 實行; 實施; 主張; 施行; 兩; 完成; 機關,20488,83663,305,902,303,899,ok,
full,5,global_all,global_all_p000,core,cross,0,joint_count,30,10,xianzheng,憲政,zhixian,制憲,0,0,0,0.180407632442,0.225388601036,0.310066492606,87,進行; 完成; 省; 政府; 問題; 國會; 兩; 國; 北京; 人民; 組織; 國民大會; 不能; 人; 成立; 國民; 新; 自治; 機關; 開,20488,9719,305,171,303,170,ok,
full,5,global_all,global_all_p000,core,intra,0,joint_count,30,10,xianfa,憲法,zhixian,制憲,0.00638254492199,0.00217539414078,0.0187262063998,0.246839468209,0.159436008677,0.613508486578,147,國會; 問題; 省; 政府; 新; 選舉; 人; 國; 主張; 議員; 人民; 總統; 國民大會; 制定; 規定; 討論; 公布; 不能; 組織; 成立,83663,9719,902,171,899,170,ok,
regex-only,10,global_all,global_all_p000,core,intra,20,joint_count,30,10,lixian,立憲,xianzheng,憲政,0.00601599548206,0.00869823363515,0.0041608679599,0.17710400381,0.333333333333,0.276294655952,10,政府; 實行; 籌備; 國; 自治; 政治; 地方; 人民; 內閣; 國家,33685,70418,421,836,20,20,ok,
regex-only,10,global_all,global_all_p000,core,cross,20,joint_count,30,10,lixian,立憲,xianfa,憲法,0.00345521427798,0.00958883776161,0.00124504199608,0.11828161035,0.176470588235,0.280825122579,6,國會; 政府; 國; 人; 人民; 國家,33685,259429,421,2031,20,20,ok,
regex-only,10,global_all,global_all_p000,core,cross,20,joint_count,30,10,lixian,立憲,zhixian,制憲,0,0,0,0.0900609483456,0.111111111111,0.200201582714,4,國民; 國會; 政府; 人,33685,24061,421,331,20,20,ok,
regex-only,10,global_all,global_all_p000,core,cross,20,joint_count,30,10,xianzheng,憲政,xianfa,憲法,0.00477948842438,0.00917379079213,0.00249008399215,0.110331247408,0.142857142857,0.15027664907,5,政府; 國; 省; 人民; 國家,70418,259429,836,2031,20,20,ok,
regex-only,10,global_all,global_all_p000,core,cross,20,joint_count,30,10,xianzheng,憲政,zhixian,制憲,0.00131188292716,0.0007668493851,0.00224429574831,0.0495444138176,0.0526315789474,0.0744421722716,2,省; 政府,70418,24061,836,331,20,20,ok,
regex-only,10,global_all,global_all_p000,core,intra,20,joint_count,30,10,xianfa,憲法,zhixian,制憲,0.00878402115607,0.00267510571293,0.028843356469,0.258839488835,0.333333333333,0.626740541327,10,會議; 國會; 政府; 問題; 省; 人; 新; 議員; 兩; 選舉,259429,24061,2031,331,20,20,ok,
regex-only,10,global_all,global_all_p000,core,intra,50,joint_count,30,10,lixian,立憲,xianzheng,憲政,0.00601599548206,0.00869823363515,0.0041608679599,0.229926910943,0.333333333333,0.365820546334,25,政府; 實行; 籌備; 國; 自治; 大臣; 政治; 地方; 省; 人民; 內閣; 民主; 國家; 兩; 中國; 人; 國民; 開; 諮議局; 國會,33685,70418,421,836,50,50,ok,
regex-only,10,global_all,global_all_p000,core,cross,50,joint_count,30,10,lixian,立憲,xianfa,憲法,0.00345521427798,0.00958883776161,0.00124504199608,0.158272894055,0.234567901235,0.347599233786,19,國會; 政府; 國; 人; 人民; 省; 兩; 國家; 組織; 國民; 不能; 開; 中國; 政治; 北京; 地方; 日本; 制度; 機關,33685,259429,421,2031,50,50,ok,
regex-only,10,global_all,global_all_p000,core,cross,50,joint_count,30,10,lixian,立憲,zhixian,制憲,0,0,0,0.128322109419,0.162790697674,0.280186234856,14,國民; 國會; 政府; 人; 省; 國; 自治; 不能; 人民; 兩; 開; 組織; 北京; 機關,33685,24061,421,331,50,50,ok,
regex-only,10,global_all,global_all_p000,core,cross,50,joint_count,30,10,xianzheng,憲政,xianfa,憲法,0.00477948842438,0.00917379079213,0.00249008399215,0.216515255192,0.298701298701,0.318772717921,23,政府; 國; 省; 人民; 會議; 國家; 兩; 人; 國會; 新; 國民; 議員; 開; 成立; 問題; 組織; 選舉; 中國; 不能; 政治,70418,259429,836,2031,50,50,ok,
regex-only,10,global_all,global_all_p000,core,cross,50,joint_count,30,10,xianzheng,憲政,zhixian,制憲,0.00131188292716,0.0007668493851,0.00224429574831,0.180825143614,0.282051282051,0.299988918981,22,省; 政府; 北京; 國; 自治; 人民; 會議; 兩; 人; 成立; 完成; 進行; 國民; 開; 國會; 新; 議員; 問題; 組織; 選舉,70418,24061,836,331,50,50,ok,
regex-only,10,global_all,global_all_p000,core,intra,50,joint_count,30,10,xianfa,憲法,zhixian,制憲,0.00878402115607,0.00267510571293,0.028843356469,0.374373355336,0.515151515152,0.754108834962,34,會議; 國會; 政府; 問題; 省; 人; 新; 議員; 兩; 國; 選舉; 人民; 委員會; 總統; 制定; 主張; 起草; 代表; 討論; 組織,259429,24061,2031,331,50,50,ok,
regex-only,10,global_all,global_all_p000,core,intra,100,joint_count,30,10,lixian,立憲,xianzheng,憲政,0.00601599548206,0.00869823363515,0.0041608679599,0.275244998367,0.379310344828,0.427693947062,55,政府; 實行; 籌備; 國; 自治; 大臣; 政治; 地方; 省; 人民; 內閣; 民主; 國家; 兩; 中國; 人; 國民; 開; 諮議局; 國會,33685,70418,421,836,100,100,ok,
regex-only,10,global_all,global_all_p000,core,cross,100,joint_count,30,10,lixian,立憲,xianfa,憲法,0.00345521427798,0.00958883776161,0.00124504199608,0.206274760142,0.290322580645,0.424723752689,45,國會; 政府; 國; 人; 人民; 省; 兩; 國家; 組織; 國民; 不能; 新; 開; 問題; 中國; 成立; 法律; 主張; 議會; 政治,33685,259429,421,2031,100,100,ok,
regex-only,10,global_all,global_all_p000,core,cross,100,joint_count,30,10,lixian,立憲,zhixian,制憲,0,0,0,0.165278366006,0.219512195122,0.361740827595,36,國民; 國會; 政府; 人; 省; 國; 自治; 不能; 人民; 兩; 開; 組織; 北京; 機關; 新; 問題; 成立; 國家; 政治; 權,33685,24061,421,331,100,100,ok,
regex-only,10,global_all,global_all_p000,core,cross,100,joint_count,30,10,xianzheng,憲政,xianfa,憲法,0.00477948842438,0.00917379079213,0.00249008399215,0.233014588127,0.290322580645,0.370017130002,45,政府; 國; 省; 人民; 會議; 國家; 兩; 人; 國會; 新; 國民; 議員; 開; 成立; 問題; 組織; 選舉; 中國; 不能; 政治,70418,259429,836,2031,100,100,ok,
regex-only,10,global_all,global_all_p000,core,cross,100,joint_count,30,10,xianzheng,憲政,zhixian,制憲,0.00131188292716,0.0007668493851,0.00224429574831,0.194895535585,0.26582278481,0.334598077484,42,省; 政府; 北京; 國; 自治; 人民; 會議; 兩; 人; 成立; 完成; 進行; 國民; 開; 國會; 新; 議員; 問題; 組織; 選舉,70418,24061,836,331,100,100,ok,
regex-only,10,global_all,global_all_p000,core,intra,100,joint_count,30,10,xianfa,憲法,zhixian,制憲,0.00878402115607,0.00267510571293,0.028843356469,0.384017067206,0.481481481481,0.770953019843,65,會議; 國會; 政府; 問題; 省; 人; 新; 議員; 兩; 國; 選舉; 人民; 委員會; 總統; 制定; 主張; 起草; 代表; 討論; 組織,259429,24061,2031,331,100,100,ok,
regex-only,10,global_all,global_all_p000,core,intra,0,joint_count,30,10,lixian,立憲,xianzheng,憲政,0.00601599548206,0.00869823363515,0.0041608679599,0.309508890379,0.339037433155,0.48039454144,317,政府; 實行; 籌備; 國; 自治; 大臣; 政治; 地方; 省; 人民; 內閣; 民主; 國家; 兩; 中國; 人; 國民; 開; 諮議局; 國會,33685,70418,421,836,419,833,ok,
regex-only,10,global_all,global_all_p000,core,cross,0,joint_count,30,10,lixian,立憲,xianfa,憲法,0.00345521427798,0.00958883776161,0.00124504199608,0.219131912772,0.163022813688,0.476976041814,343,國會; 政府; 國; 人; 人民; 省; 兩; 國家; 組織; 國民; 不能; 新; 開; 問題; 中國; 成立; 法律; 主張; 議會; 政治,33685,259429,421,2031,419,2028,ok,
regex-only,10,global_all,global_all_p000,core,cross,0,joint_count,30,10,lixian,立憲,zhixian,制憲,0,0,0,0.192503900842,0.252931323283,0.396072466418,151,國民; 國會; 政府; 人; 省; 國; 自治; 不能; 人民; 兩; 開; 組織; 北京; 機關; 新; 問題; 成立; 國家; 政治; 權,33685,24061,421,331,419,329,ok,
regex-only,10,global_all,global_all_p000,core,cross,0,joint_count,30,10,xianzheng,憲政,xianfa,憲法,0.00477948842438,0.00917379079213,0.00249008399215,0.294139977766,0.264809902741,0.4736249548,599,政府; 國; 省; 人民; 會議; 國家; 兩; 人; 國會; 新; 國民; 議員; 開; 成立; 問題; 組織; 選舉; 中國; 不能; 政治,70418,259429,836,2031,833,2028,ok,
regex-only,10,global_all,global_all_p000,core,cross,0,joint_count,30,10,xianzheng,憲政,zhixian,制憲,0.00131188292716,0.0007668493851,0.00224429574831,0.234548911637,0.245444801715,0.405328763085,229,省; 政府; 北京; 國; 自治; 人民; 會議; 兩; 人; 成立; 完成; 進行; 國民; 開; 國會; 新; 議員; 問題; 組織; 選舉,70418,24061,836,331,833,329,ok,
regex-only,10,global_all,global_all_p000,core,intra,0,joint_count,30,10,xianfa,憲法,zhixian,制憲,0.00878402115607,0.00267510571293,0.028843356469,0.346470164454,0.154826065654,0.796311331815,316,會議; 國會; 政府; 問題; 省; 人; 新; 議員; 兩; 國; 選舉; 人民; 委員會; 總統; 制定; 主張; 起草; 代表; 討論; 組織,259429,24061,2031,331,2028,329,ok,
regex-only,1,global_all,global_all_p000,core,intra,20,joint_count,30,10,lixian,立憲,xianzheng,憲政,0,0,0,0.0852017272366,0.142857142857,0.072671185864,5,籌備; 實行; 民主; 前途; 基礎,4911,9400,48,100,20,20,ok,
regex-only,1,global_all,global_all_p000,core,cross,20,joint_count,30,10,lixian,立憲,xianfa,憲法,0,0,0,0.0119098257402,0.025641025641,0.0139210365106,1,國,4911,24757,48,268,20,20,ok,
regex-only,1,global_all,global_all_p000,core,cross,20,joint_count,30,10,lixian,立憲,zhixian,制憲,0,0,0,0.0248487378717,0.025641025641,0.0375635995933,1,國民,4911,2830,48,51,20,20,ok,
regex-only,1,global_all,global_all_p000,core,cross,20,joint_count,30,10,xianzheng,憲政,xianfa,憲法,0,0,0,0,0,0,0,,9400,24757,100,268,20,20,ok,
regex-only,1,global_all,global_all_p000,core,cross,20,joint_count,30,10,xianzheng,憲政,zhixian,制憲,0,0,0,0.0158164650874,0.0526315789474,0.00735551173697,2,完成; 進行,9400,2830,100,51,20,20,ok,
regex-only,1,global_all,global_all_p000,core,intra,20,joint_count,30,10,xianfa,憲法,zhixian,制憲,0,0,0,0.0976335699918,0.0810810810811,0.274426421302,3,會議; 問題; 省,24757,2830,268,51,20,20,ok,
regex-only,1,global_all,global_all_p000,core,intra,50,joint_count,30,10,lixian,立憲,xianzheng,憲政,0,0,0,0.106915498404,0.19512195122,0.100754074583,16,籌備; 實行; 民主; 前途; 基礎; 事宜; 預備; 國; 問題; 中國; 政府; 公會; 日本; 反對; 成立; 諭旨,4911,9400,48,100,48,50,ok,
regex-only,1,global_all,global_all_p000,core,cross,50,joint_count,30,10,lixian,立憲,xianfa,憲法,0,0,0,0.0369362050278,0.101123595506,0.0322266216939,9,國; 日本; 問題; 實行; 中國; 頒布; 組織; 宣布; 成立,4911,24757,48,268,48,50,ok,
regex-only,1,global_all,global_all_p000,core,cross,50,joint_count,30,10,lixian,立憲,zhixian,制憲,0,0,0,0.0365656947268,0.0652173913043,0.0483061290079,6,國民; 前途; 問題; 籌備; 主張; 組織,4911,2830,48,51,48,50,ok,
regex-only,1,global_all,global_all_p000,core,cross,50,joint_count,30,10,xianzheng,憲政,xianfa,憲法,0,0,0,0.0460762641687,0.123595505618,0.0326600909685,11,完成; 實施; 問題; 研究會; 成立; 國; 實行; 中國; 施行; 日本; 促成,9400,24757,100,268,50,50,ok,
regex-only,1,global_all,global_all_p000,core,cross,50,joint_count,30,10,xianzheng,憲政,zhixian,制憲,0,0,0,0.034402235492,0.0752688172043,0.0247431232321,7,完成; 籌備處; 前途; 進行; 問題; 籌備; 促成,9400,2830,100,51,50,50,ok,
regex-only,1,global_all,global_all_p000,core,intra,50,joint_count,30,10,xianfa,憲法,zhixian,制憲,0,0,0,0.100739476495,0.111111111111,0.284652999508,10,會議; 問題; 省; 完成; 委員會; 印度; 選舉; 國會; 組織; 促成,24757,2830,268,51,50,50,ok,
regex-only,1,global_all,global_all_p000,core,intra,100,joint_count,30,10,lixian,立憲,xianzheng,憲政,0,0,0,0.112295166842,0.20325203252,0.103800647249,25,籌備; 實行; 民主; 前途; 基礎; 事宜; 預備; 國; 問題; 中國; 政府; 公會; 日本; 反對; 成立; 諭旨; 共和; 時代; 精神; 我國,4911,9400,48,100,48,100,ok,
regex-only,1,global_all,global_all_p000,core,cross,100,joint_count,30,10,lixian,立憲,xianfa,憲法,0,0,0,0.0490900205228,0.129770992366,0.0402709549654,17,國; 日本; 問題; 實行; 中國; 頒布; 組織; 宣布; 我國; 民主; 共和; 成立; 國家; 反對; 政府; 主張; 精神,4911,24757,48,268,48,100,ok,
regex-only,1,global_all,global_all_p000,core,cross,100,joint_count,30,10,lixian,立憲,zhixian,制憲,0,0,0,0.0364652554897,0.0645161290323,0.0482896925743,6,國民; 前途; 問題; 籌備; 主張; 組織,4911,2830,48,51,48,51,ok,
regex-only,1,global_all,global_all_p000,core,cross,100,joint_count,30,10,xianzheng,憲政,xianfa,憲法,0,0,0,0.0728308790084,0.197604790419,0.04572448185,33,完成; 實施; 問題; 研究會; 成立; 國; 實行; 中國; 施行; 日本; 促成; 民主; 擁護; 大臣; 英國; 反對; 政府; 共和; 印度; 精神,9400,24757,100,268,100,100,ok,
regex-only,1,global_all,global_all_p000,core,cross,100,joint_count,30,10,xianzheng,憲政,zhixian,制憲,0,0,0,0.0400596151756,0.0942028985507,0.0296054427785,13,完成; 籌備處; 前途; 進行; 問題; 籌備; 促成; 運動; 印度; 省; 破壞; 會議; 組織,9400,2830,100,51,100,51,ok,
regex-only,1,global_all,global_all_p000,core,intra,100,joint_count,30,10,xianfa,憲法,zhixian,制憲,0,0,0,0.100741378033,0.110294117647,0.296513390833,15,會議; 問題; 省; 完成; 委員會; 印度; 選舉; 國會; 組織; 促成; 議會; 破壞; 主張; 江蘇省; 南京,24757,2830,268,51,100,51,ok,
regex-only,1,global_all,global_all_p000,core,intra,0,joint_count,30,10,lixian,立憲,xianzheng,憲政,0,0,0,0.112295166842,0.20325203252,0.103800647249,25,籌備; 實行; 民主; 前途; 基礎; 事宜; 預備; 國; 問題; 中國; 政府; 公會; 日本; 反對; 成立; 諭旨; 共和; 時代; 精神; 我國,4911,9400,48,100,48,100,ok,
regex-only,1,global_all,global_all_p000,core,cross,0,joint_count,30,10,lixian,立憲,xianfa,憲法,0,0,0,0.0517185903241,0.0972222222222,0.0450312584954,28,國; 日本; 問題; 實行; 中國; 頒布; 組織; 宣布; 我國; 民主; 共和; 成立; 國家; 反對; 政府; 主張; 精神; 不能; 慶祝; 舉行,4911,24757,48,268,48,268,ok,
regex-only,1,global_all,global_all_p000,core,cross,0,joint_count,30,10,lixian,立憲,zhixian,制憲,0,0,0,0.0364652554897,0.0645161290323,0.0482896925743,6,國民; 前途; 問題; 籌備; 主張; 組織,4911,2830,48,51,48,51,ok,
regex-only,1,global_all,global_all_p000,core,cross,0,joint_count,30,10,xianzheng,憲政,xianfa,憲法,0,0,0,0.0765112068831,0.153605015674,0.0480209398383,49,完成; 實施; 問題; 研究會; 成立; 國; 實行; 中國; 施行; 日本; 促成; 民主; 擁護; 大臣; 英國; 反對; 政府; 共和; 印度; 精神,9400,24757,100,268,100,268,ok,
regex-only,1,global_all,global_all_p000,core,cross,0,joint_count,30,10,xianzheng,憲政,zhixian,制憲,0,0,0,0.0400596151756,0.0942028985507,0.0296054427785,13,完成; 籌備處; 前途; 進行; 問題; 籌備; 促成; 運動; 印度; 省; 破壞; 會議; 組織,9400,2830,100,51,100,51,ok,
regex-only,1,global_all,global_all_p000,core,intra,0,joint_count,30,10,xianfa,憲法,zhixian,制憲,0,0,0,0.0983179335743,0.0924657534247,0.300135473436,27,會議; 問題; 省; 完成; 委員會; 印度; 選舉; 國會; 組織; 促成; 議會; 破壞; 主張; 江蘇省; 南京; 湘省; 大會; 程序; 自治; 機關,24757,2830,268,51,268,51,ok,
regex-only,20,global_all,global_all_p000,core,intra,20,joint_count,30,10,lixian,立憲,xianzheng,憲政,0.00572870350457,0.00802872322103,0.0040875794245,0.248732207205,0.379310344828,0.419265878801,11,政府; 國; 自治; 大臣; 政治; 實行; 省; 地方; 人民; 人; 內閣,75479,148254,887,1501,20,20,ok,
regex-only,20,global_all,global_all_p000,core,cross,20,joint_count,30,10,lixian,立憲,xianfa,憲法,0.00354987498396,0.00949933093973,0.00132657894347,0.176901188528,0.212121212121,0.398705580911,7,國會; 政府; 人; 國; 省; 人民; 國家,75479,540488,887,3429,20,20,ok,
regex-only,20,global_all,global_all_p000,core,cross,20,joint_count,30,10,lixian,立憲,zhixian,制憲,0,0,0,0.160682000323,0.212121212121,0.352779847989,7,國民; 國會; 政府; 人; 省; 國; 不能,75479,53791,887,652,20,20,ok,
regex-only,20,global_all,global_all_p000,core,cross,20,joint_count,30,10,xianzheng,憲政,xianfa,憲法,0.00444410593919,0.00848543715515,0.00232752623555,0.162386940423,0.176470588235,0.284984196715,6,政府; 國; 省; 人民; 人; 兩,148254,540488,1501,3429,20,20,ok,
regex-only,20,global_all,global_all_p000,core,cross,20,joint_count,30,10,xianzheng,憲政,zhixian,制憲,0.0011981901878,0.000721734320828,0.00198918034615,0.120545851356,0.142857142857,0.227066865221,5,省; 政府; 國; 人; 兩,148254,53791,1501,652,20,20,ok,
regex-only,20,global_all,global_all_p000,core,intra,20,joint_count,30,10,xianfa,憲法,zhixian,制憲,0.00900244636716,0.00284002605053,0.0285363722556,0.350283079862,0.428571428571,0.737626647004,12,國會; 會議; 政府; 人; 問題; 議員; 省; 國; 兩; 新; 選舉; 代表,540488,53791,3429,652,20,20,ok,
regex-only,20,global_all,global_all_p000,core,intra,50,joint_count,30,10,lixian,立憲,xianzheng,憲政,0.00572870350457,0.00802872322103,0.0040875794245,0.275101488184,0.333333333333,0.505488109922,25,政府; 國; 自治; 大臣; 政治; 實行; 省; 地方; 人民; 人; 籌備; 兩; 內閣; 國家; 中國; 國民; 開; 國會; 設; 組織,75479,148254,887,1501,50,50,ok,
regex-only,20,global_all,global_all_p000,core,cross,50,joint_count,30,10,lixian,立憲,xianfa,憲法,0.00354987498396,0.00949933093973,0.00132657894347,0.222462810561,0.282051282051,0.470913476285,22,國會; 政府; 人; 國; 省; 人民; 兩; 國家; 國民; 不能; 組織; 政治; 新; 開; 法律; 成立; 中國; 法; 地方; 北京,75479,540488,887,3429,50,50,ok,
regex-only,20,global_all,global_all_p000,core,cross,50,joint_count,30,10,lixian,立憲,zhixian,制憲,0,0,0,0.173494483059,0.204819277108,0.384622813443,17,國民; 國會; 政府; 人; 省; 國; 兩; 不能; 人民; 自治; 開; 國家; 機關; 組織; 北京; 新; 成立,75479,53791,887,652,50,50,ok,
regex-only,20,global_all,global_all_p000,core,cross,50,joint_count,30,10,xianzheng,憲政,xianfa,憲法,0.00444410593919,0.00848543715515,0.00232752623555,0.266489384296,0.315789473684,0.463372805252,24,政府; 國; 省; 人民; 人; 兩; 會議; 國家; 議員; 國會; 國民; 選舉; 政治; 組織; 新; 不能; 開; 代表; 問題; 成立,148254,540488,1501,3429,50,50,ok,
regex-only,20,global_all,global_all_p000,core,cross,50,joint_count,30,10,xianzheng,憲政,zhixian,制憲,0.0011981901878,0.000721734320828,0.00198918034615,0.238467047053,0.333333333333,0.450148597808,25,省; 政府; 國; 人; 兩; 人民; 會議; 自治; 北京; 議員; 國民; 開; 國會; 選舉; 成立; 國家; 組織; 新; 不能; 代表,148254,53791,1501,652,50,50,ok,
regex-only,20,global_all,global_all_p000,core,intra,50,joint_count,30,10,xianfa,憲法,zhixian,制憲,0.00900244636716,0.00284002605053,0.0285363722556,0.441599538615,0.538461538462,0.818903066365,35,國會; 會議; 政府; 人; 問題; 議員; 省; 國; 兩; 新; 選舉; 人民; 代表; 制定; 主張; 總統; 討論; 委員會; 國民; 組織,540488,53791,3429,652,50,50,ok,
regex-only,20,global_all,global_all_p000,core,intra,100,joint_count,30,10,lixian,立憲,xianzheng,憲政,0.00572870350457,0.00802872322103,0.0040875794245,0.333751725197,0.418439716312,0.576766609411,59,政府; 國; 自治; 大臣; 政治; 實行; 省; 地方; 人民; 人; 籌備; 兩; 內閣; 國家; 中國; 國民; 開; 國會; 設; 組織,75479,148254,887,1501,100,100,ok,
regex-only,20,global_all,global_all_p000,core,cross,100,joint_count,30,10,lixian,立憲,xianfa,憲法,0.00354987498396,0.00949933093973,0.00132657894347,0.252719427537,0.307189542484,0.535342565978,47,國會; 政府; 人; 國; 省; 人民; 兩; 國家; 國民; 不能; 組織; 政治; 新; 開; 法律; 成立; 中國; 問題; 議會; 法,75479,540488,887,3429,100,100,ok,
regex-only,20,global_all,global_all_p000,core,cross,100,joint_count,30,10,lixian,立憲,zhixian,制憲,0,0,0,0.202836896139,0.242236024845,0.465740744596,39,國民; 國會; 政府; 人; 省; 國; 兩; 不能; 人民; 自治; 開; 國家; 機關; 組織; 北京; 新; 政治; 成立; 議會; 問題,75479,53791,887,652,100,100,ok,
regex-only,20,global_all,global_all_p000,core,cross,100,joint_count,30,10,xianzheng,憲政,xianfa,憲法,0.00444410593919,0.00848543715515,0.00232752623555,0.304709230449,0.379310344828,0.532505851546,55,政府; 國; 省; 人民; 人; 兩; 會議; 國家; 議員; 國會; 國民; 選舉; 政治; 組織; 新; 不能; 開; 代表; 問題; 成立,148254,540488,1501,3429,100,100,ok,
regex-only,20,global_all,global_all_p000,core,cross,100,joint_count,30,10,xianzheng,憲政,zhixian,制憲,0.0011981901878,0.000721734320828,0.00198918034615,0.245592318842,0.315789473684,0.478554264117,48,省; 政府; 國; 人; 兩; 人民; 會議; 自治; 北京; 議員; 國民; 開; 國會; 選舉; 成立; 國家; 組織; 新; 不能; 政治,148254,53791,1501,652,100,100,ok,
regex-only,20,global_all,global_all_p000,core,intra,100,joint_count,30,10,xianfa,憲法,zhixian,制憲,0.00900244636716,0.00284002605053,0.0285363722556,0.461098944086,0.550387596899,0.84167305579,71,國會; 會議; 政府; 人; 問題; 議員; 省; 國; 兩; 新; 選舉; 人民; 代表; 制定; 主張; 總統; 討論; 委員會; 國民; 組織,540488,53791,3429,652,100,100,ok,
regex-only,20,global_all,global_all_p000,core,intra,0,joint_count,30,10,lixian,立憲,xianzheng,憲政,0.00572870350457,0.00802872322103,0.0040875794245,0.375236918771,0.400117508813,0.64165659268,681,政府; 國; 自治; 大臣; 政治; 實行; 省; 地方; 人民; 人; 籌備; 兩; 內閣; 國家; 中國; 國民; 開; 國會; 設; 組織,75479,148254,887,1501,885,1498,ok,
regex-only,20,global_all,global_all_p000,core,cross,0,joint_count,30,10,lixian,立憲,xianfa,憲法,0.00354987498396,0.00949933093973,0.00132657894347,0.275611760516,0.217452696978,0.603143404748,770,國會; 政府; 人; 國; 省; 人民; 兩; 國家; 國民; 不能; 組織; 政治; 新; 開; 法律; 成立; 中國; 問題; 議會; 法,75479,540488,887,3429,885,3426,ok,
regex-only,20,global_all,global_all_p000,core,cross,0,joint_count,30,10,lixian,立憲,zhixian,制憲,0,0,0,0.239861956089,0.279166666667,0.513043160926,335,國民; 國會; 政府; 人; 省; 國; 兩; 不能; 人民; 自治; 開; 國家; 機關; 組織; 北京; 新; 政治; 成立; 議會; 問題,75479,53791,887,652,885,650,ok,
regex-only,20,global_all,global_all_p000,core,cross,0,joint_count,30,10,xianzheng,憲政,xianfa,憲法,0.00444410593919,0.00848543715515,0.00232752623555,0.355260128874,0.321524422974,0.625520132648,1198,政府; 國; 省; 人民; 人; 兩; 會議; 國家; 議員; 國會; 國民; 選舉; 政治; 組織; 新; 不能; 開; 代表; 問題; 成立,148254,540488,1501,3429,1498,3426,ok,
regex-only,20,global_all,global_all_p000,core,cross,0,joint_count,30,10,xianzheng,憲政,zhixian,制憲,0.0011981901878,0.000721734320828,0.00198918034615,0.290101167338,0.290865384615,0.559231714798,484,省; 政府; 國; 人; 兩; 人民; 會議; 自治; 北京; 議員; 國民; 開; 國會; 選舉; 成立; 國家; 組織; 新; 不能; 政治,148254,53791,1501,652,1498,650,ok,
regex-only,20,global_all,global_all_p000,core,intra,0,joint_count,30,10,xianfa,憲法,zhixian,制憲,0.00900244636716,0.00284002605053,0.0285363722556,0.412851491667,0.185573007563,0.867514449934,638,國會; 會議; 政府; 人; 問題; 議員; 省; 國; 兩; 新; 選舉; 人民; 代表; 制定; 主張; 總統; 討論; 委員會; 國民; 組織,540488,53791,3429,652,3426,650,ok,
regex-only,5,global_all,global_all_p000,core,intra,20,joint_count,30,10,lixian,立憲,xianzheng,憲政,0.00401184237249,0.00580185407076,0.00277409238934,0.099276216784,0.176470588235,0.148231820702,6,籌備; 實行; 政府; 自治; 國; 政治,15857,33164,201,434,20,20,ok,
regex-only,5,global_all,global_all_p000,core,cross,20,joint_count,30,10,lixian,立憲,xianfa,憲法,0.00241926991053,0.00674780853882,0.000867372994707,0.0726480767315,0.142857142857,0.169650959388,5,國會; 國; 政府; 人民; 國家,15857,123361,201,1138,20,20,ok,
regex-only,5,global_all,global_all_p000,core,cross,20,joint_count,30,10,lixian,立憲,zhixian,制憲,0,0,0,0.0605145694739,0.0810810810811,0.128240433752,3,國民; 國會; 政府,15857,11093,201,181,20,20,ok,
regex-only,5,global_all,global_all_p000,core,cross,20,joint_count,30,10,xianzheng,憲政,xianfa,憲法,0.00417435007366,0.00805089856471,0.00216437934193,0.0558781342524,0.0810810810811,0.0564054665841,3,政府; 省; 國,33164,123361,434,1138,20,20,ok,
regex-only,5,global_all,global_all_p000,core,cross,20,joint_count,30,10,xianzheng,憲政,zhixian,制憲,0,0,0,0.0456948068657,0.0810810810811,0.0457520729333,3,省; 政府; 進行,33164,11093,434,181,20,20,ok,
regex-only,5,global_all,global_all_p000,core,intra,20,joint_count,30,10,xianfa,憲法,zhixian,制憲,0.00667703274613,0.00200225354853,0.0222662940593,0.183342492344,0.25,0.484389148394,8,會議; 國會; 問題; 政府; 省; 選舉; 議員; 人,123361,11093,1138,181,20,20,ok,
regex-only,5,global_all,global_all_p000,core,intra,50,joint_count,30,10,lixian,立憲,xianzheng,憲政,0.00401184237249,0.00580185407076,0.00277409238934,0.180446697868,0.315789473684,0.24738910483,24,籌備; 實行; 政府; 民主; 自治; 國; 基礎; 政治; 國家; 中國; 地方; 內閣; 大臣; 人民; 前途; 兩; 諮議局; 國會; 問題; 開,15857,33164,201,434,50,50,ok,
regex-only,5,global_all,global_all_p000,core,cross,50,joint_count,30,10,lixian,立憲,xianfa,憲法,0.00241926991053,0.00674780853882,0.000867372994707,0.116788058597,0.219512195122,0.233169642962,18,國會; 國; 政府; 人民; 國家; 人; 兩; 組織; 開; 主張; 問題; 不能; 日本; 中國; 國民; 地方; 制度; 實行,15857,123361,201,1138,50,50,ok,
regex-only,5,global_all,global_all_p000,core,cross,50,joint_count,30,10,lixian,立憲,zhixian,制憲,0,0,0,0.0969387167565,0.149425287356,0.18879299538,13,國民; 國會; 政府; 人; 自治; 不能; 開; 國; 人民; 兩; 組織; 主張; 問題,15857,11093,201,181,50,50,ok,
regex-only,5,global_all,global_all_p000,core,cross,50,joint_count,30,10,xianzheng,憲政,xianfa,憲法,0.00417435007366,0.00805089856471,0.00216437934193,0.144689164077,0.234567901235,0.173167742316,19,政府; 省; 國; 國家; 會議; 問題; 成立; 人民; 兩; 新; 國會; 開; 人; 中國; 組織; 國民; 北京; 地方; 實行,33164,123361,434,1138,50,50,ok,
regex-only,5,global_all,global_all_p000,core,cross,50,joint_count,30,10,xianzheng,憲政,zhixian,制憲,0,0,0,0.111830480779,0.204819277108,0.152573464091,17,省; 政府; 進行; 自治; 完成; 北京; 會議; 國; 問題; 人民; 兩; 新; 國會; 開; 人; 國民; 組織,33164,11093,434,181,50,50,ok,
regex-only,5,global_all,global_all_p000,core,intra,50,joint_count,30,10,xianfa,憲法,zhixian,制憲,0.00667703274613,0.00200225354853,0.0222662940593,0.279212046882,0.408450704225,0.627769914888,29,會議; 國會; 問題; 政府; 省; 委員會; 新; 選舉; 總統; 議員; 人; 國; 兩; 討論; 人民; 起草; 制定; 規定; 主張; 國民大會,123361,11093,1138,181,50,50,ok,
regex-only,5,global_all,global_all_p000,core,intra,100,joint_count,30,10,lixian,立憲,xianzheng,憲政,0.00401184237249,0.00580185407076,0.00277409238934,0.214913937168,0.333333333333,0.274518083845,50,籌備; 實行; 政府; 民主; 自治; 國; 基礎; 政治; 國家; 中國; 地方; 內閣; 大臣; 人民; 前途; 兩; 諮議局; 國會; 問題; 開,15857,33164,201,434,100,100,ok,
regex-only,5,global_all,global_all_p000,core,cross,100,joint_count,30,10,lixian,立憲,xianfa,憲法,0.00241926991053,0.00674780853882,0.000867372994707,0.162100959691,0.282051282051,0.291110028011,44,國會; 國; 政府; 人民; 國家; 人; 兩; 組織; 開; 主張; 問題; 不能; 日本; 中國; 省; 國民; 北京; 成立; 法律; 議會,15857,123361,201,1138,100,100,ok,
regex-only,5,global_all,global_all_p000,core,cross,100,joint_count,30,10,lixian,立憲,zhixian,制憲,0,0,0,0.129756647425,0.212121212121,0.241839135811,35,國民; 國會; 政府; 人; 自治; 不能; 開; 國; 人民; 兩; 組織; 主張; 問題; 北京; 省; 國家; 成立; 機關; 議會; 新,15857,11093,201,181,100,100,ok,
regex-only,5,global_all,global_all_p000,core,cross,100,joint_count,30,10,xianzheng,憲政,xianfa,憲法,0.00417435007366,0.00805089856471,0.00216437934193,0.180352768423,0.26582278481,0.227934559213,42,政府; 省; 國; 國家; 會議; 問題; 成立; 人民; 兩; 新; 國會; 開; 人; 中國; 組織; 國民; 北京; 地方; 國民大會; 不能,33164,123361,434,1138,100,100,ok,
regex-only,5,global_all,global_all_p000,core,cross,100,joint_count,30,10,xianzheng,憲政,zhixian,制憲,0,0,0,0.139720442772,0.226993865031,0.197607547726,37,省; 政府; 進行; 自治; 完成; 北京; 會議; 國; 問題; 人民; 成立; 兩; 新; 國會; 開; 人; 國民; 擬; 組織; 國家,33164,11093,434,181,100,100,ok,
regex-only,5,global_all,global_all_p000,core,intra,100,joint_count,30,10,xianfa,憲法,zhixian,制憲,0.00667703274613,0.00200225354853,0.0222662940593,0.312126007191,0.428571428571,0.652354665915,60,會議; 國會; 問題; 政府; 省; 委員會; 新; 選舉; 總統; 議員; 人; 國; 兩; 討論; 人民; 起草; 制定; 規定; 主張; 國民大會,123361,11093,1138,181,100,100,ok,
regex-only,5,global_all,global_all_p000,core,intra,0,joint_count,30,10,lixian,立憲,xianzheng,憲政,0.00401184237249,0.00580185407076,0.00277409238934,0.231600787035,0.259481037924,0.29523242697,130,籌備; 實行; 政府; 民主; 自治; 國; 基礎; 政治; 國家; 中國; 地方; 內閣; 大臣; 人民; 前途; 兩; 諮議局; 國會; 問題; 開,15857,33164,201,434,199,432,ok,
regex-only,5,global_all,global_all_p000,core,cross,0,joint_count,30,10,lixian,立憲,xianfa,憲法,0.00241926991053,0.00674780853882,0.000867372994707,0.160214092433,0.123841617523,0.320080676647,147,國會; 國; 政府; 人民; 國家; 人; 兩; 組織; 開; 主張; 問題; 不能; 日本; 中國; 省; 國民; 北京; 成立; 法律; 議會,15857,123361,201,1138,199,1135,ok,
regex-only,5,global_all,global_all_p000,core,cross,0,joint_count,30,10,lixian,立憲,zhixian,制憲,0,0,0,0.131554101231,0.17701863354,0.254679469038,57,國民; 國會; 政府; 人; 自治; 不能; 開; 國; 人民; 兩; 組織; 主張; 問題; 北京; 省; 國家; 成立; 機關; 議會; 新,15857,11093,201,181,199,180,ok,
regex-only,5,global_all,global_all_p000,core,cross,0,joint_count,30,10,xianzheng,憲政,xianfa,憲法,0.00417435007366,0.00805089856471,0.00216437934193,0.22006217901,0.215671062839,0.289833703314,278,政府; 省; 國; 國家; 會議; 問題; 成立; 人民; 兩; 新; 國會; 開; 人; 中國; 組織; 國民; 北京; 地方; 國民大會; 不能,33164,123361,434,1138,432,1135,ok,
regex-only,5,global_all,global_all_p000,core,cross,0,joint_count,30,10,xianzheng,憲政,zhixian,制憲,0,0,0,0.162228588219,0.202357563851,0.231807367857,103,省; 政府; 進行; 自治; 完成; 北京; 會議; 國; 問題; 人民; 成立; 兩; 新; 國會; 開; 人; 國民; 擬; 組織; 國家,33164,11093,434,181,432,180,ok,
regex-only,5,global_all,global_all_p000,core,intra,0,joint_count,30,10,xianfa,憲法,zhixian,制憲,0.00667703274613,0.00200225354853,0.0222662940593,0.27342694191,0.139514731369,0.669757120313,161,會議; 國會; 問題; 政府; 省; 委員會; 新; 選舉; 總統; 議員; 人; 國; 兩; 討論; 人民; 起草; 制定; 規定; 主張; 國民大會,123361,11093,1138,181,1135,180,ok,
strict,10,global_all,global_all_p000,core,intra,20,joint_count,30,10,lixian,立憲,xianzheng,憲政,0.00581098692875,0.00683350543643,0.00494147102102,0.21342688407,0.290322580645,0.401185869035,9,實行; 政府; 國; 籌備; 政治; 人民; 自治; 國家; 中國,32926,45533,416,612,20,20,ok,
strict,10,global_all,global_all_p000,core,cross,20,joint_count,30,10,lixian,立憲,xianfa,憲法,0.0037028843151,0.00877725809391,0.00156214527411,0.142361103471,0.212121212121,0.327030819417,7,國會; 國; 政府; 人民; 人; 國家; 不能,32926,185002,416,1660,20,20,ok,
strict,10,global_all,global_all_p000,core,cross,20,joint_count,30,10,lixian,立憲,zhixian,制憲,0,0,0,0.0844900419868,0.111111111111,0.19301184021,4,國民; 國會; 人; 政府,32926,21082,416,307,20,20,ok,
strict,10,global_all,global_all_p000,core,cross,20,joint_count,30,10,xianzheng,憲政,xianfa,憲法,0.00520806687517,0.010497880658,0.00258375585129,0.12761793606,0.142857142857,0.226043252775,5,國; 政府; 省; 人民; 國家,45533,185002,612,1660,20,20,ok,
strict,10,global_all,global_all_p000,core,cross,20,joint_count,30,10,xianzheng,憲政,zhixian,制憲,0.00158152857406,0.00107614257791,0.00232425766056,0.0557851085161,0.0810810810811,0.0904316544117,3,省; 政府; 進行,45533,21082,612,307,20,20,ok,
strict,10,global_all,global_all_p000,core,intra,20,joint_count,30,10,xianfa,憲法,zhixian,制憲,0.00811827657963,0.0027405109134,0.0240489517124,0.208784191399,0.290322580645,0.560200476753,9,國會; 問題; 政府; 省; 人; 新; 選舉; 議員; 主張,185002,21082,1660,307,20,20,ok,
strict,10,global_all,global_all_p000,core,intra,50,joint_count,30,10,lixian,立憲,xianzheng,憲政,0.00581098692875,0.00683350543643,0.00494147102102,0.271812335828,0.333333333333,0.479380415631,25,實行; 政府; 國; 籌備; 政治; 人民; 自治; 國家; 地方; 中國; 省; 人; 兩; 民主; 國會; 基礎; 國民; 不能; 組織; 內閣,32926,45533,416,612,50,50,ok,
strict,10,global_all,global_all_p000,core,cross,50,joint_count,30,10,lixian,立憲,xianfa,憲法,0.0037028843151,0.00877725809391,0.00156214527411,0.160270223205,0.219512195122,0.383120072824,18,國會; 國; 政府; 人民; 人; 國家; 省; 不能; 組織; 兩; 政治; 國民; 中國; 機關; 實行; 地方; 制度; 開,32926,185002,416,1660,50,50,ok,
strict,10,global_all,global_all_p000,core,cross,50,joint_count,30,10,lixian,立憲,zhixian,制憲,0,0,0,0.128719126323,0.162790697674,0.275606060655,14,國民; 國會; 人; 政府; 不能; 國; 自治; 省; 人民; 開; 兩; 組織; 機關; 北京,32926,21082,416,307,50,50,ok,
strict,10,global_all,global_all_p000,core,cross,50,joint_count,30,10,xianzheng,憲政,xianfa,憲法,0.00520806687517,0.010497880658,0.00258375585129,0.232654306484,0.298701298701,0.425740975918,23,國; 政府; 省; 人民; 國家; 人; 問題; 國會; 不能; 組織; 成立; 國民大會; 兩; 新; 政治; 國民; 中國; 機關; 主張; 實行,45533,185002,612,1660,50,50,ok,
strict,10,global_all,global_all_p000,core,cross,50,joint_count,30,10,xianzheng,憲政,zhixian,制憲,0.00158152857406,0.00107614257791,0.00232425766056,0.182287880208,0.26582278481,0.332967452937,21,省; 政府; 進行; 國; 自治; 人民; 人; 完成; 兩; 問題; 國會; 國民; 成立; 組織; 不能; 國民大會; 北京; 開; 新; 機關,45533,21082,612,307,50,50,ok,
strict,10,global_all,global_all_p000,core,intra,50,joint_count,30,10,xianfa,憲法,zhixian,制憲,0.00811827657963,0.0027405109134,0.0240489517124,0.30647254148,0.428571428571,0.687172944168,30,國會; 問題; 政府; 省; 人; 新; 國; 選舉; 人民; 議員; 制定; 總統; 主張; 不能; 組織; 規定; 公布; 成立; 國民大會; 兩,185002,21082,1660,307,50,50,ok,
strict,10,global_all,global_all_p000,core,intra,100,joint_count,30,10,lixian,立憲,xianzheng,憲政,0.00581098692875,0.00683350543643,0.00494147102102,0.325576383499,0.408450704225,0.552825367246,58,實行; 政府; 國; 籌備; 政治; 人民; 自治; 國家; 地方; 中國; 省; 人; 兩; 民主; 國會; 基礎; 國民; 不能; 組織; 內閣,32926,45533,416,612,100,100,ok,
strict,10,global_all,global_all_p000,core,cross,100,joint_count,30,10,lixian,立憲,xianfa,憲法,0.0037028843151,0.00877725809391,0.00156214527411,0.226657513445,0.324503311258,0.46016981762,49,國會; 國; 政府; 人民; 人; 國家; 省; 不能; 組織; 兩; 新; 問題; 政治; 成立; 國民; 中國; 主張; 法律; 機關; 實行,32926,185002,416,1660,100,100,ok,
strict,10,global_all,global_all_p000,core,cross,100,joint_count,30,10,lixian,立憲,zhixian,制憲,0,0,0,0.161848823482,0.204819277108,0.352936060233,34,國民; 國會; 人; 政府; 不能; 國; 自治; 省; 人民; 開; 兩; 組織; 機關; 北京; 新; 國家; 問題; 實行; 成立; 政治,32926,21082,416,307,100,100,ok,
strict,10,global_all,global_all_p000,core,cross,100,joint_count,30,10,xianzheng,憲政,xianfa,憲法,0.00520806687517,0.010497880658,0.00258375585129,0.290561711162,0.388888888889,0.508202536539,56,國; 政府; 省; 人民; 國家; 人; 問題; 國會; 不能; 組織; 成立; 國民大會; 兩; 新; 政治; 國民; 中國; 機關; 主張; 實行,45533,185002,612,1660,100,100,ok,
strict,10,global_all,global_all_p000,core,cross,100,joint_count,30,10,xianzheng,憲政,zhixian,制憲,0.00158152857406,0.00107614257791,0.00232425766056,0.219121455061,0.298701298701,0.397025502424,46,省; 政府; 進行; 國; 自治; 人民; 人; 完成; 兩; 問題; 國會; 國民; 成立; 組織; 不能; 國民大會; 北京; 開; 新; 國家,45533,21082,612,307,100,100,ok,
strict,10,global_all,global_all_p000,core,intra,100,joint_count,30,10,xianfa,憲法,zhixian,制憲,0.00811827657963,0.0027405109134,0.0240489517124,0.347880669053,0.481481481481,0.724624508493,65,國會; 問題; 政府; 省; 人; 新; 國; 選舉; 人民; 議員; 制定; 總統; 主張; 不能; 組織; 規定; 公布; 成立; 國民大會; 兩,185002,21082,1660,307,100,100,ok,
strict,10,global_all,global_all_p000,core,intra,0,joint_count,30,10,lixian,立憲,xianzheng,憲政,0.00581098692875,0.00683350543643,0.00494147102102,0.348290247134,0.386178861789,0.587726477661,285,實行; 政府; 國; 籌備; 政治; 人民; 自治; 國家; 地方; 中國; 省; 人; 兩; 民主; 國會; 基礎; 國民; 不能; 組織; 內閣,32926,45533,416,612,414,609,ok,
strict,10,global_all,global_all_p000,core,cross,0,joint_count,30,10,lixian,立憲,xianfa,憲法,0.0037028843151,0.00877725809391,0.00156214527411,0.232427589052,0.185460789926,0.506323079759,324,國會; 國; 政府; 人民; 人; 國家; 省; 不能; 組織; 兩; 新; 問題; 政治; 成立; 國民; 中國; 主張; 法律; 機關; 實行,32926,185002,416,1660,414,1657,ok,
strict,10,global_all,global_all_p000,core,cross,0,joint_count,30,10,lixian,立憲,zhixian,制憲,0,0,0,0.192693618841,0.250434782609,0.390104188472,144,國民; 國會; 人; 政府; 不能; 國; 自治; 省; 人民; 開; 兩; 組織; 機關; 北京; 新; 國家; 問題; 實行; 成立; 政治,32926,21082,416,307,414,305,ok,
strict,10,global_all,global_all_p000,core,cross,0,joint_count,30,10,xianzheng,憲政,xianfa,憲法,0.00520806687517,0.010497880658,0.00258375585129,0.312348429276,0.263803680982,0.592377994616,473,國; 政府; 省; 人民; 國家; 人; 問題; 國會; 不能; 組織; 成立; 國民大會; 兩; 新; 政治; 國民; 中國; 機關; 主張; 實行,45533,185002,612,1660,609,1657,ok,
strict,10,global_all,global_all_p000,core,cross,0,joint_count,30,10,xianzheng,憲政,zhixian,制憲,0.00158152857406,0.00107614257791,0.00232425766056,0.255397908719,0.272980501393,0.476118741424,196,省; 政府; 進行; 國; 自治; 人民; 人; 完成; 兩; 問題; 國會; 國民; 成立; 組織; 不能; 國民大會; 北京; 開; 新; 國家,45533,21082,612,307,609,305,ok,
strict,10,global_all,global_all_p000,core,intra,0,joint_count,30,10,xianfa,憲法,zhixian,制憲,0.00811827657963,0.0027405109134,0.0240489517124,0.322450398696,0.166468489893,0.751108068471,280,國會; 問題; 政府; 省; 人; 新; 國; 選舉; 人民; 議員; 制定; 總統; 主張; 不能; 組織; 規定; 公布; 成立; 國民大會; 兩,185002,21082,1660,307,1657,305,ok,
strict,1,global_all,global_all_p000,core,intra,20,joint_count,30,10,lixian,立憲,xianzheng,憲政,0,0,0,0.117852476917,0.176470588235,0.216791659325,6,實行; 籌備; 民主; 前途; 預備; 基礎,4911,5608,48,81,20,20,ok,
strict,1,global_all,global_all_p000,core,cross,20,joint_count,30,10,lixian,立憲,xianfa,憲法,0,0,0,0.027991521087,0.0526315789474,0.0415985049487,2,國; 實行,4911,14834,48,207,20,20,ok,
strict,1,global_all,global_all_p000,core,cross,20,joint_count,30,10,lixian,立憲,zhixian,制憲,0,0,0,0.0247530333991,0.025641025641,0.0339334833339,1,國民,4911,2467,48,47,20,20,ok,
strict,1,global_all,global_all_p000,core,cross,20,joint_count,30,10,xianzheng,憲政,xianfa,憲法,0,0,0,0.0514365822417,0.142857142857,0.105270852763,5,問題; 完成; 實施; 實行; 施行,5608,14834,81,207,20,20,ok,
strict,1,global_all,global_all_p000,core,cross,20,joint_count,30,10,xianzheng,憲政,zhixian,制憲,0,0,0,0.0363344484685,0.0810810810811,0.0334264313562,3,完成; 進行; 問題,5608,2467,81,47,20,20,ok,
strict,1,global_all,global_all_p000,core,intra,20,joint_count,30,10,xianfa,憲法,zhixian,制憲,0,0,0,0.0578537830101,0.0810810810811,0.0878435746767,3,問題; 省; 完成,14834,2467,207,47,20,20,ok,
strict,1,global_all,global_all_p000,core,intra,50,joint_count,30,10,lixian,立憲,xianzheng,憲政,0,0,0,0.134987535029,0.180722891566,0.229997536718,15,實行; 籌備; 民主; 前途; 預備; 國; 基礎; 事宜; 中國; 政府; 問題; 反對; 日本; 共和; 成立,4911,5608,48,81,48,50,ok,
strict,1,global_all,global_all_p000,core,cross,50,joint_count,30,10,lixian,立憲,xianfa,憲法,0,0,0,0.0551003211457,0.139534883721,0.0637383454992,12,國; 實行; 問題; 民主; 共和; 宣布; 頒布; 國家; 政府; 我國; 組織; 成立,4911,14834,48,207,48,50,ok,
strict,1,global_all,global_all_p000,core,cross,50,joint_count,30,10,lixian,立憲,zhixian,制憲,0,0,0,0.0351871029995,0.0555555555556,0.0451732829082,5,國民; 前途; 問題; 籌備; 主張,4911,2467,48,47,48,47,ok,
strict,1,global_all,global_all_p000,core,cross,50,joint_count,30,10,xianzheng,憲政,xianfa,憲法,0,0,0,0.072772906152,0.136363636364,0.130923789817,12,問題; 完成; 實施; 國; 實行; 成立; 施行; 促成; 民主; 擁護; 政府; 共和,5608,14834,81,207,50,50,ok,
strict,1,global_all,global_all_p000,core,cross,50,joint_count,30,10,xianzheng,憲政,zhixian,制憲,0,0,0,0.0475811747184,0.0898876404494,0.0599781071143,8,完成; 進行; 問題; 前途; 促成; 籌備; 運動; 印度,5608,2467,81,47,50,47,ok,
strict,1,global_all,global_all_p000,core,intra,50,joint_count,30,10,xianfa,憲法,zhixian,制憲,0,0,0,0.0595941157522,0.0777777777778,0.121962356117,7,問題; 省; 完成; 促成; 國會; 選舉; 議會,14834,2467,207,47,50,47,ok,
strict,1,global_all,global_all_p000,core,intra,100,joint_count,30,10,lixian,立憲,xianzheng,憲政,0,0,0,0.143180458355,0.205607476636,0.235195034226,22,實行; 籌備; 民主; 前途; 預備; 國; 基礎; 事宜; 中國; 政府; 問題; 反對; 日本; 共和; 時代; 我國; 精神; 制度; 論; 成立,4911,5608,48,81,48,81,ok,
strict,1,global_all,global_all_p000,core,cross,100,joint_count,30,10,lixian,立憲,xianfa,憲法,0,0,0,0.0600706845053,0.129770992366,0.0655049720035,17,國; 實行; 問題; 民主; 共和; 宣布; 頒布; 國家; 政府; 我國; 組織; 反對; 精神; 成立; 慶祝; 主張; 不能,4911,14834,48,207,48,100,ok,
strict,1,global_all,global_all_p000,core,cross,100,joint_count,30,10,lixian,立憲,zhixian,制憲,0,0,0,0.0351871029995,0.0555555555556,0.0451732829082,5,國民; 前途; 問題; 籌備; 主張,4911,2467,48,47,48,47,ok,
strict,1,global_all,global_all_p000,core,cross,100,joint_count,30,10,xianzheng,憲政,xianfa,憲法,0,0,0,0.0916021801582,0.167741935484,0.139361034666,26,問題; 完成; 實施; 國; 實行; 成立; 施行; 促成; 民主; 擁護; 政府; 共和; 精神; 破壞; 反對; 我國; 關係; 恢復; 研究; 討論,5608,14834,81,207,81,100,ok,
strict,1,global_all,global_all_p000,core,cross,100,joint_count,30,10,xianzheng,憲政,zhixian,制憲,0,0,0,0.0488433482479,0.0847457627119,0.0620926121528,10,完成; 進行; 問題; 前途; 促成; 籌備; 運動; 印度; 破壞; 省,5608,2467,81,47,81,47,ok,
strict,1,global_all,global_all_p000,core,intra,100,joint_count,30,10,xianfa,憲法,zhixian,制憲,0,0,0,0.0613518482938,0.0808823529412,0.124000155951,11,問題; 省; 完成; 促成; 國會; 選舉; 議會; 破壞; 主張; 湘省; 南京,14834,2467,207,47,100,47,ok,
strict,1,global_all,global_all_p000,core,intra,0,joint_count,30,10,lixian,立憲,xianzheng,憲政,0,0,0,0.143180458355,0.205607476636,0.235195034226,22,實行; 籌備; 民主; 前途; 預備; 國; 基礎; 事宜; 中國; 政府; 問題; 反對; 日本; 共和; 時代; 我國; 精神; 制度; 論; 成立,4911,5608,48,81,48,81,ok,
strict,1,global_all,global_all_p000,core,cross,0,joint_count,30,10,lixian,立憲,xianfa,憲法,0,0,0,0.0609277863391,0.108695652174,0.0711840640502,25,國; 實行; 問題; 民主; 共和; 宣布; 頒布; 國家; 政府; 我國; 組織; 反對; 精神; 成立; 慶祝; 主張; 不能; 政治; 君主; 論,4911,14834,48,207,48,207,ok,
strict,1,global_all,global_all_p000,core,cross,0,joint_count,30,10,lixian,立憲,zhixian,制憲,0,0,0,0.0351871029995,0.0555555555556,0.0451732829082,5,國民; 前途; 問題; 籌備; 主張,4911,2467,48,47,48,47,ok,
strict,1,global_all,global_all_p000,core,cross,0,joint_count,30,10,xianzheng,憲政,xianfa,憲法,0,0,0,0.0909162342972,0.142857142857,0.145285132461,36,問題; 完成; 實施; 國; 實行; 成立; 施行; 促成; 民主; 擁護; 政府; 共和; 精神; 破壞; 反對; 我國; 關係; 恢復; 研究; 討論,5608,14834,81,207,81,207,ok,
strict,1,global_all,global_all_p000,core,cross,0,joint_count,30,10,xianzheng,憲政,zhixian,制憲,0,0,0,0.0488433482479,0.0847457627119,0.0620926121528,10,完成; 進行; 問題; 前途; 促成; 籌備; 運動; 印度; 破壞; 省,5608,2467,81,47,81,47,ok,
strict,1,global_all,global_all_p000,core,intra,0,joint_count,30,10,xianfa,憲法,zhixian,制憲,0,0,0,0.0618832952836,0.0762711864407,0.127902720263,18,問題; 省; 完成; 促成; 國會; 選舉; 議會; 破壞; 主張; 湘省; 南京; 程序; 自治; 機關; 手續; 前途; 進行; 籌備,14834,2467,207,47,207,47,ok,
strict,20,global_all,global_all_p000,core,intra,20,joint_count,30,10,lixian,立憲,xianzheng,憲政,0.00566389761308,0.00659744754488,0.00486244656789,0.350285011862,0.481481481481,0.593465853732,13,政府; 國; 實行; 人民; 政治; 自治; 國家; 人; 省; 地方; 籌備; 中國; 國民,73968,100361,886,1127,20,20,ok,
strict,20,global_all,global_all_p000,core,cross,20,joint_count,30,10,lixian,立憲,xianfa,憲法,0.00374075175932,0.00866590958252,0.00161474379482,0.205801794275,0.25,0.452575071946,8,國會; 國; 政府; 人; 人民; 省; 國家; 不能,73968,396967,886,2957,20,20,ok,
strict,20,global_all,global_all_p000,core,cross,20,joint_count,30,10,lixian,立憲,zhixian,制憲,0,0,0,0.157145944426,0.212121212121,0.353570201106,7,國會; 國民; 人; 政府; 國; 省; 不能,73968,48253,886,626,20,20,ok,
strict,20,global_all,global_all_p000,core,cross,20,joint_count,30,10,xianzheng,憲政,xianfa,憲法,0.00477956841059,0.00950568447903,0.00240322243411,0.198434160628,0.212121212121,0.372364764347,7,國; 政府; 省; 人; 人民; 國家; 兩,100361,396967,1127,2957,20,20,ok,
strict,20,global_all,global_all_p000,core,cross,20,joint_count,30,10,xianzheng,憲政,zhixian,制憲,0.00140825540217,0.000976474925519,0.00203096180548,0.128712953788,0.176470588235,0.254768177581,6,省; 政府; 人; 國; 兩; 國民,100361,48253,1127,626,20,20,ok,
strict,20,global_all,global_all_p000,core,intra,20,joint_count,30,10,xianfa,憲法,zhixian,制憲,0.00835253822172,0.00291208085307,0.0239570596647,0.308738561091,0.428571428571,0.678983843839,12,國會; 問題; 人; 政府; 省; 國; 議員; 選舉; 主張; 不能; 兩; 代表,396967,48253,2957,626,20,20,ok,
strict,20,global_all,global_all_p000,core,intra,50,joint_count,30,10,lixian,立憲,xianzheng,憲政,0.00566389761308,0.00659744754488,0.00486244656789,0.339341726123,0.388888888889,0.60409884337,28,政府; 國; 實行; 人民; 政治; 自治; 國家; 人; 省; 地方; 籌備; 中國; 兩; 國民; 國會; 不能; 開; 組織; 內閣; 革命,73968,100361,886,1127,50,50,ok,
strict,20,global_all,global_all_p000,core,cross,50,joint_count,30,10,lixian,立憲,xianfa,憲法,0.00374075175932,0.00866590958252,0.00161474379482,0.248045404484,0.315789473684,0.53302195359,24,國會; 國; 政府; 人; 人民; 省; 國家; 不能; 兩; 組織; 政治; 國民; 成立; 新; 法律; 機關; 問題; 中國; 權; 地方,73968,396967,886,2957,50,50,ok,
strict,20,global_all,global_all_p000,core,cross,50,joint_count,30,10,lixian,立憲,zhixian,制憲,0,0,0,0.181015813771,0.219512195122,0.398479124896,18,國會; 國民; 人; 政府; 國; 省; 不能; 兩; 人民; 開; 自治; 國家; 機關; 組織; 成立; 新; 北京; 問題,73968,48253,886,626,50,50,ok,
strict,20,global_all,global_all_p000,core,cross,50,joint_count,30,10,xianzheng,憲政,xianfa,憲法,0.00477956841059,0.00950568447903,0.00240322243411,0.289434844412,0.333333333333,0.538429578769,25,國; 政府; 省; 人; 人民; 國家; 國會; 問題; 不能; 兩; 組織; 政治; 成立; 國民; 代表; 新; 選舉; 機關; 中國; 國民大會,100361,396967,1127,2957,50,50,ok,
strict,20,global_all,global_all_p000,core,cross,50,joint_count,30,10,xianzheng,憲政,zhixian,制憲,0.00140825540217,0.000976474925519,0.00203096180548,0.242422034802,0.333333333333,0.465944073884,25,省; 政府; 人; 國; 兩; 人民; 國民; 自治; 國會; 問題; 不能; 組織; 進行; 國家; 國民大會; 成立; 完成; 開; 派; 代表,100361,48253,1127,626,50,50,ok,
strict,20,global_all,global_all_p000,core,intra,50,joint_count,30,10,xianfa,憲法,zhixian,制憲,0.00835253822172,0.00291208085307,0.0239570596647,0.402890382117,0.538461538462,0.779742248739,35,國會; 問題; 人; 政府; 省; 國; 議員; 新; 選舉; 制定; 人民; 主張; 不能; 總統; 兩; 國家; 組織; 代表; 討論; 規定,396967,48253,2957,626,50,50,ok,
strict,20,global_all,global_all_p000,core,intra,100,joint_count,30,10,lixian,立憲,xianzheng,憲政,0.00566389761308,0.00659744754488,0.00486244656789,0.361433234741,0.408450704225,0.650300450156,58,政府; 國; 實行; 人民; 政治; 自治; 國家; 人; 省; 地方; 籌備; 中國; 兩; 國民; 國會; 不能; 開; 組織; 內閣; 革命,73968,100361,886,1127,100,100,ok,
strict,20,global_all,global_all_p000,core,cross,100,joint_count,30,10,lixian,立憲,xianfa,憲法,0.00374075175932,0.00866590958252,0.00161474379482,0.281142961513,0.351351351351,0.57241141647,52,國會; 國; 政府; 人; 人民; 省; 國家; 不能; 兩; 組織; 政治; 國民; 成立; 新; 法律; 機關; 問題; 中國; 議員; 議會,73968,396967,886,2957,100,100,ok,
strict,20,global_all,global_all_p000,core,cross,100,joint_count,30,10,lixian,立憲,zhixian,制憲,0,0,0,0.200754756392,0.234567901235,0.457963506434,38,國會; 國民; 人; 政府; 國; 省; 不能; 兩; 人民; 開; 自治; 國家; 機關; 組織; 成立; 新; 權; 政治; 北京; 問題,73968,48253,886,626,100,100,ok,
strict,20,global_all,global_all_p000,core,cross,100,joint_count,30,10,xianzheng,憲政,xianfa,憲法,0.00477956841059,0.00950568447903,0.00240322243411,0.352014459462,0.438848920863,0.629917263582,61,國; 政府; 省; 人; 人民; 國家; 國會; 問題; 不能; 兩; 組織; 政治; 成立; 國民; 代表; 新; 選舉; 機關; 中國; 國民大會,100361,396967,1127,2957,100,100,ok,
strict,20,global_all,global_all_p000,core,cross,100,joint_count,30,10,xianzheng,憲政,zhixian,制憲,0.00140825540217,0.000976474925519,0.00203096180548,0.269212540895,0.351351351351,0.516734692583,52,省; 政府; 人; 國; 兩; 人民; 國民; 自治; 國會; 問題; 不能; 組織; 進行; 國家; 國民大會; 成立; 完成; 開; 派; 代表,100361,48253,1127,626,100,100,ok,
strict,20,global_all,global_all_p000,core,intra,100,joint_count,30,10,xianfa,憲法,zhixian,制憲,0.00835253822172,0.00291208085307,0.0239570596647,0.412552648537,0.515151515152,0.794212166234,68,國會; 問題; 人; 政府; 省; 國; 議員; 新; 選舉; 制定; 人民; 主張; 不能; 總統; 兩; 國家; 組織; 代表; 討論; 規定,396967,48253,2957,626,100,100,ok,
strict,20,global_all,global_all_p000,core,intra,0,joint_count,30,10,lixian,立憲,xianzheng,憲政,0.00566389761308,0.00659744754488,0.00486244656789,0.403444124038,0.434285714286,0.704762598908,608,政府; 國; 實行; 人民; 政治; 自治; 國家; 人; 省; 地方; 籌備; 中國; 兩; 國民; 國會; 不能; 開; 組織; 內閣; 革命,73968,100361,886,1127,884,1124,ok,
strict,20,global_all,global_all_p000,core,cross,0,joint_count,30,10,lixian,立憲,xianfa,憲法,0.00374075175932,0.00866590958252,0.00161474379482,0.289105051493,0.240064620355,0.63257626888,743,國會; 國; 政府; 人; 人民; 省; 國家; 不能; 兩; 組織; 政治; 國民; 成立; 新; 法律; 機關; 問題; 中國; 議員; 議會,73968,396967,886,2957,884,2954,ok,
strict,20,global_all,global_all_p000,core,cross,0,joint_count,30,10,lixian,立憲,zhixian,制憲,0,0,0,0.23994194576,0.276883996613,0.509194683071,327,國會; 國民; 人; 政府; 國; 省; 不能; 兩; 人民; 開; 自治; 國家; 機關; 組織; 成立; 新; 權; 政治; 北京; 問題,73968,48253,886,626,884,624,ok,
strict,20,global_all,global_all_p000,core,cross,0,joint_count,30,10,xianzheng,憲政,xianfa,憲法,0.00477956841059,0.00950568447903,0.00240322243411,0.375824253038,0.306213965407,0.71052437006,956,國; 政府; 省; 人; 人民; 國家; 國會; 問題; 不能; 兩; 組織; 政治; 成立; 國民; 代表; 新; 選舉; 機關; 中國; 國民大會,100361,396967,1127,2957,1124,2954,ok,
strict,20,global_all,global_all_p000,core,cross,0,joint_count,30,10,xianzheng,憲政,zhixian,制憲,0.00140825540217,0.000976474925519,0.00203096180548,0.315452363668,0.331302361005,0.601065978775,435,省; 政府; 人; 國; 兩; 人民; 國民; 自治; 國會; 問題; 不能; 組織; 進行; 國家; 國民大會; 成立; 完成; 開; 派; 代表,100361,48253,1127,626,1124,624,ok,
strict,20,global_all,global_all_p000,core,intra,0,joint_count,30,10,xianfa,憲法,zhixian,制憲,0.00835253822172,0.00291208085307,0.0239570596647,0.393466773072,0.205525606469,0.832544611511,610,國會; 問題; 人; 政府; 省; 國; 議員; 新; 選舉; 制定; 人民; 主張; 不能; 總統; 兩; 國家; 組織; 代表; 討論; 規定,396967,48253,2957,626,2954,624,ok,
strict,5,global_all,global_all_p000,core,intra,20,joint_count,30,10,lixian,立憲,xianzheng,憲政,0.00332009928884,0.00385678472713,0.00285809555566,0.165087667038,0.25,0.293755271857,8,實行; 籌備; 政府; 國; 自治; 政治; 國家; 中國,15557,20993,200,304,20,20,ok,
strict,5,global_all,global_all_p000,core,cross,20,joint_count,30,10,lixian,立憲,xianfa,憲法,0.0025604539843,0.00597801632706,0.0010966722483,0.0846116225671,0.142857142857,0.204251340677,5,國; 國會; 政府; 國家; 人民,15557,84802,200,901,20,20,ok,
strict,5,global_all,global_all_p000,core,cross,20,joint_count,30,10,lixian,立憲,zhixian,制憲,0,0,0,0.0424854429659,0.0526315789474,0.10082196905,2,國民; 國會,15557,9805,200,173,20,20,ok,
strict,5,global_all,global_all_p000,core,cross,20,joint_count,30,10,xianzheng,憲政,xianfa,憲法,0.00504823197278,0.0101462392226,0.00251173321384,0.0973640727391,0.142857142857,0.126760755801,5,國; 政府; 省; 國家; 成立,20993,84802,304,901,20,20,ok,
strict,5,global_all,global_all_p000,core,cross,20,joint_count,30,10,xianzheng,憲政,zhixian,制憲,0,0,0,0.0486641155347,0.0810810810811,0.0561588269732,3,進行; 完成; 省,20993,9805,304,173,20,20,ok,
strict,5,global_all,global_all_p000,core,intra,20,joint_count,30,10,xianfa,憲法,zhixian,制憲,0.00631167374113,0.00214617579774,0.0185619581846,0.120162523436,0.176470588235,0.378460209655,6,國會; 問題; 省; 選舉; 人; 主張,84802,9805,901,173,20,20,ok,
strict,5,global_all,global_all_p000,core,intra,50,joint_count,30,10,lixian,立憲,xianzheng,憲政,0.00332009928884,0.00385678472713,0.00285809555566,0.225704804705,0.315789473684,0.395746448881,24,實行; 籌備; 政府; 國; 自治; 政治; 國家; 民主; 基礎; 中國; 地方; 人民; 國會; 我國; 不能; 預備; 兩; 人; 組織; 國民,15557,20993,200,304,50,50,ok,
strict,5,global_all,global_all_p000,core,cross,50,joint_count,30,10,lixian,立憲,xianfa,憲法,0.0025604539843,0.00597801632706,0.0010966722483,0.120068223637,0.204819277108,0.269639012719,17,國; 國會; 政府; 國家; 人民; 人; 不能; 組織; 主張; 實行; 問題; 兩; 政治; 地方; 國民; 中國; 制度,15557,84802,200,901,50,50,ok,
strict,5,global_all,global_all_p000,core,cross,50,joint_count,30,10,lixian,立憲,zhixian,制憲,0,0,0,0.0968224627552,0.149425287356,0.184967859149,13,國民; 國會; 政府; 人; 自治; 不能; 開; 國; 人民; 兩; 組織; 主張; 問題,15557,9805,200,173,50,50,ok,
strict,5,global_all,global_all_p000,core,cross,50,joint_count,30,10,xianzheng,憲政,xianfa,憲法,0.00504823197278,0.0101462392226,0.00251173321384,0.18776526593,0.282051282051,0.303312118115,22,國; 政府; 省; 國家; 人民; 問題; 國會; 成立; 國民大會; 人; 不能; 組織; 新; 實行; 實施; 施行; 兩; 完成; 政治; 地方,20993,84802,304,901,50,50,ok,
strict,5,global_all,global_all_p000,core,cross,50,joint_count,30,10,xianzheng,憲政,zhixian,制憲,0,0,0,0.128367808028,0.204819277108,0.206353550951,17,進行; 完成; 政府; 省; 自治; 問題; 國會; 兩; 國; 北京; 人民; 國民大會; 組織; 不能; 人; 國民; 新,20993,9805,304,173,50,50,ok,
strict,5,global_all,global_all_p000,core,intra,50,joint_count,30,10,xianfa,憲法,zhixian,制憲,0.00631167374113,0.00214617579774,0.0185619581846,0.228020704047,0.351351351351,0.564593500274,26,國會; 問題; 政府; 省; 新; 選舉; 總統; 人; 國; 主張; 議員; 人民; 國民大會; 制定; 規定; 公布; 討論; 不能; 組織; 兩,84802,9805,901,173,50,50,ok,
strict,5,global_all,global_all_p000,core,intra,100,joint_count,30,10,lixian,立憲,xianzheng,憲政,0.00332009928884,0.00385678472713,0.00285809555566,0.270012696982,0.369863013699,0.426872114402,54,實行; 籌備; 政府; 國; 自治; 政治; 國家; 民主; 基礎; 中國; 地方; 人民; 國會; 我國; 不能; 預備; 兩; 人; 組織; 國民,15557,20993,200,304,100,100,ok,
strict,5,global_all,global_all_p000,core,cross,100,joint_count,30,10,lixian,立憲,xianfa,憲法,0.0025604539843,0.00597801632706,0.0010966722483,0.183721654917,0.324503311258,0.325741248982,49,國; 國會; 政府; 國家; 人民; 人; 不能; 組織; 主張; 實行; 問題; 兩; 省; 成立; 法律; 機關; 政治; 地方; 國民; 中國,15557,84802,200,901,100,100,ok,
strict,5,global_all,global_all_p000,core,cross,100,joint_count,30,10,lixian,立憲,zhixian,制憲,0,0,0,0.128845227555,0.204819277108,0.234340702665,34,國民; 國會; 政府; 人; 自治; 不能; 開; 國; 人民; 兩; 組織; 主張; 問題; 國家; 北京; 省; 成立; 機關; 中國; 新,15557,9805,200,173,100,100,ok,
strict,5,global_all,global_all_p000,core,cross,100,joint_count,30,10,xianzheng,憲政,xianfa,憲法,0.00504823197278,0.0101462392226,0.00251173321384,0.220147072568,0.307189542484,0.361098419252,47,國; 政府; 省; 國家; 人民; 問題; 國會; 成立; 國民大會; 人; 不能; 組織; 新; 實行; 實施; 主張; 施行; 兩; 完成; 機關,20993,84802,304,901,100,100,ok,
strict,5,global_all,global_all_p000,core,cross,100,joint_count,30,10,xianzheng,憲政,zhixian,制憲,0,0,0,0.161100931182,0.234567901235,0.271260978959,38,進行; 完成; 政府; 省; 自治; 問題; 國會; 兩; 國; 北京; 人民; 國民大會; 組織; 不能; 人; 國民; 成立; 新; 機關; 國家,20993,9805,304,173,100,100,ok,
strict,5,global_all,global_all_p000,core,intra,100,joint_count,30,10,xianfa,憲法,zhixian,制憲,0.00631167374113,0.00214617579774,0.0185619581846,0.266375768889,0.369863013699,0.593105706323,54,國會; 問題; 政府; 省; 新; 選舉; 總統; 人; 國; 主張; 議員; 人民; 國民大會; 制定; 規定; 公布; 討論; 不能; 組織; 成立,84802,9805,901,173,100,100,ok,
strict,5,global_all,global_all_p000,core,intra,0,joint_count,30,10,lixian,立憲,xianzheng,憲政,0.00332009928884,0.00385678472713,0.00285809555566,0.270534937422,0.288659793814,0.437747378242,112,實行; 籌備; 政府; 國; 自治; 政治; 國家; 民主; 基礎; 中國; 地方; 人民; 國會; 我國; 不能; 預備; 兩; 人; 組織; 國民,15557,20993,200,304,198,302,ok,
strict,5,global_all,global_all_p000,core,cross,0,joint_count,30,10,lixian,立憲,xianfa,憲法,0.0025604539843,0.00597801632706,0.0010966722483,0.174042550743,0.146443514644,0.351977691627,140,國; 國會; 政府; 國家; 人民; 人; 不能; 組織; 主張; 實行; 問題; 兩; 省; 成立; 法律; 機關; 政治; 地方; 國民; 中國,15557,84802,200,901,198,898,ok,
strict,5,global_all,global_all_p000,core,cross,0,joint_count,30,10,lixian,立憲,zhixian,制憲,0,0,0,0.133149323357,0.178343949045,0.248913648087,56,國民; 國會; 政府; 人; 自治; 不能; 開; 國; 人民; 兩; 組織; 主張; 問題; 國家; 北京; 省; 成立; 機關; 中國; 新,15557,9805,200,173,198,172,ok,
strict,5,global_all,global_all_p000,core,cross,0,joint_count,30,10,xianzheng,憲政,xianfa,憲法,0.00504823197278,0.0101462392226,0.00251173321384,0.242580294483,0.215805471125,0.421773164216,213,國; 政府; 省; 國家; 人民; 問題; 國會; 成立; 國民大會; 人; 不能; 組織; 新; 實行; 實施; 主張; 施行; 兩; 完成; 機關,20993,84802,304,901,302,898,ok,
strict,5,global_all,global_all_p000,core,cross,0,joint_count,30,10,xianzheng,憲政,zhixian,制憲,0,0,0,0.183069532951,0.231168831169,0.310147456031,89,進行; 完成; 政府; 省; 自治; 問題; 國會; 兩; 國; 北京; 人民; 國民大會; 組織; 不能; 人; 國民; 成立; 新; 機關; 國家,20993,9805,304,173,302,172,ok,
strict,5,global_all,global_all_p000,core,intra,0,joint_count,30,10,xianfa,憲法,zhixian,制憲,0.00631167374113,0.00214617579774,0.0185619581846,0.250176697074,0.159263271939,0.615770997626,147,國會; 問題; 政府; 省; 新; 選舉; 總統; 人; 國; 主張; 議員; 人民; 國民大會; 制定; 規定; 公布; 討論; 不能; 組織; 成立,84802,9805,901,173,898,172,ok,
full,10,long_period_manual,long_period_manual_p000,core,intra,20,joint_count,30,10,lixian,立憲,xianzheng,憲政,0,0,0,0,0,0,0,,66,0,5,0,5,0,low_support,xianzheng_strength<30; lixian_neighbors<10; xianzheng_neighbors<10
full,10,long_period_manual,long_period_manual_p000,core,cross,20,joint_count,30,10,lixian,立憲,xianfa,憲法,0,0,0,0.0746268656716,0.0666666666667,0.307744918158,1,國,66,108,5,11,5,11,low_support,lixian_neighbors<10
full,10,long_period_manual,long_period_manual_p000,core,cross,20,joint_count,30,10,lixian,立憲,zhixian,制憲,0,0,0,0,0,0,0,,66,0,5,0,5,0,low_support,zhixian_strength<30; lixian_neighbors<10; zhixian_neighbors<10
full,10,long_period_manual,long_period_manual_p000,core,cross,20,joint_count,30,10,xianzheng,憲政,xianfa,憲法,0,0,0,0,0,0,0,,0,108,0,11,0,11,low_support,xianzheng_strength<30; xianzheng_neighbors<10
full,10,long_period_manual,long_period_manual_p000,core,cross,20,joint_count,30,10,xianzheng,憲政,zhixian,制憲,0,0,0,0,0,0,0,,0,0,0,0,0,0,low_support,xianzheng_strength<30; zhixian_strength<30; xianzheng_neighbors<10; zhixian_neighbors<10
full,10,long_period_manual,long_period_manual_p000,core,intra,20,joint_count,30,10,xianfa,憲法,zhixian,制憲,0,0,0,0,0,0,0,,108,0,11,0,11,0,low_support,zhixian_strength<30; zhixian_neighbors<10
full,10,long_period_manual,long_period_manual_p000,core,intra,50,joint_count,30,10,lixian,立憲,xianzheng,憲政,0,0,0,0,0,0,0,,66,0,5,0,5,0,low_support,xianzheng_strength<30; lixian_neighbors<10; xianzheng_neighbors<10
full,10,long_period_manual,long_period_manual_p000,core,cross,50,joint_count,30,10,lixian,立憲,xianfa,憲法,0,0,0,0.0746268656716,0.0666666666667,0.307744918158,1,國,66,108,5,11,5,11,low_support,lixian_neighbors<10
full,10,long_period_manual,long_period_manual_p000,core,cross,50,joint_count,30,10,lixian,立憲,zhixian,制憲,0,0,0,0,0,0,0,,66,0,5,0,5,0,low_support,zhixian_strength<30; lixian_neighbors<10; zhixian_neighbors<10
full,10,long_period_manual,long_period_manual_p000,core,cross,50,joint_count,30,10,xianzheng,憲政,xianfa,憲法,0,0,0,0,0,0,0,,0,108,0,11,0,11,low_support,xianzheng_strength<30; xianzheng_neighbors<10
full,10,long_period_manual,long_period_manual_p000,core,cross,50,joint_count,30,10,xianzheng,憲政,zhixian,制憲,0,0,0,0,0,0,0,,0,0,0,0,0,0,low_support,xianzheng_strength<30; zhixian_strength<30; xianzheng_neighbors<10; zhixian_neighbors<10
full,10,long_period_manual,long_period_manual_p000,core,intra,50,joint_count,30,10,xianfa,憲法,zhixian,制憲,0,0,0,0,0,0,0,,108,0,11,0,11,0,low_support,zhixian_strength<30; zhixian_neighbors<10
full,10,long_period_manual,long_period_manual_p000,core,intra,100,joint_count,30,10,lixian,立憲,xianzheng,憲政,0,0,0,0,0,0,0,,66,0,5,0,5,0,low_support,xianzheng_strength<30; lixian_neighbors<10; xianzheng_neighbors<10
full,10,long_period_manual,long_period_manual_p000,core,cross,100,joint_count,30,10,lixian,立憲,xianfa,憲法,0,0,0,0.0746268656716,0.0666666666667,0.307744918158,1,國,66,108,5,11,5,11,low_support,lixian_neighbors<10
full,10,long_period_manual,long_period_manual_p000,core,cross,100,joint_count,30,10,lixian,立憲,zhixian,制憲,0,0,0,0,0,0,0,,66,0,5,0,5,0,low_support,zhixian_strength<30; lixian_neighbors<10; zhixian_neighbors<10
full,10,long_period_manual,long_period_manual_p000,core,cross,100,joint_count,30,10,xianzheng,憲政,xianfa,憲法,0,0,0,0,0,0,0,,0,108,0,11,0,11,low_support,xianzheng_strength<30; xianzheng_neighbors<10
full,10,long_period_manual,long_period_manual_p000,core,cross,100,joint_count,30,10,xianzheng,憲政,zhixian,制憲,0,0,0,0,0,0,0,,0,0,0,0,0,0,low_support,xianzheng_strength<30; zhixian_strength<30; xianzheng_neighbors<10; zhixian_neighbors<10
full,10,long_period_manual,long_period_manual_p000,core,intra,100,joint_count,30,10,xianfa,憲法,zhixian,制憲,0,0,0,0,0,0,0,,108,0,11,0,11,0,low_support,zhixian_strength<30; zhixian_neighbors<10
full,10,long_period_manual,long_period_manual_p000,core,intra,0,joint_count,30,10,lixian,立憲,xianzheng,憲政,0,0,0,0,0,0,0,,66,0,5,0,5,0,low_support,xianzheng_strength<30; lixian_neighbors<10; xianzheng_neighbors<10
full,10,long_period_manual,long_period_manual_p000,core,cross,0,joint_count,30,10,lixian,立憲,xianfa,憲法,0,0,0,0.0746268656716,0.0666666666667,0.307744918158,1,國,66,108,5,11,5,11,low_support,lixian_neighbors<10
full,10,long_period_manual,long_period_manual_p000,core,cross,0,joint_count,30,10,lixian,立憲,zhixian,制憲,0,0,0,0,0,0,0,,66,0,5,0,5,0,low_support,zhixian_strength<30; lixian_neighbors<10; zhixian_neighbors<10
full,10,long_period_manual,long_period_manual_p000,core,cross,0,joint_count,30,10,xianzheng,憲政,xianfa,憲法,0,0,0,0,0,0,0,,0,108,0,11,0,11,low_support,xianzheng_strength<30; xianzheng_neighbors<10
full,10,long_period_manual,long_period_manual_p000,core,cross,0,joint_count,30,10,xianzheng,憲政,zhixian,制憲,0,0,0,0,0,0,0,,0,0,0,0,0,0,low_support,xianzheng_strength<30; zhixian_strength<30; xianzheng_neighbors<10; zhixian_neighbors<10
full,10,long_period_manual,long_period_manual_p000,core,intra,0,joint_count,30,10,xianfa,憲法,zhixian,制憲,0,0,0,0,0,0,0,,108,0,11,0,11,0,low_support,zhixian_strength<30; zhixian_neighbors<10
full,1,long_period_manual,long_period_manual_p000,core,intra,20,joint_count,30,10,lixian,立憲,xianzheng,憲政,0,0,0,0,0,0,0,,10,0,1,0,1,0,low_support,lixian_strength<30; xianzheng_strength<30; lixian_neighbors<10; xianzheng_neighbors<10
full,1,long_period_manual,long_period_manual_p000,core,cross,20,joint_count,30,10,lixian,立憲,xianfa,憲法,0,0,0,0,0,0,0,,10,38,1,4,1,4,low_support,lixian_strength<30; lixian_neighbors<10; xianfa_neighbors<10
full,1,long_period_manual,long_period_manual_p000,core,cross,20,joint_count,30,10,lixian,立憲,zhixian,制憲,0,0,0,0,0,0,0,,10,0,1,0,1,0,low_support,lixian_strength<30; zhixian_strength<30; lixian_neighbors<10; zhixian_neighbors<10
full,1,long_period_manual,long_period_manual_p000,core,cross,20,joint_count,30,10,xianzheng,憲政,xianfa,憲法,0,0,0,0,0,0,0,,0,38,0,4,0,4,low_support,xianzheng_strength<30; xianzheng_neighbors<10; xianfa_neighbors<10
full,1,long_period_manual,long_period_manual_p000,core,cross,20,joint_count,30,10,xianzheng,憲政,zhixian,制憲,0,0,0,0,0,0,0,,0,0,0,0,0,0,low_support,xianzheng_strength<30; zhixian_strength<30; xianzheng_neighbors<10; zhixian_neighbors<10
full,1,long_period_manual,long_period_manual_p000,core,intra,20,joint_count,30,10,xianfa,憲法,zhixian,制憲,0,0,0,0,0,0,0,,38,0,4,0,4,0,low_support,zhixian_strength<30; xianfa_neighbors<10; zhixian_neighbors<10
full,1,long_period_manual,long_period_manual_p000,core,intra,50,joint_count,30,10,lixian,立憲,xianzheng,憲政,0,0,0,0,0,0,0,,10,0,1,0,1,0,low_support,lixian_strength<30; xianzheng_strength<30; lixian_neighbors<10; xianzheng_neighbors<10
full,1,long_period_manual,long_period_manual_p000,core,cross,50,joint_count,30,10,lixian,立憲,xianfa,憲法,0,0,0,0,0,0,0,,10,38,1,4,1,4,low_support,lixian_strength<30; lixian_neighbors<10; xianfa_neighbors<10
full,1,long_period_manual,long_period_manual_p000,core,cross,50,joint_count,30,10,lixian,立憲,zhixian,制憲,0,0,0,0,0,0,0,,10,0,1,0,1,0,low_support,lixian_strength<30; zhixian_strength<30; lixian_neighbors<10; zhixian_neighbors<10
full,1,long_period_manual,long_period_manual_p000,core,cross,50,joint_count,30,10,xianzheng,憲政,xianfa,憲法,0,0,0,0,0,0,0,,0,38,0,4,0,4,low_support,xianzheng_strength<30; xianzheng_neighbors<10; xianfa_neighbors<10
full,1,long_period_manual,long_period_manual_p000,core,cross,50,joint_count,30,10,xianzheng,憲政,zhixian,制憲,0,0,0,0,0,0,0,,0,0,0,0,0,0,low_support,xianzheng_strength<30; zhixian_strength<30; xianzheng_neighbors<10; zhixian_neighbors<10
full,1,long_period_manual,long_period_manual_p000,core,intra,50,joint_count,30,10,xianfa,憲法,zhixian,制憲,0,0,0,0,0,0,0,,38,0,4,0,4,0,low_support,zhixian_strength<30; xianfa_neighbors<10; zhixian_neighbors<10
full,1,long_period_manual,long_period_manual_p000,core,intra,100,joint_count,30,10,lixian,立憲,xianzheng,憲政,0,0,0,0,0,0,0,,10,0,1,0,1,0,low_support,lixian_strength<30; xianzheng_strength<30; lixian_neighbors<10; xianzheng_neighbors<10
full,1,long_period_manual,long_period_manual_p000,core,cross,100,joint_count,30,10,lixian,立憲,xianfa,憲法,0,0,0,0,0,0,0,,10,38,1,4,1,4,low_support,lixian_strength<30; lixian_neighbors<10; xianfa_neighbors<10
full,1,long_period_manual,long_period_manual_p000,core,cross,100,joint_count,30,10,lixian,立憲,zhixian,制憲,0,0,0,0,0,0,0,,10,0,1,0,1,0,low_support,lixian_strength<30; zhixian_strength<30; lixian_neighbors<10; zhixian_neighbors<10
full,1,long_period_manual,long_period_manual_p000,core,cross,100,joint_count,30,10,xianzheng,憲政,xianfa,憲法,0,0,0,0,0,0,0,,0,38,0,4,0,4,low_support,xianzheng_strength<30; xianzheng_neighbors<10; xianfa_neighbors<10
full,1,long_period_manual,long_period_manual_p000,core,cross,100,joint_count,30,10,xianzheng,憲政,zhixian,制憲,0,0,0,0,0,0,0,,0,0,0,0,0,0,low_support,xianzheng_strength<30; zhixian_strength<30; xianzheng_neighbors<10; zhixian_neighbors<10
full,1,long_period_manual,long_period_manual_p000,core,intra,100,joint_count,30,10,xianfa,憲法,zhixian,制憲,0,0,0,0,0,0,0,,38,0,4,0,4,0,low_support,zhixian_strength<30; xianfa_neighbors<10; zhixian_neighbors<10
full,1,long_period_manual,long_period_manual_p000,core,intra,0,joint_count,30,10,lixian,立憲,xianzheng,憲政,0,0,0,0,0,0,0,,10,0,1,0,1,0,low_support,lixian_strength<30; xianzheng_strength<30; lixian_neighbors<10; xianzheng_neighbors<10
full,1,long_period_manual,long_period_manual_p000,core,cross,0,joint_count,30,10,lixian,立憲,xianfa,憲法,0,0,0,0,0,0,0,,10,38,1,4,1,4,low_support,lixian_strength<30; lixian_neighbors<10; xianfa_neighbors<10
full,1,long_period_manual,long_period_manual_p000,core,cross,0,joint_count,30,10,lixian,立憲,zhixian,制憲,0,0,0,0,0,0,0,,10,0,1,0,1,0,low_support,lixian_strength<30; zhixian_strength<30; lixian_neighbors<10; zhixian_neighbors<10
full,1,long_period_manual,long_period_manual_p000,core,cross,0,joint_count,30,10,xianzheng,憲政,xianfa,憲法,0,0,0,0,0,0,0,,0,38,0,4,0,4,low_support,xianzheng_strength<30; xianzheng_neighbors<10; xianfa_neighbors<10
full,1,long_period_manual,long_period_manual_p000,core,cross,0,joint_count,30,10,xianzheng,憲政,zhixian,制憲,0,0,0,0,0,0,0,,0,0,0,0,0,0,low_support,xianzheng_strength<30; zhixian_strength<30; xianzheng_neighbors<10; zhixian_neighbors<10
full,1,long_period_manual,long_period_manual_p000,core,intra,0,joint_count,30,10,xianfa,憲法,zhixian,制憲,0,0,0,0,0,0,0,,38,0,4,0,4,0,low_support,zhixian_strength<30; xianfa_neighbors<10; zhixian_neighbors<10
full,20,long_period_manual,long_period_manual_p000,core,intra,20,joint_count,30,10,lixian,立憲,xianzheng,憲政,0,0,0,0.0397350993377,0.142857142857,0.112201605709,2,民; 人,160,20,14,3,13,3,low_support,xianzheng_strength<30; xianzheng_neighbors<10
full,20,long_period_manual,long_period_manual_p000,core,cross,20,joint_count,30,10,lixian,立憲,xianfa,憲法,0.0266416812497,0.0375,0.018927444795,0.173776695003,0.222222222222,0.494746197871,6,國; 日本; 人; 英; 德; 法,160,317,14,31,13,20,ok,
full,20,long_period_manual,long_period_manual_p000,core,cross,20,joint_count,30,10,lixian,立憲,zhixian,制憲,0,0,0,0,0,0,0,,160,0,14,0,13,0,low_support,zhixian_strength<30; zhixian_neighbors<10
full,20,long_period_manual,long_period_manual_p000,core,cross,20,joint_count,30,10,xianzheng,憲政,xianfa,憲法,0,0,0,0.0266429840142,0.0454545454545,0.092218489779,1,人,20,317,3,31,3,20,low_support,xianzheng_strength<30; xianzheng_neighbors<10
full,20,long_period_manual,long_period_manual_p000,core,cross,20,joint_count,30,10,xianzheng,憲政,zhixian,制憲,0,0,0,0,0,0,0,,20,0,3,0,3,0,low_support,xianzheng_strength<30; zhixian_strength<30; xianzheng_neighbors<10; zhixian_neighbors<10
full,20,long_period_manual,long_period_manual_p000,core,intra,20,joint_count,30,10,xianfa,憲法,zhixian,制憲,0,0,0,0,0,0,0,,317,0,31,0,20,0,low_support,zhixian_strength<30; zhixian_neighbors<10
full,20,long_period_manual,long_period_manual_p000,core,intra,50,joint_count,30,10,lixian,立憲,xianzheng,憲政,0,0,0,0.0397350993377,0.142857142857,0.112201605709,2,民; 人,160,20,14,3,13,3,low_support,xianzheng_strength<30; xianzheng_neighbors<10
full,20,long_period_manual,long_period_manual_p000,core,cross,50,joint_count,30,10,lixian,立憲,xianfa,憲法,0.0266416812497,0.0375,0.018927444795,0.179614206395,0.228571428571,0.502392746887,8,國; 日本; 人; 英; 德; 法; 共和; 君權,160,317,14,31,13,30,ok,
full,20,long_period_manual,long_period_manual_p000,core,cross,50,joint_count,30,10,lixian,立憲,zhixian,制憲,0,0,0,0,0,0,0,,160,0,14,0,13,0,low_support,zhixian_strength<30; zhixian_neighbors<10
full,20,long_period_manual,long_period_manual_p000,core,cross,50,joint_count,30,10,xianzheng,憲政,xianfa,憲法,0,0,0,0.0244698205546,0.03125,0.0899036318018,1,人,20,317,3,31,3,30,low_support,xianzheng_strength<30; xianzheng_neighbors<10
full,20,long_period_manual,long_period_manual_p000,core,cross,50,joint_count,30,10,xianzheng,憲政,zhixian,制憲,0,0,0,0,0,0,0,,20,0,3,0,3,0,low_support,xianzheng_strength<30; zhixian_strength<30; xianzheng_neighbors<10; zhixian_neighbors<10
full,20,long_period_manual,long_period_manual_p000,core,intra,50,joint_count,30,10,xianfa,憲法,zhixian,制憲,0,0,0,0,0,0,0,,317,0,31,0,30,0,low_support,zhixian_strength<30; zhixian_neighbors<10
full,20,long_period_manual,long_period_manual_p000,core,intra,100,joint_count,30,10,lixian,立憲,xianzheng,憲政,0,0,0,0.0397350993377,0.142857142857,0.112201605709,2,民; 人,160,20,14,3,13,3,low_support,xianzheng_strength<30; xianzheng_neighbors<10
full,20,long_period_manual,long_period_manual_p000,core,cross,100,joint_count,30,10,lixian,立憲,xianfa,憲法,0.0266416812497,0.0375,0.018927444795,0.179614206395,0.228571428571,0.502392746887,8,國; 日本; 人; 英; 德; 法; 共和; 君權,160,317,14,31,13,30,ok,
full,20,long_period_manual,long_period_manual_p000,core,cross,100,joint_count,30,10,lixian,立憲,zhixian,制憲,0,0,0,0,0,0,0,,160,0,14,0,13,0,low_support,zhixian_strength<30; zhixian_neighbors<10
full,20,long_period_manual,long_period_manual_p000,core,cross,100,joint_count,30,10,xianzheng,憲政,xianfa,憲法,0,0,0,0.0244698205546,0.03125,0.0899036318018,1,人,20,317,3,31,3,30,low_support,xianzheng_strength<30; xianzheng_neighbors<10
full,20,long_period_manual,long_period_manual_p000,core,cross,100,joint_count,30,10,xianzheng,憲政,zhixian,制憲,0,0,0,0,0,0,0,,20,0,3,0,3,0,low_support,xianzheng_strength<30; zhixian_strength<30; xianzheng_neighbors<10; zhixian_neighbors<10
full,20,long_period_manual,long_period_manual_p000,core,intra,100,joint_count,30,10,xianfa,憲法,zhixian,制憲,0,0,0,0,0,0,0,,317,0,31,0,30,0,low_support,zhixian_strength<30; zhixian_neighbors<10
full,20,long_period_manual,long_period_manual_p000,core,intra,0,joint_count,30,10,lixian,立憲,xianzheng,憲政,0,0,0,0.0397350993377,0.142857142857,0.112201605709,2,民; 人,160,20,14,3,13,3,low_support,xianzheng_strength<30; xianzheng_neighbors<10
full,20,long_period_manual,long_period_manual_p000,core,cross,0,joint_count,30,10,lixian,立憲,xianfa,憲法,0.0266416812497,0.0375,0.018927444795,0.179614206395,0.228571428571,0.502392746887,8,國; 日本; 人; 英; 德; 法; 共和; 君權,160,317,14,31,13,30,ok,
full,20,long_period_manual,long_period_manual_p000,core,cross,0,joint_count,30,10,lixian,立憲,zhixian,制憲,0,0,0,0,0,0,0,,160,0,14,0,13,0,low_support,zhixian_strength<30; zhixian_neighbors<10
full,20,long_period_manual,long_period_manual_p000,core,cross,0,joint_count,30,10,xianzheng,憲政,xianfa,憲法,0,0,0,0.0244698205546,0.03125,0.0899036318018,1,人,20,317,3,31,3,30,low_support,xianzheng_strength<30; xianzheng_neighbors<10
full,20,long_period_manual,long_period_manual_p000,core,cross,0,joint_count,30,10,xianzheng,憲政,zhixian,制憲,0,0,0,0,0,0,0,,20,0,3,0,3,0,low_support,xianzheng_strength<30; zhixian_strength<30; xianzheng_neighbors<10; zhixian_neighbors<10
full,20,long_period_manual,long_period_manual_p000,core,intra,0,joint_count,30,10,xianfa,憲法,zhixian,制憲,0,0,0,0,0,0,0,,317,0,31,0,30,0,low_support,zhixian_strength<30; zhixian_neighbors<10
full,5,long_period_manual,long_period_manual_p000,core,intra,20,joint_count,30,10,lixian,立憲,xianzheng,憲政,0,0,0,0,0,0,0,,43,0,3,0,3,0,low_support,xianzheng_strength<30; lixian_neighbors<10; xianzheng_neighbors<10
full,5,long_period_manual,long_period_manual_p000,core,cross,20,joint_count,30,10,lixian,立憲,xianfa,憲法,0,0,0,0.0505050505051,0.142857142857,0.136317060521,1,國,43,52,3,5,3,5,low_support,lixian_neighbors<10; xianfa_neighbors<10
full,5,long_period_manual,long_period_manual_p000,core,cross,20,joint_count,30,10,lixian,立憲,zhixian,制憲,0,0,0,0,0,0,0,,43,0,3,0,3,0,low_support,zhixian_strength<30; lixian_neighbors<10; zhixian_neighbors<10
full,5,long_period_manual,long_period_manual_p000,core,cross,20,joint_count,30,10,xianzheng,憲政,xianfa,憲法,0,0,0,0,0,0,0,,0,52,0,5,0,5,low_support,xianzheng_strength<30; xianzheng_neighbors<10; xianfa_neighbors<10
full,5,long_period_manual,long_period_manual_p000,core,cross,20,joint_count,30,10,xianzheng,憲政,zhixian,制憲,0,0,0,0,0,0,0,,0,0,0,0,0,0,low_support,xianzheng_strength<30; zhixian_strength<30; xianzheng_neighbors<10; zhixian_neighbors<10
full,5,long_period_manual,long_period_manual_p000,core,intra,20,joint_count,30,10,xianfa,憲法,zhixian,制憲,0,0,0,0,0,0,0,,52,0,5,0,5,0,low_support,zhixian_strength<30; xianfa_neighbors<10; zhixian_neighbors<10
full,5,long_period_manual,long_period_manual_p000,core,intra,50,joint_count,30,10,lixian,立憲,xianzheng,憲政,0,0,0,0,0,0,0,,43,0,3,0,3,0,low_support,xianzheng_strength<30; lixian_neighbors<10; xianzheng_neighbors<10
full,5,long_period_manual,long_period_manual_p000,core,cross,50,joint_count,30,10,lixian,立憲,xianfa,憲法,0,0,0,0.0505050505051,0.142857142857,0.136317060521,1,國,43,52,3,5,3,5,low_support,lixian_neighbors<10; xianfa_neighbors<10
full,5,long_period_manual,long_period_manual_p000,core,cross,50,joint_count,30,10,lixian,立憲,zhixian,制憲,0,0,0,0,0,0,0,,43,0,3,0,3,0,low_support,zhixian_strength<30; lixian_neighbors<10; zhixian_neighbors<10
full,5,long_period_manual,long_period_manual_p000,core,cross,50,joint_count,30,10,xianzheng,憲政,xianfa,憲法,0,0,0,0,0,0,0,,0,52,0,5,0,5,low_support,xianzheng_strength<30; xianzheng_neighbors<10; xianfa_neighbors<10
full,5,long_period_manual,long_period_manual_p000,core,cross,50,joint_count,30,10,xianzheng,憲政,zhixian,制憲,0,0,0,0,0,0,0,,0,0,0,0,0,0,low_support,xianzheng_strength<30; zhixian_strength<30; xianzheng_neighbors<10; zhixian_neighbors<10
full,5,long_period_manual,long_period_manual_p000,core,intra,50,joint_count,30,10,xianfa,憲法,zhixian,制憲,0,0,0,0,0,0,0,,52,0,5,0,5,0,low_support,zhixian_strength<30; xianfa_neighbors<10; zhixian_neighbors<10
full,5,long_period_manual,long_period_manual_p000,core,intra,100,joint_count,30,10,lixian,立憲,xianzheng,憲政,0,0,0,0,0,0,0,,43,0,3,0,3,0,low_support,xianzheng_strength<30; lixian_neighbors<10; xianzheng_neighbors<10
full,5,long_period_manual,long_period_manual_p000,core,cross,100,joint_count,30,10,lixian,立憲,xianfa,憲法,0,0,0,0.0505050505051,0.142857142857,0.136317060521,1,國,43,52,3,5,3,5,low_support,lixian_neighbors<10; xianfa_neighbors<10
full,5,long_period_manual,long_period_manual_p000,core,cross,100,joint_count,30,10,lixian,立憲,zhixian,制憲,0,0,0,0,0,0,0,,43,0,3,0,3,0,low_support,zhixian_strength<30; lixian_neighbors<10; zhixian_neighbors<10
full,5,long_period_manual,long_period_manual_p000,core,cross,100,joint_count,30,10,xianzheng,憲政,xianfa,憲法,0,0,0,0,0,0,0,,0,52,0,5,0,5,low_support,xianzheng_strength<30; xianzheng_neighbors<10; xianfa_neighbors<10
full,5,long_period_manual,long_period_manual_p000,core,cross,100,joint_count,30,10,xianzheng,憲政,zhixian,制憲,0,0,0,0,0,0,0,,0,0,0,0,0,0,low_support,xianzheng_strength<30; zhixian_strength<30; xianzheng_neighbors<10; zhixian_neighbors<10
full,5,long_period_manual,long_period_manual_p000,core,intra,100,joint_count,30,10,xianfa,憲法,zhixian,制憲,0,0,0,0,0,0,0,,52,0,5,0,5,0,low_support,zhixian_strength<30; xianfa_neighbors<10; zhixian_neighbors<10
full,5,long_period_manual,long_period_manual_p000,core,intra,0,joint_count,30,10,lixian,立憲,xianzheng,憲政,0,0,0,0,0,0,0,,43,0,3,0,3,0,low_support,xianzheng_strength<30; lixian_neighbors<10; xianzheng_neighbors<10
full,5,long_period_manual,long_period_manual_p000,core,cross,0,joint_count,30,10,lixian,立憲,xianfa,憲法,0,0,0,0.0505050505051,0.142857142857,0.136317060521,1,國,43,52,3,5,3,5,low_support,lixian_neighbors<10; xianfa_neighbors<10
full,5,long_period_manual,long_period_manual_p000,core,cross,0,joint_count,30,10,lixian,立憲,zhixian,制憲,0,0,0,0,0,0,0,,43,0,3,0,3,0,low_support,zhixian_strength<30; lixian_neighbors<10; zhixian_neighbors<10
full,5,long_period_manual,long_period_manual_p000,core,cross,0,joint_count,30,10,xianzheng,憲政,xianfa,憲法,0,0,0,0,0,0,0,,0,52,0,5,0,5,low_support,xianzheng_strength<30; xianzheng_neighbors<10; xianfa_neighbors<10
full,5,long_period_manual,long_period_manual_p000,core,cross,0,joint_count,30,10,xianzheng,憲政,zhixian,制憲,0,0,0,0,0,0,0,,0,0,0,0,0,0,low_support,xianzheng_strength<30; zhixian_strength<30; xianzheng_neighbors<10; zhixian_neighbors<10
full,5,long_period_manual,long_period_manual_p000,core,intra,0,joint_count,30,10,xianfa,憲法,zhixian,制憲,0,0,0,0,0,0,0,,52,0,5,0,5,0,low_support,zhixian_strength<30; xianfa_neighbors<10; zhixian_neighbors<10
regex-only,10,long_period_manual,long_period_manual_p000,core,intra,20,joint_count,30,10,lixian,立憲,xianzheng,憲政,0,0,0,0,0,0,0,,66,0,5,0,5,0,low_support,xianzheng_strength<30; lixian_neighbors<10; xianzheng_neighbors<10
regex-only,10,long_period_manual,long_period_manual_p000,core,cross,20,joint_count,30,10,lixian,立憲,xianfa,憲法,0,0,0,0.0733944954128,0.0666666666667,0.308369979605,1,國,66,117,5,11,5,11,low_support,lixian_neighbors<10
regex-only,10,long_period_manual,long_period_manual_p000,core,cross,20,joint_count,30,10,lixian,立憲,zhixian,制憲,0,0,0,0,0,0,0,,66,0,5,0,5,0,low_support,zhixian_strength<30; lixian_neighbors<10; zhixian_neighbors<10
regex-only,10,long_period_manual,long_period_manual_p000,core,cross,20,joint_count,30,10,xianzheng,憲政,xianfa,憲法,0,0,0,0,0,0,0,,0,117,0,11,0,11,low_support,xianzheng_strength<30; xianzheng_neighbors<10
regex-only,10,long_period_manual,long_period_manual_p000,core,cross,20,joint_count,30,10,xianzheng,憲政,zhixian,制憲,0,0,0,0,0,0,0,,0,0,0,0,0,0,low_support,xianzheng_strength<30; zhixian_strength<30; xianzheng_neighbors<10; zhixian_neighbors<10
regex-only,10,long_period_manual,long_period_manual_p000,core,intra,20,joint_count,30,10,xianfa,憲法,zhixian,制憲,0,0,0,0,0,0,0,,117,0,11,0,11,0,low_support,zhixian_strength<30; zhixian_neighbors<10
regex-only,10,long_period_manual,long_period_manual_p000,core,intra,50,joint_count,30,10,lixian,立憲,xianzheng,憲政,0,0,0,0,0,0,0,,66,0,5,0,5,0,low_support,xianzheng_strength<30; lixian_neighbors<10; xianzheng_neighbors<10
regex-only,10,long_period_manual,long_period_manual_p000,core,cross,50,joint_count,30,10,lixian,立憲,xianfa,憲法,0,0,0,0.0733944954128,0.0666666666667,0.308369979605,1,國,66,117,5,11,5,11,low_support,lixian_neighbors<10
regex-only,10,long_period_manual,long_period_manual_p000,core,cross,50,joint_count,30,10,lixian,立憲,zhixian,制憲,0,0,0,0,0,0,0,,66,0,5,0,5,0,low_support,zhixian_strength<30; lixian_neighbors<10; zhixian_neighbors<10
regex-only,10,long_period_manual,long_period_manual_p000,core,cross,50,joint_count,30,10,xianzheng,憲政,xianfa,憲法,0,0,0,0,0,0,0,,0,117,0,11,0,11,low_support,xianzheng_strength<30; xianzheng_neighbors<10
regex-only,10,long_period_manual,long_period_manual_p000,core,cross,50,joint_count,30,10,xianzheng,憲政,zhixian,制憲,0,0,0,0,0,0,0,,0,0,0,0,0,0,low_support,xianzheng_strength<30; zhixian_strength<30; xianzheng_neighbors<10; zhixian_neighbors<10
regex-only,10,long_period_manual,long_period_manual_p000,core,intra,50,joint_count,30,10,xianfa,憲法,zhixian,制憲,0,0,0,0,0,0,0,,117,0,11,0,11,0,low_support,zhixian_strength<30; zhixian_neighbors<10
regex-only,10,long_period_manual,long_period_manual_p000,core,intra,100,joint_count,30,10,lixian,立憲,xianzheng,憲政,0,0,0,0,0,0,0,,66,0,5,0,5,0,low_support,xianzheng_strength<30; lixian_neighbors<10; xianzheng_neighbors<10
regex-only,10,long_period_manual,long_period_manual_p000,core,cross,100,joint_count,30,10,lixian,立憲,xianfa,憲法,0,0,0,0.0733944954128,0.0666666666667,0.308369979605,1,國,66,117,5,11,5,11,low_support,lixian_neighbors<10
regex-only,10,long_period_manual,long_period_manual_p000,core,cross,100,joint_count,30,10,lixian,立憲,zhixian,制憲,0,0,0,0,0,0,0,,66,0,5,0,5,0,low_support,zhixian_strength<30; lixian_neighbors<10; zhixian_neighbors<10
regex-only,10,long_period_manual,long_period_manual_p000,core,cross,100,joint_count,30,10,xianzheng,憲政,xianfa,憲法,0,0,0,0,0,0,0,,0,117,0,11,0,11,low_support,xianzheng_strength<30; xianzheng_neighbors<10
regex-only,10,long_period_manual,long_period_manual_p000,core,cross,100,joint_count,30,10,xianzheng,憲政,zhixian,制憲,0,0,0,0,0,0,0,,0,0,0,0,0,0,low_support,xianzheng_strength<30; zhixian_strength<30; xianzheng_neighbors<10; zhixian_neighbors<10
regex-only,10,long_period_manual,long_period_manual_p000,core,intra,100,joint_count,30,10,xianfa,憲法,zhixian,制憲,0,0,0,0,0,0,0,,117,0,11,0,11,0,low_support,zhixian_strength<30; zhixian_neighbors<10
regex-only,10,long_period_manual,long_period_manual_p000,core,intra,0,joint_count,30,10,lixian,立憲,xianzheng,憲政,0,0,0,0,0,0,0,,66,0,5,0,5,0,low_support,xianzheng_strength<30; lixian_neighbors<10; xianzheng_neighbors<10
regex-only,10,long_period_manual,long_period_manual_p000,core,cross,0,joint_count,30,10,lixian,立憲,xianfa,憲法,0,0,0,0.0733944954128,0.0666666666667,0.308369979605,1,國,66,117,5,11,5,11,low_support,lixian_neighbors<10
regex-only,10,long_period_manual,long_period_manual_p000,core,cross,0,joint_count,30,10,lixian,立憲,zhixian,制憲,0,0,0,0,0,0,0,,66,0,5,0,5,0,low_support,zhixian_strength<30; lixian_neighbors<10; zhixian_neighbors<10
regex-only,10,long_period_manual,long_period_manual_p000,core,cross,0,joint_count,30,10,xianzheng,憲政,xianfa,憲法,0,0,0,0,0,0,0,,0,117,0,11,0,11,low_support,xianzheng_strength<30; xianzheng_neighbors<10
regex-only,10,long_period_manual,long_period_manual_p000,core,cross,0,joint_count,30,10,xianzheng,憲政,zhixian,制憲,0,0,0,0,0,0,0,,0,0,0,0,0,0,low_support,xianzheng_strength<30; zhixian_strength<30; xianzheng_neighbors<10; zhixian_neighbors<10
regex-only,10,long_period_manual,long_period_manual_p000,core,intra,0,joint_count,30,10,xianfa,憲法,zhixian,制憲,0,0,0,0,0,0,0,,117,0,11,0,11,0,low_support,zhixian_strength<30; zhixian_neighbors<10
regex-only,1,long_period_manual,long_period_manual_p000,core,intra,20,joint_count,30,10,lixian,立憲,xianzheng,憲政,0,0,0,0,0,0,0,,10,0,1,0,1,0,low_support,lixian_strength<30; xianzheng_strength<30; lixian_neighbors<10; xianzheng_neighbors<10
regex-only,1,long_period_manual,long_period_manual_p000,core,cross,20,joint_count,30,10,lixian,立憲,xianfa,憲法,0,0,0,0,0,0,0,,10,38,1,4,1,4,low_support,lixian_strength<30; lixian_neighbors<10; xianfa_neighbors<10
regex-only,1,long_period_manual,long_period_manual_p000,core,cross,20,joint_count,30,10,lixian,立憲,zhixian,制憲,0,0,0,0,0,0,0,,10,0,1,0,1,0,low_support,lixian_strength<30; zhixian_strength<30; lixian_neighbors<10; zhixian_neighbors<10
regex-only,1,long_period_manual,long_period_manual_p000,core,cross,20,joint_count,30,10,xianzheng,憲政,xianfa,憲法,0,0,0,0,0,0,0,,0,38,0,4,0,4,low_support,xianzheng_strength<30; xianzheng_neighbors<10; xianfa_neighbors<10
regex-only,1,long_period_manual,long_period_manual_p000,core,cross,20,joint_count,30,10,xianzheng,憲政,zhixian,制憲,0,0,0,0,0,0,0,,0,0,0,0,0,0,low_support,xianzheng_strength<30; zhixian_strength<30; xianzheng_neighbors<10; zhixian_neighbors<10
regex-only,1,long_period_manual,long_period_manual_p000,core,intra,20,joint_count,30,10,xianfa,憲法,zhixian,制憲,0,0,0,0,0,0,0,,38,0,4,0,4,0,low_support,zhixian_strength<30; xianfa_neighbors<10; zhixian_neighbors<10
regex-only,1,long_period_manual,long_period_manual_p000,core,intra,50,joint_count,30,10,lixian,立憲,xianzheng,憲政,0,0,0,0,0,0,0,,10,0,1,0,1,0,low_support,lixian_strength<30; xianzheng_strength<30; lixian_neighbors<10; xianzheng_neighbors<10
regex-only,1,long_period_manual,long_period_manual_p000,core,cross,50,joint_count,30,10,lixian,立憲,xianfa,憲法,0,0,0,0,0,0,0,,10,38,1,4,1,4,low_support,lixian_strength<30; lixian_neighbors<10; xianfa_neighbors<10
regex-only,1,long_period_manual,long_period_manual_p000,core,cross,50,joint_count,30,10,lixian,立憲,zhixian,制憲,0,0,0,0,0,0,0,,10,0,1,0,1,0,low_support,lixian_strength<30; zhixian_strength<30; lixian_neighbors<10; zhixian_neighbors<10
regex-only,1,long_period_manual,long_period_manual_p000,core,cross,50,joint_count,30,10,xianzheng,憲政,xianfa,憲法,0,0,0,0,0,0,0,,0,38,0,4,0,4,low_support,xianzheng_strength<30; xianzheng_neighbors<10; xianfa_neighbors<10
regex-only,1,long_period_manual,long_period_manual_p000,core,cross,50,joint_count,30,10,xianzheng,憲政,zhixian,制憲,0,0,0,0,0,0,0,,0,0,0,0,0,0,low_support,xianzheng_strength<30; zhixian_strength<30; xianzheng_neighbors<10; zhixian_neighbors<10
regex-only,1,long_period_manual,long_period_manual_p000,core,intra,50,joint_count,30,10,xianfa,憲法,zhixian,制憲,0,0,0,0,0,0,0,,38,0,4,0,4,0,low_support,zhixian_strength<30; xianfa_neighbors<10; zhixian_neighbors<10
regex-only,1,long_period_manual,long_period_manual_p000,core,intra,100,joint_count,30,10,lixian,立憲,xianzheng,憲政,0,0,0,0,0,0,0,,10,0,1,0,1,0,low_support,lixian_strength<30; xianzheng_strength<30; lixian_neighbors<10; xianzheng_neighbors<10
regex-only,1,long_period_manual,long_period_manual_p000,core,cross,100,joint_count,30,10,lixian,立憲,xianfa,憲法,0,0,0,0,0,0,0,,10,38,1,4,1,4,low_support,lixian_strength<30; lixian_neighbors<10; xianfa_neighbors<10
regex-only,1,long_period_manual,long_period_manual_p000,core,cross,100,joint_count,30,10,lixian,立憲,zhixian,制憲,0,0,0,0,0,0,0,,10,0,1,0,1,0,low_support,lixian_strength<30; zhixian_strength<30; lixian_neighbors<10; zhixian_neighbors<10
regex-only,1,long_period_manual,long_period_manual_p000,core,cross,100,joint_count,30,10,xianzheng,憲政,xianfa,憲法,0,0,0,0,0,0,0,,0,38,0,4,0,4,low_support,xianzheng_strength<30; xianzheng_neighbors<10; xianfa_neighbors<10
regex-only,1,long_period_manual,long_period_manual_p000,core,cross,100,joint_count,30,10,xianzheng,憲政,zhixian,制憲,0,0,0,0,0,0,0,,0,0,0,0,0,0,low_support,xianzheng_strength<30; zhixian_strength<30; xianzheng_neighbors<10; zhixian_neighbors<10
regex-only,1,long_period_manual,long_period_manual_p000,core,intra,100,joint_count,30,10,xianfa,憲法,zhixian,制憲,0,0,0,0,0,0,0,,38,0,4,0,4,0,low_support,zhixian_strength<30; xianfa_neighbors<10; zhixian_neighbors<10
regex-only,1,long_period_manual,long_period_manual_p000,core,intra,0,joint_count,30,10,lixian,立憲,xianzheng,憲政,0,0,0,0,0,0,0,,10,0,1,0,1,0,low_support,lixian_strength<30; xianzheng_strength<30; lixian_neighbors<10; xianzheng_neighbors<10
regex-only,1,long_period_manual,long_period_manual_p000,core,cross,0,joint_count,30,10,lixian,立憲,xianfa,憲法,0,0,0,0,0,0,0,,10,38,1,4,1,4,low_support,lixian_strength<30; lixian_neighbors<10; xianfa_neighbors<10
regex-only,1,long_period_manual,long_period_manual_p000,core,cross,0,joint_count,30,10,lixian,立憲,zhixian,制憲,0,0,0,0,0,0,0,,10,0,1,0,1,0,low_support,lixian_strength<30; zhixian_strength<30; lixian_neighbors<10; zhixian_neighbors<10
regex-only,1,long_period_manual,long_period_manual_p000,core,cross,0,joint_count,30,10,xianzheng,憲政,xianfa,憲法,0,0,0,0,0,0,0,,0,38,0,4,0,4,low_support,xianzheng_strength<30; xianzheng_neighbors<10; xianfa_neighbors<10
regex-only,1,long_period_manual,long_period_manual_p000,core,cross,0,joint_count,30,10,xianzheng,憲政,zhixian,制憲,0,0,0,0,0,0,0,,0,0,0,0,0,0,low_support,xianzheng_strength<30; zhixian_strength<30; xianzheng_neighbors<10; zhixian_neighbors<10
regex-only,1,long_period_manual,long_period_manual_p000,core,intra,0,joint_count,30,10,xianfa,憲法,zhixian,制憲,0,0,0,0,0,0,0,,38,0,4,0,4,0,low_support,zhixian_strength<30; xianfa_neighbors<10; zhixian_neighbors<10
regex-only,20,long_period_manual,long_period_manual_p000,core,intra,20,joint_count,30,10,lixian,立憲,xianzheng,憲政,0,0,0,0.0394736842105,0.142857142857,0.11193557766,2,民; 人,161,20,14,3,13,3,low_support,xianzheng_strength<30; xianzheng_neighbors<10
regex-only,20,long_period_manual,long_period_manual_p000,core,cross,20,joint_count,30,10,lixian,立憲,xianfa,憲法,0.0252757639123,0.0372670807453,0.0171428571429,0.160424726315,0.178571428571,0.483312059493,5,國; 日本; 人; 英; 德,161,350,14,34,13,20,ok,
regex-only,20,long_period_manual,long_period_manual_p000,core,cross,20,joint_count,30,10,lixian,立憲,zhixian,制憲,0,0,0,0,0,0,0,,161,0,14,0,13,0,low_support,zhixian_strength<30; zhixian_neighbors<10
regex-only,20,long_period_manual,long_period_manual_p000,core,cross,20,joint_count,30,10,xianzheng,憲政,xianfa,憲法,0,0,0,0.0262295081967,0.0454545454545,0.0938804195783,1,人,20,350,3,34,3,20,low_support,xianzheng_strength<30; xianzheng_neighbors<10
regex-only,20,long_period_manual,long_period_manual_p000,core,cross,20,joint_count,30,10,xianzheng,憲政,zhixian,制憲,0,0,0,0,0,0,0,,20,0,3,0,3,0,low_support,xianzheng_strength<30; zhixian_strength<30; xianzheng_neighbors<10; zhixian_neighbors<10
regex-only,20,long_period_manual,long_period_manual_p000,core,intra,20,joint_count,30,10,xianfa,憲法,zhixian,制憲,0,0,0,0,0,0,0,,350,0,34,0,20,0,low_support,zhixian_strength<30; zhixian_neighbors<10
regex-only,20,long_period_manual,long_period_manual_p000,core,intra,50,joint_count,30,10,lixian,立憲,xianzheng,憲政,0,0,0,0.0394736842105,0.142857142857,0.11193557766,2,民; 人,161,20,14,3,13,3,low_support,xianzheng_strength<30; xianzheng_neighbors<10
regex-only,20,long_period_manual,long_period_manual_p000,core,cross,50,joint_count,30,10,lixian,立憲,xianfa,憲法,0.0252757639123,0.0372670807453,0.0171428571429,0.173623079805,0.210526315789,0.503693962122,8,國; 日本; 人; 英; 德; 法; 共和; 君權,161,350,14,34,13,33,ok,
regex-only,20,long_period_manual,long_period_manual_p000,core,cross,50,joint_count,30,10,lixian,立憲,zhixian,制憲,0,0,0,0,0,0,0,,161,0,14,0,13,0,low_support,zhixian_strength<30; zhixian_neighbors<10
regex-only,20,long_period_manual,long_period_manual_p000,core,cross,50,joint_count,30,10,xianzheng,憲政,xianfa,憲法,0,0,0,0.023598820059,0.0285714285714,0.0908410794033,1,人,20,350,3,34,3,33,low_support,xianzheng_strength<30; xianzheng_neighbors<10
regex-only,20,long_period_manual,long_period_manual_p000,core,cross,50,joint_count,30,10,xianzheng,憲政,zhixian,制憲,0,0,0,0,0,0,0,,20,0,3,0,3,0,low_support,xianzheng_strength<30; zhixian_strength<30; xianzheng_neighbors<10; zhixian_neighbors<10
regex-only,20,long_period_manual,long_period_manual_p000,core,intra,50,joint_count,30,10,xianfa,憲法,zhixian,制憲,0,0,0,0,0,0,0,,350,0,34,0,33,0,low_support,zhixian_strength<30; zhixian_neighbors<10
regex-only,20,long_period_manual,long_period_manual_p000,core,intra,100,joint_count,30,10,lixian,立憲,xianzheng,憲政,0,0,0,0.0394736842105,0.142857142857,0.11193557766,2,民; 人,161,20,14,3,13,3,low_support,xianzheng_strength<30; xianzheng_neighbors<10
regex-only,20,long_period_manual,long_period_manual_p000,core,cross,100,joint_count,30,10,lixian,立憲,xianfa,憲法,0.0252757639123,0.0372670807453,0.0171428571429,0.173623079805,0.210526315789,0.503693962122,8,國; 日本; 人; 英; 德; 法; 共和; 君權,161,350,14,34,13,33,ok,
regex-only,20,long_period_manual,long_period_manual_p000,core,cross,100,joint_count,30,10,lixian,立憲,zhixian,制憲,0,0,0,0,0,0,0,,161,0,14,0,13,0,low_support,zhixian_strength<30; zhixian_neighbors<10
regex-only,20,long_period_manual,long_period_manual_p000,core,cross,100,joint_count,30,10,xianzheng,憲政,xianfa,憲法,0,0,0,0.023598820059,0.0285714285714,0.0908410794033,1,人,20,350,3,34,3,33,low_support,xianzheng_strength<30; xianzheng_neighbors<10
regex-only,20,long_period_manual,long_period_manual_p000,core,cross,100,joint_count,30,10,xianzheng,憲政,zhixian,制憲,0,0,0,0,0,0,0,,20,0,3,0,3,0,low_support,xianzheng_strength<30; zhixian_strength<30; xianzheng_neighbors<10; zhixian_neighbors<10
regex-only,20,long_period_manual,long_period_manual_p000,core,intra,100,joint_count,30,10,xianfa,憲法,zhixian,制憲,0,0,0,0,0,0,0,,350,0,34,0,33,0,low_support,zhixian_strength<30; zhixian_neighbors<10
regex-only,20,long_period_manual,long_period_manual_p000,core,intra,0,joint_count,30,10,lixian,立憲,xianzheng,憲政,0,0,0,0.0394736842105,0.142857142857,0.11193557766,2,民; 人,161,20,14,3,13,3,low_support,xianzheng_strength<30; xianzheng_neighbors<10
regex-only,20,long_period_manual,long_period_manual_p000,core,cross,0,joint_count,30,10,lixian,立憲,xianfa,憲法,0.0252757639123,0.0372670807453,0.0171428571429,0.173623079805,0.210526315789,0.503693962122,8,國; 日本; 人; 英; 德; 法; 共和; 君權,161,350,14,34,13,33,ok,
regex-only,20,long_period_manual,long_period_manual_p000,core,cross,0,joint_count,30,10,lixian,立憲,zhixian,制憲,0,0,0,0,0,0,0,,161,0,14,0,13,0,low_support,zhixian_strength<30; zhixian_neighbors<10
regex-only,20,long_period_manual,long_period_manual_p000,core,cross,0,joint_count,30,10,xianzheng,憲政,xianfa,憲法,0,0,0,0.023598820059,0.0285714285714,0.0908410794033,1,人,20,350,3,34,3,33,low_support,xianzheng_strength<30; xianzheng_neighbors<10
regex-only,20,long_period_manual,long_period_manual_p000,core,cross,0,joint_count,30,10,xianzheng,憲政,zhixian,制憲,0,0,0,0,0,0,0,,20,0,3,0,3,0,low_support,xianzheng_strength<30; zhixian_strength<30; xianzheng_neighbors<10; zhixian_neighbors<10
regex-only,20,long_period_manual,long_period_manual_p000,core,intra,0,joint_count,30,10,xianfa,憲法,zhixian,制憲,0,0,0,0,0,0,0,,350,0,34,0,33,0,low_support,zhixian_strength<30; zhixian_neighbors<10
regex-only,5,long_period_manual,long_period_manual_p000,core,intra,20,joint_count,30,10,lixian,立憲,xianzheng,憲政,0,0,0,0,0,0,0,,43,0,3,0,3,0,low_support,xianzheng_strength<30; lixian_neighbors<10; xianzheng_neighbors<10
regex-only,5,long_period_manual,long_period_manual_p000,core,cross,20,joint_count,30,10,lixian,立憲,xianfa,憲法,0,0,0,0.0961538461538,0.142857142857,0.256800219985,1,國,43,57,3,5,3,5,low_support,lixian_neighbors<10; xianfa_neighbors<10
regex-only,5,long_period_manual,long_period_manual_p000,core,cross,20,joint_count,30,10,lixian,立憲,zhixian,制憲,0,0,0,0,0,0,0,,43,0,3,0,3,0,low_support,zhixian_strength<30; lixian_neighbors<10; zhixian_neighbors<10
regex-only,5,long_period_manual,long_period_manual_p000,core,cross,20,joint_count,30,10,xianzheng,憲政,xianfa,憲法,0,0,0,0,0,0,0,,0,57,0,5,0,5,low_support,xianzheng_strength<30; xianzheng_neighbors<10; xianfa_neighbors<10
regex-only,5,long_period_manual,long_period_manual_p000,core,cross,20,joint_count,30,10,xianzheng,憲政,zhixian,制憲,0,0,0,0,0,0,0,,0,0,0,0,0,0,low_support,xianzheng_strength<30; zhixian_strength<30; xianzheng_neighbors<10; zhixian_neighbors<10
regex-only,5,long_period_manual,long_period_manual_p000,core,intra,20,joint_count,30,10,xianfa,憲法,zhixian,制憲,0,0,0,0,0,0,0,,57,0,5,0,5,0,low_support,zhixian_strength<30; xianfa_neighbors<10; zhixian_neighbors<10
regex-only,5,long_period_manual,long_period_manual_p000,core,intra,50,joint_count,30,10,lixian,立憲,xianzheng,憲政,0,0,0,0,0,0,0,,43,0,3,0,3,0,low_support,xianzheng_strength<30; lixian_neighbors<10; xianzheng_neighbors<10
regex-only,5,long_period_manual,long_period_manual_p000,core,cross,50,joint_count,30,10,lixian,立憲,xianfa,憲法,0,0,0,0.0961538461538,0.142857142857,0.256800219985,1,國,43,57,3,5,3,5,low_support,lixian_neighbors<10; xianfa_neighbors<10
regex-only,5,long_period_manual,long_period_manual_p000,core,cross,50,joint_count,30,10,lixian,立憲,zhixian,制憲,0,0,0,0,0,0,0,,43,0,3,0,3,0,low_support,zhixian_strength<30; lixian_neighbors<10; zhixian_neighbors<10
regex-only,5,long_period_manual,long_period_manual_p000,core,cross,50,joint_count,30,10,xianzheng,憲政,xianfa,憲法,0,0,0,0,0,0,0,,0,57,0,5,0,5,low_support,xianzheng_strength<30; xianzheng_neighbors<10; xianfa_neighbors<10
regex-only,5,long_period_manual,long_period_manual_p000,core,cross,50,joint_count,30,10,xianzheng,憲政,zhixian,制憲,0,0,0,0,0,0,0,,0,0,0,0,0,0,low_support,xianzheng_strength<30; zhixian_strength<30; xianzheng_neighbors<10; zhixian_neighbors<10
regex-only,5,long_period_manual,long_period_manual_p000,core,intra,50,joint_count,30,10,xianfa,憲法,zhixian,制憲,0,0,0,0,0,0,0,,57,0,5,0,5,0,low_support,zhixian_strength<30; xianfa_neighbors<10; zhixian_neighbors<10
regex-only,5,long_period_manual,long_period_manual_p000,core,intra,100,joint_count,30,10,lixian,立憲,xianzheng,憲政,0,0,0,0,0,0,0,,43,0,3,0,3,0,low_support,xianzheng_strength<30; lixian_neighbors<10; xianzheng_neighbors<10
regex-only,5,long_period_manual,long_period_manual_p000,core,cross,100,joint_count,30,10,lixian,立憲,xianfa,憲法,0,0,0,0.0961538461538,0.142857142857,0.256800219985,1,國,43,57,3,5,3,5,low_support,lixian_neighbors<10; xianfa_neighbors<10
regex-only,5,long_period_manual,long_period_manual_p000,core,cross,100,joint_count,30,10,lixian,立憲,zhixian,制憲,0,0,0,0,0,0,0,,43,0,3,0,3,0,low_support,zhixian_strength<30; lixian_neighbors<10; zhixian_neighbors<10
regex-only,5,long_period_manual,long_period_manual_p000,core,cross,100,joint_count,30,10,xianzheng,憲政,xianfa,憲法,0,0,0,0,0,0,0,,0,57,0,5,0,5,low_support,xianzheng_strength<30; xianzheng_neighbors<10; xianfa_neighbors<10
regex-only,5,long_period_manual,long_period_manual_p000,core,cross,100,joint_count,30,10,xianzheng,憲政,zhixian,制憲,0,0,0,0,0,0,0,,0,0,0,0,0,0,low_support,xianzheng_strength<30; zhixian_strength<30; xianzheng_neighbors<10; zhixian_neighbors<10
regex-only,5,long_period_manual,long_period_manual_p000,core,intra,100,joint_count,30,10,xianfa,憲法,zhixian,制憲,0,0,0,0,0,0,0,,57,0,5,0,5,0,low_support,zhixian_strength<30; xianfa_neighbors<10; zhixian_neighbors<10
regex-only,5,long_period_manual,long_period_manual_p000,core,intra,0,joint_count,30,10,lixian,立憲,xianzheng,憲政,0,0,0,0,0,0,0,,43,0,3,0,3,0,low_support,xianzheng_strength<30; lixian_neighbors<10; xianzheng_neighbors<10
regex-only,5,long_period_manual,long_period_manual_p000,core,cross,0,joint_count,30,10,lixian,立憲,xianfa,憲法,0,0,0,0.0961538461538,0.142857142857,0.256800219985,1,國,43,57,3,5,3,5,low_support,lixian_neighbors<10; xianfa_neighbors<10
regex-only,5,long_period_manual,long_period_manual_p000,core,cross,0,joint_count,30,10,lixian,立憲,zhixian,制憲,0,0,0,0,0,0,0,,43,0,3,0,3,0,low_support,zhixian_strength<30; lixian_neighbors<10; zhixian_neighbors<10
regex-only,5,long_period_manual,long_period_manual_p000,core,cross,0,joint_count,30,10,xianzheng,憲政,xianfa,憲法,0,0,0,0,0,0,0,,0,57,0,5,0,5,low_support,xianzheng_strength<30; xianzheng_neighbors<10; xianfa_neighbors<10
regex-only,5,long_period_manual,long_period_manual_p000,core,cross,0,joint_count,30,10,xianzheng,憲政,zhixian,制憲,0,0,0,0,0,0,0,,0,0,0,0,0,0,low_support,xianzheng_strength<30; zhixian_strength<30; xianzheng_neighbors<10; zhixian_neighbors<10
regex-only,5,long_period_manual,long_period_manual_p000,core,intra,0,joint_count,30,10,xianfa,憲法,zhixian,制憲,0,0,0,0,0,0,0,,57,0,5,0,5,0,low_support,zhixian_strength<30; xianfa_neighbors<10; zhixian_neighbors<10
strict,10,long_period_manual,long_period_manual_p000,core,intra,20,joint_count,30,10,lixian,立憲,xianzheng,憲政,0,0,0,0,0,0,0,,66,0,5,0,5,0,low_support,xianzheng_strength<30; lixian_neighbors<10; xianzheng_neighbors<10
strict,10,long_period_manual,long_period_manual_p000,core,cross,20,joint_count,30,10,lixian,立憲,xianfa,憲法,0,0,0,0.0746268656716,0.0666666666667,0.307744918158,1,國,66,108,5,11,5,11,low_support,lixian_neighbors<10
strict,10,long_period_manual,long_period_manual_p000,core,cross,20,joint_count,30,10,lixian,立憲,zhixian,制憲,0,0,0,0,0,0,0,,66,0,5,0,5,0,low_support,zhixian_strength<30; lixian_neighbors<10; zhixian_neighbors<10
strict,10,long_period_manual,long_period_manual_p000,core,cross,20,joint_count,30,10,xianzheng,憲政,xianfa,憲法,0,0,0,0,0,0,0,,0,108,0,11,0,11,low_support,xianzheng_strength<30; xianzheng_neighbors<10
strict,10,long_period_manual,long_period_manual_p000,core,cross,20,joint_count,30,10,xianzheng,憲政,zhixian,制憲,0,0,0,0,0,0,0,,0,0,0,0,0,0,low_support,xianzheng_strength<30; zhixian_strength<30; xianzheng_neighbors<10; zhixian_neighbors<10
strict,10,long_period_manual,long_period_manual_p000,core,intra,20,joint_count,30,10,xianfa,憲法,zhixian,制憲,0,0,0,0,0,0,0,,108,0,11,0,11,0,low_support,zhixian_strength<30; zhixian_neighbors<10
strict,10,long_period_manual,long_period_manual_p000,core,intra,50,joint_count,30,10,lixian,立憲,xianzheng,憲政,0,0,0,0,0,0,0,,66,0,5,0,5,0,low_support,xianzheng_strength<30; lixian_neighbors<10; xianzheng_neighbors<10
strict,10,long_period_manual,long_period_manual_p000,core,cross,50,joint_count,30,10,lixian,立憲,xianfa,憲法,0,0,0,0.0746268656716,0.0666666666667,0.307744918158,1,國,66,108,5,11,5,11,low_support,lixian_neighbors<10
strict,10,long_period_manual,long_period_manual_p000,core,cross,50,joint_count,30,10,lixian,立憲,zhixian,制憲,0,0,0,0,0,0,0,,66,0,5,0,5,0,low_support,zhixian_strength<30; lixian_neighbors<10; zhixian_neighbors<10
strict,10,long_period_manual,long_period_manual_p000,core,cross,50,joint_count,30,10,xianzheng,憲政,xianfa,憲法,0,0,0,0,0,0,0,,0,108,0,11,0,11,low_support,xianzheng_strength<30; xianzheng_neighbors<10
strict,10,long_period_manual,long_period_manual_p000,core,cross,50,joint_count,30,10,xianzheng,憲政,zhixian,制憲,0,0,0,0,0,0,0,,0,0,0,0,0,0,low_support,xianzheng_strength<30; zhixian_strength<30; xianzheng_neighbors<10; zhixian_neighbors<10
strict,10,long_period_manual,long_period_manual_p000,core,intra,50,joint_count,30,10,xianfa,憲法,zhixian,制憲,0,0,0,0,0,0,0,,108,0,11,0,11,0,low_support,zhixian_strength<30; zhixian_neighbors<10
strict,10,long_period_manual,long_period_manual_p000,core,intra,100,joint_count,30,10,lixian,立憲,xianzheng,憲政,0,0,0,0,0,0,0,,66,0,5,0,5,0,low_support,xianzheng_strength<30; lixian_neighbors<10; xianzheng_neighbors<10
strict,10,long_period_manual,long_period_manual_p000,core,cross,100,joint_count,30,10,lixian,立憲,xianfa,憲法,0,0,0,0.0746268656716,0.0666666666667,0.307744918158,1,國,66,108,5,11,5,11,low_support,lixian_neighbors<10
strict,10,long_period_manual,long_period_manual_p000,core,cross,100,joint_count,30,10,lixian,立憲,zhixian,制憲,0,0,0,0,0,0,0,,66,0,5,0,5,0,low_support,zhixian_strength<30; lixian_neighbors<10; zhixian_neighbors<10
strict,10,long_period_manual,long_period_manual_p000,core,cross,100,joint_count,30,10,xianzheng,憲政,xianfa,憲法,0,0,0,0,0,0,0,,0,108,0,11,0,11,low_support,xianzheng_strength<30; xianzheng_neighbors<10
strict,10,long_period_manual,long_period_manual_p000,core,cross,100,joint_count,30,10,xianzheng,憲政,zhixian,制憲,0,0,0,0,0,0,0,,0,0,0,0,0,0,low_support,xianzheng_strength<30; zhixian_strength<30; xianzheng_neighbors<10; zhixian_neighbors<10
strict,10,long_period_manual,long_period_manual_p000,core,intra,100,joint_count,30,10,xianfa,憲法,zhixian,制憲,0,0,0,0,0,0,0,,108,0,11,0,11,0,low_support,zhixian_strength<30; zhixian_neighbors<10
strict,10,long_period_manual,long_period_manual_p000,core,intra,0,joint_count,30,10,lixian,立憲,xianzheng,憲政,0,0,0,0,0,0,0,,66,0,5,0,5,0,low_support,xianzheng_strength<30; lixian_neighbors<10; xianzheng_neighbors<10
strict,10,long_period_manual,long_period_manual_p000,core,cross,0,joint_count,30,10,lixian,立憲,xianfa,憲法,0,0,0,0.0746268656716,0.0666666666667,0.307744918158,1,國,66,108,5,11,5,11,low_support,lixian_neighbors<10
strict,10,long_period_manual,long_period_manual_p000,core,cross,0,joint_count,30,10,lixian,立憲,zhixian,制憲,0,0,0,0,0,0,0,,66,0,5,0,5,0,low_support,zhixian_strength<30; lixian_neighbors<10; zhixian_neighbors<10
strict,10,long_period_manual,long_period_manual_p000,core,cross,0,joint_count,30,10,xianzheng,憲政,xianfa,憲法,0,0,0,0,0,0,0,,0,108,0,11,0,11,low_support,xianzheng_strength<30; xianzheng_neighbors<10
strict,10,long_period_manual,long_period_manual_p000,core,cross,0,joint_count,30,10,xianzheng,憲政,zhixian,制憲,0,0,0,0,0,0,0,,0,0,0,0,0,0,low_support,xianzheng_strength<30; zhixian_strength<30; xianzheng_neighbors<10; zhixian_neighbors<10
strict,10,long_period_manual,long_period_manual_p000,core,intra,0,joint_count,30,10,xianfa,憲法,zhixian,制憲,0,0,0,0,0,0,0,,108,0,11,0,11,0,low_support,zhixian_strength<30; zhixian_neighbors<10
strict,1,long_period_manual,long_period_manual_p000,core,intra,20,joint_count,30,10,lixian,立憲,xianzheng,憲政,0,0,0,0,0,0,0,,10,0,1,0,1,0,low_support,lixian_strength<30; xianzheng_strength<30; lixian_neighbors<10; xianzheng_neighbors<10
strict,1,long_period_manual,long_period_manual_p000,core,cross,20,joint_count,30,10,lixian,立憲,xianfa,憲法,0,0,0,0,0,0,0,,10,38,1,4,1,4,low_support,lixian_strength<30; lixian_neighbors<10; xianfa_neighbors<10
strict,1,long_period_manual,long_period_manual_p000,core,cross,20,joint_count,30,10,lixian,立憲,zhixian,制憲,0,0,0,0,0,0,0,,10,0,1,0,1,0,low_support,lixian_strength<30; zhixian_strength<30; lixian_neighbors<10; zhixian_neighbors<10
strict,1,long_period_manual,long_period_manual_p000,core,cross,20,joint_count,30,10,xianzheng,憲政,xianfa,憲法,0,0,0,0,0,0,0,,0,38,0,4,0,4,low_support,xianzheng_strength<30; xianzheng_neighbors<10; xianfa_neighbors<10
strict,1,long_period_manual,long_period_manual_p000,core,cross,20,joint_count,30,10,xianzheng,憲政,zhixian,制憲,0,0,0,0,0,0,0,,0,0,0,0,0,0,low_support,xianzheng_strength<30; zhixian_strength<30; xianzheng_neighbors<10; zhixian_neighbors<10
strict,1,long_period_manual,long_period_manual_p000,core,intra,20,joint_count,30,10,xianfa,憲法,zhixian,制憲,0,0,0,0,0,0,0,,38,0,4,0,4,0,low_support,zhixian_strength<30; xianfa_neighbors<10; zhixian_neighbors<10
strict,1,long_period_manual,long_period_manual_p000,core,intra,50,joint_count,30,10,lixian,立憲,xianzheng,憲政,0,0,0,0,0,0,0,,10,0,1,0,1,0,low_support,lixian_strength<30; xianzheng_strength<30; lixian_neighbors<10; xianzheng_neighbors<10
strict,1,long_period_manual,long_period_manual_p000,core,cross,50,joint_count,30,10,lixian,立憲,xianfa,憲法,0,0,0,0,0,0,0,,10,38,1,4,1,4,low_support,lixian_strength<30; lixian_neighbors<10; xianfa_neighbors<10
strict,1,long_period_manual,long_period_manual_p000,core,cross,50,joint_count,30,10,lixian,立憲,zhixian,制憲,0,0,0,0,0,0,0,,10,0,1,0,1,0,low_support,lixian_strength<30; zhixian_strength<30; lixian_neighbors<10; zhixian_neighbors<10
strict,1,long_period_manual,long_period_manual_p000,core,cross,50,joint_count,30,10,xianzheng,憲政,xianfa,憲法,0,0,0,0,0,0,0,,0,38,0,4,0,4,low_support,xianzheng_strength<30; xianzheng_neighbors<10; xianfa_neighbors<10
strict,1,long_period_manual,long_period_manual_p000,core,cross,50,joint_count,30,10,xianzheng,憲政,zhixian,制憲,0,0,0,0,0,0,0,,0,0,0,0,0,0,low_support,xianzheng_strength<30; zhixian_strength<30; xianzheng_neighbors<10; zhixian_neighbors<10
strict,1,long_period_manual,long_period_manual_p000,core,intra,50,joint_count,30,10,xianfa,憲法,zhixian,制憲,0,0,0,0,0,0,0,,38,0,4,0,4,0,low_support,zhixian_strength<30; xianfa_neighbors<10; zhixian_neighbors<10
strict,1,long_period_manual,long_period_manual_p000,core,intra,100,joint_count,30,10,lixian,立憲,xianzheng,憲政,0,0,0,0,0,0,0,,10,0,1,0,1,0,low_support,lixian_strength<30; xianzheng_strength<30; lixian_neighbors<10; xianzheng_neighbors<10
strict,1,long_period_manual,long_period_manual_p000,core,cross,100,joint_count,30,10,lixian,立憲,xianfa,憲法,0,0,0,0,0,0,0,,10,38,1,4,1,4,low_support,lixian_strength<30; lixian_neighbors<10; xianfa_neighbors<10
strict,1,long_period_manual,long_period_manual_p000,core,cross,100,joint_count,30,10,lixian,立憲,zhixian,制憲,0,0,0,0,0,0,0,,10,0,1,0,1,0,low_support,lixian_strength<30; zhixian_strength<30; lixian_neighbors<10; zhixian_neighbors<10
strict,1,long_period_manual,long_period_manual_p000,core,cross,100,joint_count,30,10,xianzheng,憲政,xianfa,憲法,0,0,0,0,0,0,0,,0,38,0,4,0,4,low_support,xianzheng_strength<30; xianzheng_neighbors<10; xianfa_neighbors<10
strict,1,long_period_manual,long_period_manual_p000,core,cross,100,joint_count,30,10,xianzheng,憲政,zhixian,制憲,0,0,0,0,0,0,0,,0,0,0,0,0,0,low_support,xianzheng_strength<30; zhixian_strength<30; xianzheng_neighbors<10; zhixian_neighbors<10
strict,1,long_period_manual,long_period_manual_p000,core,intra,100,joint_count,30,10,xianfa,憲法,zhixian,制憲,0,0,0,0,0,0,0,,38,0,4,0,4,0,low_support,zhixian_strength<30; xianfa_neighbors<10; zhixian_neighbors<10
strict,1,long_period_manual,long_period_manual_p000,core,intra,0,joint_count,30,10,lixian,立憲,xianzheng,憲政,0,0,0,0,0,0,0,,10,0,1,0,1,0,low_support,lixian_strength<30; xianzheng_strength<30; lixian_neighbors<10; xianzheng_neighbors<10
strict,1,long_period_manual,long_period_manual_p000,core,cross,0,joint_count,30,10,lixian,立憲,xianfa,憲法,0,0,0,0,0,0,0,,10,38,1,4,1,4,low_support,lixian_strength<30; lixian_neighbors<10; xianfa_neighbors<10
strict,1,long_period_manual,long_period_manual_p000,core,cross,0,joint_count,30,10,lixian,立憲,zhixian,制憲,0,0,0,0,0,0,0,,10,0,1,0,1,0,low_support,lixian_strength<30; zhixian_strength<30; lixian_neighbors<10; zhixian_neighbors<10
strict,1,long_period_manual,long_period_manual_p000,core,cross,0,joint_count,30,10,xianzheng,憲政,xianfa,憲法,0,0,0,0,0,0,0,,0,38,0,4,0,4,low_support,xianzheng_strength<30; xianzheng_neighbors<10; xianfa_neighbors<10
strict,1,long_period_manual,long_period_manual_p000,core,cross,0,joint_count,30,10,xianzheng,憲政,zhixian,制憲,0,0,0,0,0,0,0,,0,0,0,0,0,0,low_support,xianzheng_strength<30; zhixian_strength<30; xianzheng_neighbors<10; zhixian_neighbors<10
strict,1,long_period_manual,long_period_manual_p000,core,intra,0,joint_count,30,10,xianfa,憲法,zhixian,制憲,0,0,0,0,0,0,0,,38,0,4,0,4,0,low_support,zhixian_strength<30; xianfa_neighbors<10; zhixian_neighbors<10
strict,20,long_period_manual,long_period_manual_p000,core,intra,20,joint_count,30,10,lixian,立憲,xianzheng,憲政,0,0,0,0.0397350993377,0.142857142857,0.112201605709,2,民; 人,160,20,14,3,13,3,low_support,xianzheng_strength<30; xianzheng_neighbors<10
strict,20,long_period_manual,long_period_manual_p000,core,cross,20,joint_count,30,10,lixian,立憲,xianfa,憲法,0.0266416812497,0.0375,0.018927444795,0.173776695003,0.222222222222,0.494746197871,6,國; 日本; 人; 英; 德; 法,160,317,14,31,13,20,ok,
strict,20,long_period_manual,long_period_manual_p000,core,cross,20,joint_count,30,10,lixian,立憲,zhixian,制憲,0,0,0,0,0,0,0,,160,0,14,0,13,0,low_support,zhixian_strength<30; zhixian_neighbors<10
strict,20,long_period_manual,long_period_manual_p000,core,cross,20,joint_count,30,10,xianzheng,憲政,xianfa,憲法,0,0,0,0.0266429840142,0.0454545454545,0.092218489779,1,人,20,317,3,31,3,20,low_support,xianzheng_strength<30; xianzheng_neighbors<10
strict,20,long_period_manual,long_period_manual_p000,core,cross,20,joint_count,30,10,xianzheng,憲政,zhixian,制憲,0,0,0,0,0,0,0,,20,0,3,0,3,0,low_support,xianzheng_strength<30; zhixian_strength<30; xianzheng_neighbors<10; zhixian_neighbors<10
strict,20,long_period_manual,long_period_manual_p000,core,intra,20,joint_count,30,10,xianfa,憲法,zhixian,制憲,0,0,0,0,0,0,0,,317,0,31,0,20,0,low_support,zhixian_strength<30; zhixian_neighbors<10
strict,20,long_period_manual,long_period_manual_p000,core,intra,50,joint_count,30,10,lixian,立憲,xianzheng,憲政,0,0,0,0.0397350993377,0.142857142857,0.112201605709,2,民; 人,160,20,14,3,13,3,low_support,xianzheng_strength<30; xianzheng_neighbors<10
strict,20,long_period_manual,long_period_manual_p000,core,cross,50,joint_count,30,10,lixian,立憲,xianfa,憲法,0.0266416812497,0.0375,0.018927444795,0.179614206395,0.228571428571,0.502392746887,8,國; 日本; 人; 英; 德; 法; 共和; 君權,160,317,14,31,13,30,ok,
strict,20,long_period_manual,long_period_manual_p000,core,cross,50,joint_count,30,10,lixian,立憲,zhixian,制憲,0,0,0,0,0,0,0,,160,0,14,0,13,0,low_support,zhixian_strength<30; zhixian_neighbors<10
strict,20,long_period_manual,long_period_manual_p000,core,cross,50,joint_count,30,10,xianzheng,憲政,xianfa,憲法,0,0,0,0.0244698205546,0.03125,0.0899036318018,1,人,20,317,3,31,3,30,low_support,xianzheng_strength<30; xianzheng_neighbors<10
strict,20,long_period_manual,long_period_manual_p000,core,cross,50,joint_count,30,10,xianzheng,憲政,zhixian,制憲,0,0,0,0,0,0,0,,20,0,3,0,3,0,low_support,xianzheng_strength<30; zhixian_strength<30; xianzheng_neighbors<10; zhixian_neighbors<10
strict,20,long_period_manual,long_period_manual_p000,core,intra,50,joint_count,30,10,xianfa,憲法,zhixian,制憲,0,0,0,0,0,0,0,,317,0,31,0,30,0,low_support,zhixian_strength<30; zhixian_neighbors<10
strict,20,long_period_manual,long_period_manual_p000,core,intra,100,joint_count,30,10,lixian,立憲,xianzheng,憲政,0,0,0,0.0397350993377,0.142857142857,0.112201605709,2,民; 人,160,20,14,3,13,3,low_support,xianzheng_strength<30; xianzheng_neighbors<10
strict,20,long_period_manual,long_period_manual_p000,core,cross,100,joint_count,30,10,lixian,立憲,xianfa,憲法,0.0266416812497,0.0375,0.018927444795,0.179614206395,0.228571428571,0.502392746887,8,國; 日本; 人; 英; 德; 法; 共和; 君權,160,317,14,31,13,30,ok,
strict,20,long_period_manual,long_period_manual_p000,core,cross,100,joint_count,30,10,lixian,立憲,zhixian,制憲,0,0,0,0,0,0,0,,160,0,14,0,13,0,low_support,zhixian_strength<30; zhixian_neighbors<10
strict,20,long_period_manual,long_period_manual_p000,core,cross,100,joint_count,30,10,xianzheng,憲政,xianfa,憲法,0,0,0,0.0244698205546,0.03125,0.0899036318018,1,人,20,317,3,31,3,30,low_support,xianzheng_strength<30; xianzheng_neighbors<10
strict,20,long_period_manual,long_period_manual_p000,core,cross,100,joint_count,30,10,xianzheng,憲政,zhixian,制憲,0,0,0,0,0,0,0,,20,0,3,0,3,0,low_support,xianzheng_strength<30; zhixian_strength<30; xianzheng_neighbors<10; zhixian_neighbors<10
strict,20,long_period_manual,long_period_manual_p000,core,intra,100,joint_count,30,10,xianfa,憲法,zhixian,制憲,0,0,0,0,0,0,0,,317,0,31,0,30,0,low_support,zhixian_strength<30; zhixian_neighbors<10
strict,20,long_period_manual,long_period_manual_p000,core,intra,0,joint_count,30,10,lixian,立憲,xianzheng,憲政,0,0,0,0.0397350993377,0.142857142857,0.112201605709,2,民; 人,160,20,14,3,13,3,low_support,xianzheng_strength<30; xianzheng_neighbors<10
strict,20,long_period_manual,long_period_manual_p000,core,cross,0,joint_count,30,10,lixian,立憲,xianfa,憲法,0.0266416812497,0.0375,0.018927444795,0.179614206395,0.228571428571,0.502392746887,8,國; 日本; 人; 英; 德; 法; 共和; 君權,160,317,14,31,13,30,ok,
strict,20,long_period_manual,long_period_manual_p000,core,cross,0,joint_count,30,10,lixian,立憲,zhixian,制憲,0,0,0,0,0,0,0,,160,0,14,0,13,0,low_support,zhixian_strength<30; zhixian_neighbors<10
strict,20,long_period_manual,long_period_manual_p000,core,cross,0,joint_count,30,10,xianzheng,憲政,xianfa,憲法,0,0,0,0.0244698205546,0.03125,0.0899036318018,1,人,20,317,3,31,3,30,low_support,xianzheng_strength<30; xianzheng_neighbors<10
strict,20,long_period_manual,long_period_manual_p000,core,cross,0,joint_count,30,10,xianzheng,憲政,zhixian,制憲,0,0,0,0,0,0,0,,20,0,3,0,3,0,low_support,xianzheng_strength<30; zhixian_strength<30; xianzheng_neighbors<10; zhixian_neighbors<10
strict,20,long_period_manual,long_period_manual_p000,core,intra,0,joint_count,30,10,xianfa,憲法,zhixian,制憲,0,0,0,0,0,0,0,,317,0,31,0,30,0,low_support,zhixian_strength<30; zhixian_neighbors<10
strict,5,long_period_manual,long_period_manual_p000,core,intra,20,joint_count,30,10,lixian,立憲,xianzheng,憲政,0,0,0,0,0,0,0,,43,0,3,0,3,0,low_support,xianzheng_strength<30; lixian_neighbors<10; xianzheng_neighbors<10
strict,5,long_period_manual,long_period_manual_p000,core,cross,20,joint_count,30,10,lixian,立憲,xianfa,憲法,0,0,0,0.0505050505051,0.142857142857,0.136317060521,1,國,43,52,3,5,3,5,low_support,lixian_neighbors<10; xianfa_neighbors<10
strict,5,long_period_manual,long_period_manual_p000,core,cross,20,joint_count,30,10,lixian,立憲,zhixian,制憲,0,0,0,0,0,0,0,,43,0,3,0,3,0,low_support,zhixian_strength<30; lixian_neighbors<10; zhixian_neighbors<10
strict,5,long_period_manual,long_period_manual_p000,core,cross,20,joint_count,30,10,xianzheng,憲政,xianfa,憲法,0,0,0,0,0,0,0,,0,52,0,5,0,5,low_support,xianzheng_strength<30; xianzheng_neighbors<10; xianfa_neighbors<10
strict,5,long_period_manual,long_period_manual_p000,core,cross,20,joint_count,30,10,xianzheng,憲政,zhixian,制憲,0,0,0,0,0,0,0,,0,0,0,0,0,0,low_support,xianzheng_strength<30; zhixian_strength<30; xianzheng_neighbors<10; zhixian_neighbors<10
strict,5,long_period_manual,long_period_manual_p000,core,intra,20,joint_count,30,10,xianfa,憲法,zhixian,制憲,0,0,0,0,0,0,0,,52,0,5,0,5,0,low_support,zhixian_strength<30; xianfa_neighbors<10; zhixian_neighbors<10
strict,5,long_period_manual,long_period_manual_p000,core,intra,50,joint_count,30,10,lixian,立憲,xianzheng,憲政,0,0,0,0,0,0,0,,43,0,3,0,3,0,low_support,xianzheng_strength<30; lixian_neighbors<10; xianzheng_neighbors<10
strict,5,long_period_manual,long_period_manual_p000,core,cross,50,joint_count,30,10,lixian,立憲,xianfa,憲法,0,0,0,0.0505050505051,0.142857142857,0.136317060521,1,國,43,52,3,5,3,5,low_support,lixian_neighbors<10; xianfa_neighbors<10
strict,5,long_period_manual,long_period_manual_p000,core,cross,50,joint_count,30,10,lixian,立憲,zhixian,制憲,0,0,0,0,0,0,0,,43,0,3,0,3,0,low_support,zhixian_strength<30; lixian_neighbors<10; zhixian_neighbors<10
strict,5,long_period_manual,long_period_manual_p000,core,cross,50,joint_count,30,10,xianzheng,憲政,xianfa,憲法,0,0,0,0,0,0,0,,0,52,0,5,0,5,low_support,xianzheng_strength<30; xianzheng_neighbors<10; xianfa_neighbors<10
strict,5,long_period_manual,long_period_manual_p000,core,cross,50,joint_count,30,10,xianzheng,憲政,zhixian,制憲,0,0,0,0,0,0,0,,0,0,0,0,0,0,low_support,xianzheng_strength<30; zhixian_strength<30; xianzheng_neighbors<10; zhixian_neighbors<10
strict,5,long_period_manual,long_period_manual_p000,core,intra,50,joint_count,30,10,xianfa,憲法,zhixian,制憲,0,0,0,0,0,0,0,,52,0,5,0,5,0,low_support,zhixian_strength<30; xianfa_neighbors<10; zhixian_neighbors<10
strict,5,long_period_manual,long_period_manual_p000,core,intra,100,joint_count,30,10,lixian,立憲,xianzheng,憲政,0,0,0,0,0,0,0,,43,0,3,0,3,0,low_support,xianzheng_strength<30; lixian_neighbors<10; xianzheng_neighbors<10
strict,5,long_period_manual,long_period_manual_p000,core,cross,100,joint_count,30,10,lixian,立憲,xianfa,憲法,0,0,0,0.0505050505051,0.142857142857,0.136317060521,1,國,43,52,3,5,3,5,low_support,lixian_neighbors<10; xianfa_neighbors<10
strict,5,long_period_manual,long_period_manual_p000,core,cross,100,joint_count,30,10,lixian,立憲,zhixian,制憲,0,0,0,0,0,0,0,,43,0,3,0,3,0,low_support,zhixian_strength<30; lixian_neighbors<10; zhixian_neighbors<10
strict,5,long_period_manual,long_period_manual_p000,core,cross,100,joint_count,30,10,xianzheng,憲政,xianfa,憲法,0,0,0,0,0,0,0,,0,52,0,5,0,5,low_support,xianzheng_strength<30; xianzheng_neighbors<10; xianfa_neighbors<10
strict,5,long_period_manual,long_period_manual_p000,core,cross,100,joint_count,30,10,xianzheng,憲政,zhixian,制憲,0,0,0,0,0,0,0,,0,0,0,0,0,0,low_support,xianzheng_strength<30; zhixian_strength<30; xianzheng_neighbors<10; zhixian_neighbors<10
strict,5,long_period_manual,long_period_manual_p000,core,intra,100,joint_count,30,10,xianfa,憲法,zhixian,制憲,0,0,0,0,0,0,0,,52,0,5,0,5,0,low_support,zhixian_strength<30; xianfa_neighbors<10; zhixian_neighbors<10
strict,5,long_period_manual,long_period_manual_p000,core,intra,0,joint_count,30,10,lixian,立憲,xianzheng,憲政,0,0,0,0,0,0,0,,43,0,3,0,3,0,low_support,xianzheng_strength<30; lixian_neighbors<10; xianzheng_neighbors<10
strict,5,long_period_manual,long_period_manual_p000,core,cross,0,joint_count,30,10,lixian,立憲,xianfa,憲法,0,0,0,0.0505050505051,0.142857142857,0.136317060521,1,國,43,52,3,5,3,5,low_support,lixian_neighbors<10; xianfa_neighbors<10
strict,5,long_period_manual,long_period_manual_p000,core,cross,0,joint_count,30,10,lixian,立憲,zhixian,制憲,0,0,0,0,0,0,0,,43,0,3,0,3,0,low_support,zhixian_strength<30; lixian_neighbors<10; zhixian_neighbors<10
strict,5,long_period_manual,long_period_manual_p000,core,cross,0,joint_count,30,10,xianzheng,憲政,xianfa,憲法,0,0,0,0,0,0,0,,0,52,0,5,0,5,low_support,xianzheng_strength<30; xianzheng_neighbors<10; xianfa_neighbors<10
strict,5,long_period_manual,long_period_manual_p000,core,cross,0,joint_count,30,10,xianzheng,憲政,zhixian,制憲,0,0,0,0,0,0,0,,0,0,0,0,0,0,low_support,xianzheng_strength<30; zhixian_strength<30; xianzheng_neighbors<10; zhixian_neighbors<10
strict,5,long_period_manual,long_period_manual_p000,core,intra,0,joint_count,30,10,xianfa,憲法,zhixian,制憲,0,0,0,0,0,0,0,,52,0,5,0,5,0,low_support,zhixian_strength<30; xianfa_neighbors<10; zhixian_neighbors<10
full,10,long_period_manual,long_period_manual_p001,core,intra,20,joint_count,30,10,lixian,立憲,xianzheng,憲政,0.00705438452961,0.0055901011243,0.00890222555639,0.175440371368,0.25,0.38419566746,8,實行; 國; 籌備; 國會; 預備; 省; 政府; 開,31842,19995,855,643,20,20,ok,
full,10,long_period_manual,long_period_manual_p001,core,cross,20,joint_count,30,10,lixian,立憲,xianfa,憲法,0.00873103669053,0.00533886062433,0.0142785150344,0.219600796171,0.25,0.444222516307,8,國; 人民; 國會; 國民; 君主; 中國; 國家; 政治,31842,11906,855,421,20,20,ok,
full,10,long_period_manual,long_period_manual_p001,core,cross,20,joint_count,30,10,lixian,立憲,zhixian,制憲,0,0,0,0,0,0,0,,31842,0,855,0,20,0,low_support,zhixian_strength<30; zhixian_neighbors<10
full,10,long_period_manual,long_period_manual_p001,core,cross,20,joint_count,30,10,xianzheng,憲政,xianfa,憲法,0.0053794075607,0.00415103775944,0.0069712749874,0.0661944533531,0.0810810810811,0.195752210052,3,國; 國會; 擬,19995,11906,643,421,20,20,ok,
full,10,long_period_manual,long_period_manual_p001,core,cross,20,joint_count,30,10,xianzheng,憲政,zhixian,制憲,0,0,0,0,0,0,0,,19995,0,643,0,20,0,low_support,zhixian_strength<30; zhixian_neighbors<10
full,10,long_period_manual,long_period_manual_p001,core,intra,20,joint_count,30,10,xianfa,憲法,zhixian,制憲,0,0,0,0,0,0,0,,11906,0,421,0,20,0,low_support,zhixian_strength<30; zhixian_neighbors<10
full,10,long_period_manual,long_period_manual_p001,core,intra,50,joint_count,30,10,lixian,立憲,xianzheng,憲政,0.00705438452961,0.0055901011243,0.00890222555639,0.28593299692,0.428571428571,0.47600862969,30,實行; 國; 籌備; 國會; 預備; 省; 政府; 開; 人民; 朝廷; 人; 兩; 不能; 大臣; 諮議局; 北京; 中國; 地方自治; 設; 內閣,31842,19995,855,643,50,50,ok,
full,10,long_period_manual,long_period_manual_p001,core,cross,50,joint_count,30,10,lixian,立憲,xianfa,憲法,0.00873103669053,0.00533886062433,0.0142785150344,0.299542932756,0.369863013699,0.513102623547,27,國; 人民; 國會; 國民; 君主; 中國; 國家; 政府; 人; 開; 政治; 日本; 不能; 省; 不可; 兩; 大臣; 民; 內閣; 實行,31842,11906,855,421,50,50,ok,
full,10,long_period_manual,long_period_manual_p001,core,cross,50,joint_count,30,10,lixian,立憲,zhixian,制憲,0,0,0,0,0,0,0,,31842,0,855,0,50,0,low_support,zhixian_strength<30; zhixian_neighbors<10
full,10,long_period_manual,long_period_manual_p001,core,cross,50,joint_count,30,10,xianzheng,憲政,xianfa,憲法,0.0053794075607,0.00415103775944,0.0069712749874,0.215283200138,0.333333333333,0.346187973537,25,國; 國會; 擬; 成立; 政府; 開; 人民; 省; 關係; 人; 兩; 大臣; 不能; 機關; 設; 實行; 中國; 議員; 行政; 內閣,19995,11906,643,421,50,50,ok,
full,10,long_period_manual,long_period_manual_p001,core,cross,50,joint_count,30,10,xianzheng,憲政,zhixian,制憲,0,0,0,0,0,0,0,,19995,0,643,0,50,0,low_support,zhixian_strength<30; zhixian_neighbors<10
full,10,long_period_manual,long_period_manual_p001,core,intra,50,joint_count,30,10,xianfa,憲法,zhixian,制憲,0,0,0,0,0,0,0,,11906,0,421,0,50,0,low_support,zhixian_strength<30; zhixian_neighbors<10
full,10,long_period_manual,long_period_manual_p001,core,intra,100,joint_count,30,10,lixian,立憲,xianzheng,憲政,0.00705438452961,0.0055901011243,0.00890222555639,0.329314356678,0.449275362319,0.520032450307,62,實行; 國; 籌備; 國會; 預備; 省; 政府; 開; 人民; 朝廷; 人; 兩; 不能; 大臣; 諮議局; 北京; 中國; 地方自治; 設; 內閣,31842,19995,855,643,100,100,ok,
full,10,long_period_manual,long_period_manual_p001,core,cross,100,joint_count,30,10,lixian,立憲,xianfa,憲法,0.00873103669053,0.00533886062433,0.0142785150344,0.310944613578,0.351351351351,0.581353390725,52,國; 人民; 國會; 國民; 君主; 中國; 國家; 政府; 人; 開; 政治; 日本; 不能; 省; 不可; 兩; 大臣; 民; 內閣; 實行,31842,11906,855,421,100,100,ok,
full,10,long_period_manual,long_period_manual_p001,core,cross,100,joint_count,30,10,lixian,立憲,zhixian,制憲,0,0,0,0,0,0,0,,31842,0,855,0,100,0,low_support,zhixian_strength<30; zhixian_neighbors<10
full,10,long_period_manual,long_period_manual_p001,core,cross,100,joint_count,30,10,xianzheng,憲政,xianfa,憲法,0.0053794075607,0.00415103775944,0.0069712749874,0.224515440919,0.290322580645,0.392326171862,45,國; 國會; 擬; 成立; 政府; 開; 人民; 省; 關係; 人; 兩; 大臣; 不能; 機關; 設; 實行; 中國; 議員; 行政; 內閣,19995,11906,643,421,100,100,ok,
full,10,long_period_manual,long_period_manual_p001,core,cross,100,joint_count,30,10,xianzheng,憲政,zhixian,制憲,0,0,0,0,0,0,0,,19995,0,643,0,100,0,low_support,zhixian_strength<30; zhixian_neighbors<10
full,10,long_period_manual,long_period_manual_p001,core,intra,100,joint_count,30,10,xianfa,憲法,zhixian,制憲,0,0,0,0,0,0,0,,11906,0,421,0,100,0,low_support,zhixian_strength<30; zhixian_neighbors<10
full,10,long_period_manual,long_period_manual_p001,core,intra,0,joint_count,30,10,lixian,立憲,xianzheng,憲政,0.00705438452961,0.0055901011243,0.00890222555639,0.364476937415,0.378228782288,0.570395469196,410,實行; 國; 籌備; 國會; 預備; 省; 政府; 開; 人民; 朝廷; 人; 兩; 不能; 大臣; 諮議局; 北京; 中國; 地方自治; 設; 內閣,31842,19995,855,643,853,641,ok,
full,10,long_period_manual,long_period_manual_p001,core,cross,0,joint_count,30,10,lixian,立憲,xianfa,憲法,0.00873103669053,0.00533886062433,0.0142785150344,0.31911936466,0.291370558376,0.622427360084,287,國; 人民; 國會; 國民; 君主; 中國; 國家; 政府; 人; 開; 政治; 日本; 不能; 省; 不可; 兩; 大臣; 民; 內閣; 實行,31842,11906,855,421,853,419,ok,
full,10,long_period_manual,long_period_manual_p001,core,cross,0,joint_count,30,10,lixian,立憲,zhixian,制憲,0,0,0,0,0,0,0,,31842,0,855,0,853,0,low_support,zhixian_strength<30; zhixian_neighbors<10
full,10,long_period_manual,long_period_manual_p001,core,cross,0,joint_count,30,10,xianzheng,憲政,xianfa,憲法,0.0053794075607,0.00415103775944,0.0069712749874,0.246608657403,0.261904761905,0.466673812705,220,國; 國會; 擬; 成立; 政府; 開; 人民; 省; 關係; 人; 兩; 大臣; 不能; 機關; 設; 實行; 中國; 議員; 行政; 內閣,19995,11906,643,421,641,419,ok,
full,10,long_period_manual,long_period_manual_p001,core,cross,0,joint_count,30,10,xianzheng,憲政,zhixian,制憲,0,0,0,0,0,0,0,,19995,0,643,0,641,0,low_support,zhixian_strength<30; zhixian_neighbors<10
full,10,long_period_manual,long_period_manual_p001,core,intra,0,joint_count,30,10,xianfa,憲法,zhixian,制憲,0,0,0,0,0,0,0,,11906,0,421,0,419,0,low_support,zhixian_strength<30; zhixian_neighbors<10
full,1,long_period_manual,long_period_manual_p001,core,intra,20,joint_count,30,10,lixian,立憲,xianzheng,憲政,0,0,0,0.147710475434,0.25,0.294942183319,8,實行; 籌備; 預備; 國; 前途; 事宜; 基礎; 反對,4411,2715,120,117,20,20,ok,
full,1,long_period_manual,long_period_manual_p001,core,cross,20,joint_count,30,10,lixian,立憲,xianfa,憲法,0,0,0,0.0443951600277,0.0810810810811,0.0975492370562,3,國; 實行; 宣布,4411,931,120,58,20,20,ok,
full,1,long_period_manual,long_period_manual_p001,core,cross,20,joint_count,30,10,lixian,立憲,zhixian,制憲,0,0,0,0,0,0,0,,4411,0,120,0,20,0,low_support,zhixian_strength<30; zhixian_neighbors<10
full,1,long_period_manual,long_period_manual_p001,core,cross,20,joint_count,30,10,xianzheng,憲政,xianfa,憲法,0,0,0,0.0340599520456,0.0810810810811,0.0592898474898,3,成立; 國; 實行,2715,931,117,58,20,20,ok,
full,1,long_period_manual,long_period_manual_p001,core,cross,20,joint_count,30,10,xianzheng,憲政,zhixian,制憲,0,0,0,0,0,0,0,,2715,0,117,0,20,0,low_support,zhixian_strength<30; zhixian_neighbors<10
full,1,long_period_manual,long_period_manual_p001,core,intra,20,joint_count,30,10,xianfa,憲法,zhixian,制憲,0,0,0,0,0,0,0,,931,0,58,0,20,0,low_support,zhixian_strength<30; zhixian_neighbors<10
full,1,long_period_manual,long_period_manual_p001,core,intra,50,joint_count,30,10,lixian,立憲,xianzheng,憲政,0,0,0,0.140673911293,0.176470588235,0.294321333222,15,實行; 籌備; 預備; 國; 前途; 事宜; 基礎; 反對; 共和; 日本; 我國; 清單; 舉行; 頒行; 期限,4411,2715,120,117,50,50,ok,
full,1,long_period_manual,long_period_manual_p001,core,cross,50,joint_count,30,10,lixian,立憲,xianfa,憲法,0,0,0,0.0532569484524,0.0989010989011,0.107959233079,9,國; 實行; 宣布; 君主; 共和; 頒布; 問題; 我國; 頒行,4411,931,120,58,50,50,ok,
full,1,long_period_manual,long_period_manual_p001,core,cross,50,joint_count,30,10,lixian,立憲,zhixian,制憲,0,0,0,0,0,0,0,,4411,0,120,0,50,0,low_support,zhixian_strength<30; zhixian_neighbors<10
full,1,long_period_manual,long_period_manual_p001,core,cross,50,joint_count,30,10,xianzheng,憲政,xianfa,憲法,0,0,0,0.0435931805902,0.0869565217391,0.063918942832,8,成立; 國; 實行; 關係; 共和; 帝國; 我國; 頒行,2715,931,117,58,50,50,ok,
full,1,long_period_manual,long_period_manual_p001,core,cross,50,joint_count,30,10,xianzheng,憲政,zhixian,制憲,0,0,0,0,0,0,0,,2715,0,117,0,50,0,low_support,zhixian_strength<30; zhixian_neighbors<10
full,1,long_period_manual,long_period_manual_p001,core,intra,50,joint_count,30,10,xianfa,憲法,zhixian,制憲,0,0,0,0,0,0,0,,931,0,58,0,50,0,low_support,zhixian_strength<30; zhixian_neighbors<10
full,1,long_period_manual,long_period_manual_p001,core,intra,100,joint_count,30,10,lixian,立憲,xianzheng,憲政,0,0,0,0.150037676149,0.212121212121,0.298906559641,35,實行; 籌備; 預備; 國; 前途; 事宜; 基礎; 反對; 共和; 日本; 我國; 中國; 清單; 舉行; 頒行; 期限; 備; 問題; 年限; 豫備,4411,2715,120,117,100,100,ok,
full,1,long_period_manual,long_period_manual_p001,core,cross,100,joint_count,30,10,lixian,立憲,xianfa,憲法,0,0,0,0.0558069903258,0.112676056338,0.109447615294,16,國; 實行; 宣布; 君主; 共和; 頒布; 問題; 我國; 頒行; 布; 求; 關係; 考察; 研究; 程度; 開,4411,931,120,58,100,58,ok,
full,1,long_period_manual,long_period_manual_p001,core,cross,100,joint_count,30,10,lixian,立憲,zhixian,制憲,0,0,0,0,0,0,0,,4411,0,120,0,100,0,low_support,zhixian_strength<30; zhixian_neighbors<10
full,1,long_period_manual,long_period_manual_p001,core,cross,100,joint_count,30,10,xianzheng,憲政,xianfa,憲法,0,0,0,0.0555387629087,0.120567375887,0.0720579108901,17,成立; 國; 實行; 關係; 共和; 考察; 帝國; 我國; 頒行; 研究; 人員; 維持; 設; 重要; 問題; 範圍; 宣布,2715,931,117,58,100,58,ok,
full,1,long_period_manual,long_period_manual_p001,core,cross,100,joint_count,30,10,xianzheng,憲政,zhixian,制憲,0,0,0,0,0,0,0,,2715,0,117,0,100,0,low_support,zhixian_strength<30; zhixian_neighbors<10
full,1,long_period_manual,long_period_manual_p001,core,intra,100,joint_count,30,10,xianfa,憲法,zhixian,制憲,0,0,0,0,0,0,0,,931,0,58,0,58,0,low_support,zhixian_strength<30; zhixian_neighbors<10
full,1,long_period_manual,long_period_manual_p001,core,intra,0,joint_count,30,10,lixian,立憲,xianzheng,憲政,0,0,0,0.154127538988,0.234375,0.299285942327,45,實行; 籌備; 預備; 國; 前途; 事宜; 基礎; 反對; 共和; 日本; 我國; 中國; 清單; 舉行; 頒行; 期限; 備; 問題; 年限; 豫備,4411,2715,120,117,120,117,ok,
full,1,long_period_manual,long_period_manual_p001,core,cross,0,joint_count,30,10,lixian,立憲,xianfa,憲法,0,0,0,0.055770888744,0.105590062112,0.109565679461,17,國; 實行; 宣布; 君主; 共和; 頒布; 問題; 我國; 頒行; 布; 求; 關係; 考察; 研究; 程度; 開; 帝國,4411,931,120,58,120,58,ok,
full,1,long_period_manual,long_period_manual_p001,core,cross,0,joint_count,30,10,lixian,立憲,zhixian,制憲,0,0,0,0,0,0,0,,4411,0,120,0,120,0,low_support,zhixian_strength<30; zhixian_neighbors<10
full,1,long_period_manual,long_period_manual_p001,core,cross,0,joint_count,30,10,xianzheng,憲政,xianfa,憲法,0,0,0,0.054621883801,0.107594936709,0.0720274566226,17,成立; 國; 實行; 關係; 共和; 考察; 帝國; 我國; 頒行; 研究; 人員; 維持; 設; 重要; 問題; 範圍; 宣布,2715,931,117,58,117,58,ok,
full,1,long_period_manual,long_period_manual_p001,core,cross,0,joint_count,30,10,xianzheng,憲政,zhixian,制憲,0,0,0,0,0,0,0,,2715,0,117,0,117,0,low_support,zhixian_strength<30; zhixian_neighbors<10
full,1,long_period_manual,long_period_manual_p001,core,intra,0,joint_count,30,10,xianfa,憲法,zhixian,制憲,0,0,0,0,0,0,0,,931,0,58,0,58,0,low_support,zhixian_strength<30; zhixian_neighbors<10
full,20,long_period_manual,long_period_manual_p001,core,intra,20,joint_count,30,10,lixian,立憲,xianzheng,憲政,0.00700159660989,0.00556812249869,0.00880410858401,0.218165315572,0.290322580645,0.417875003898,9,國; 實行; 國會; 人; 省; 籌備; 政府; 開; 人民,68964,43616,1649,1214,20,20,ok,
full,20,long_period_manual,long_period_manual_p001,core,cross,20,joint_count,30,10,lixian,立憲,xianfa,憲法,0.00902279036883,0.00565512441274,0.0143959248459,0.322660395626,0.379310344828,0.595957723205,11,國; 人民; 國會; 人; 國民; 政府; 中國; 國家; 不能; 君主; 政治,68964,27091,1649,807,20,20,ok,
full,20,long_period_manual,long_period_manual_p001,core,cross,20,joint_count,30,10,lixian,立憲,zhixian,制憲,0,0,0,0,0,0,0,,68964,0,1649,0,20,0,low_support,zhixian_strength<30; zhixian_neighbors<10
full,20,long_period_manual,long_period_manual_p001,core,cross,20,joint_count,30,10,xianzheng,憲政,xianfa,憲法,0.00529463410465,0.00417278063096,0.00671809826142,0.111892299202,0.142857142857,0.293745492719,5,國; 國會; 人; 政府; 人民,43616,27091,1214,807,20,20,ok,
full,20,long_period_manual,long_period_manual_p001,core,cross,20,joint_count,30,10,xianzheng,憲政,zhixian,制憲,0,0,0,0,0,0,0,,43616,0,1214,0,20,0,low_support,zhixian_strength<30; zhixian_neighbors<10
full,20,long_period_manual,long_period_manual_p001,core,intra,20,joint_count,30,10,xianfa,憲法,zhixian,制憲,0,0,0,0,0,0,0,,27091,0,807,0,20,0,low_support,zhixian_strength<30; zhixian_neighbors<10
full,20,long_period_manual,long_period_manual_p001,core,intra,50,joint_count,30,10,lixian,立憲,xianzheng,憲政,0.00700159660989,0.00556812249869,0.00880410858401,0.298665995064,0.388888888889,0.551747676931,28,國; 實行; 國會; 人; 省; 籌備; 政府; 開; 人民; 預備; 兩; 不能; 朝廷; 大臣; 國民; 設; 中國; 諮議局; 地方自治; 北京,68964,43616,1649,1214,50,50,ok,
full,20,long_period_manual,long_period_manual_p001,core,cross,50,joint_count,30,10,lixian,立憲,xianfa,憲法,0.00902279036883,0.00565512441274,0.0143959248459,0.38530810395,0.470588235294,0.689047172042,32,國; 人民; 國會; 人; 國民; 政府; 中國; 國家; 不能; 君主; 開; 省; 政治; 不可; 日本; 兩; 大臣; 民; 論; 實行,68964,27091,1649,807,50,50,ok,
full,20,long_period_manual,long_period_manual_p001,core,cross,50,joint_count,30,10,lixian,立憲,zhixian,制憲,0,0,0,0,0,0,0,,68964,0,1649,0,50,0,low_support,zhixian_strength<30; zhixian_neighbors<10
full,20,long_period_manual,long_period_manual_p001,core,cross,50,joint_count,30,10,xianzheng,憲政,xianfa,憲法,0.00529463410465,0.00417278063096,0.00671809826142,0.241055557176,0.333333333333,0.441259885235,25,國; 國會; 人; 政府; 開; 擬; 人民; 省; 成立; 兩; 議員; 不能; 大臣; 關係; 實行; 設; 國民; 預備; 行政; 機關,43616,27091,1214,807,50,50,ok,
full,20,long_period_manual,long_period_manual_p001,core,cross,50,joint_count,30,10,xianzheng,憲政,zhixian,制憲,0,0,0,0,0,0,0,,43616,0,1214,0,50,0,low_support,zhixian_strength<30; zhixian_neighbors<10
full,20,long_period_manual,long_period_manual_p001,core,intra,50,joint_count,30,10,xianfa,憲法,zhixian,制憲,0,0,0,0,0,0,0,,27091,0,807,0,50,0,low_support,zhixian_strength<30; zhixian_neighbors<10
full,20,long_period_manual,long_period_manual_p001,core,intra,100,joint_count,30,10,lixian,立憲,xianzheng,憲政,0.00700159660989,0.00556812249869,0.00880410858401,0.373549857427,0.492537313433,0.615421609282,66,國; 實行; 國會; 人; 省; 籌備; 政府; 開; 人民; 預備; 兩; 不能; 朝廷; 大臣; 國民; 設; 中國; 諮議局; 地方自治; 北京,68964,43616,1649,1214,100,100,ok,
full,20,long_period_manual,long_period_manual_p001,core,cross,100,joint_count,30,10,lixian,立憲,xianfa,憲法,0.00902279036883,0.00565512441274,0.0143959248459,0.389375572536,0.449275362319,0.708639975423,62,國; 人民; 國會; 人; 國民; 政府; 中國; 國家; 不能; 君主; 開; 省; 政治; 不可; 日本; 兩; 大臣; 民; 論; 實行,68964,27091,1649,807,100,100,ok,
full,20,long_period_manual,long_period_manual_p001,core,cross,100,joint_count,30,10,lixian,立憲,zhixian,制憲,0,0,0,0,0,0,0,,68964,0,1649,0,100,0,low_support,zhixian_strength<30; zhixian_neighbors<10
full,20,long_period_manual,long_period_manual_p001,core,cross,100,joint_count,30,10,xianzheng,憲政,xianfa,憲法,0.00529463410465,0.00417278063096,0.00671809826142,0.264459564625,0.333333333333,0.496617718516,50,國; 國會; 人; 政府; 開; 擬; 人民; 省; 成立; 兩; 議員; 不能; 大臣; 關係; 實行; 設; 國民; 預備; 行政; 機關,43616,27091,1214,807,100,100,ok,
full,20,long_period_manual,long_period_manual_p001,core,cross,100,joint_count,30,10,xianzheng,憲政,zhixian,制憲,0,0,0,0,0,0,0,,43616,0,1214,0,100,0,low_support,zhixian_strength<30; zhixian_neighbors<10
full,20,long_period_manual,long_period_manual_p001,core,intra,100,joint_count,30,10,xianfa,憲法,zhixian,制憲,0,0,0,0,0,0,0,,27091,0,807,0,100,0,low_support,zhixian_strength<30; zhixian_neighbors<10
full,20,long_period_manual,long_period_manual_p001,core,intra,0,joint_count,30,10,lixian,立憲,xianzheng,憲政,0.00700159660989,0.00556812249869,0.00880410858401,0.426773780159,0.448328267477,0.681943435878,885,國; 實行; 國會; 人; 省; 籌備; 政府; 開; 人民; 預備; 兩; 不能; 朝廷; 大臣; 國民; 設; 中國; 諮議局; 地方自治; 北京,68964,43616,1649,1214,1647,1212,ok,
full,20,long_period_manual,long_period_manual_p001,core,cross,0,joint_count,30,10,lixian,立憲,xianfa,憲法,0.00902279036883,0.00565512441274,0.0143959248459,0.384679695156,0.336239782016,0.747586182134,617,國; 人民; 國會; 人; 國民; 政府; 中國; 國家; 不能; 君主; 開; 省; 政治; 不可; 日本; 兩; 大臣; 民; 論; 實行,68964,27091,1649,807,1647,805,ok,
full,20,long_period_manual,long_period_manual_p001,core,cross,0,joint_count,30,10,lixian,立憲,zhixian,制憲,0,0,0,0,0,0,0,,68964,0,1649,0,1647,0,low_support,zhixian_strength<30; zhixian_neighbors<10
full,20,long_period_manual,long_period_manual_p001,core,cross,0,joint_count,30,10,xianzheng,憲政,xianfa,憲法,0.00529463410465,0.00417278063096,0.00671809826142,0.299153266666,0.32002617801,0.581827774368,489,國; 國會; 人; 政府; 開; 擬; 人民; 省; 成立; 兩; 議員; 不能; 大臣; 關係; 實行; 設; 國民; 預備; 行政; 機關,43616,27091,1214,807,1212,805,ok,
full,20,long_period_manual,long_period_manual_p001,core,cross,0,joint_count,30,10,xianzheng,憲政,zhixian,制憲,0,0,0,0,0,0,0,,43616,0,1214,0,1212,0,low_support,zhixian_strength<30; zhixian_neighbors<10
full,20,long_period_manual,long_period_manual_p001,core,intra,0,joint_count,30,10,xianfa,憲法,zhixian,制憲,0,0,0,0,0,0,0,,27091,0,807,0,805,0,low_support,zhixian_strength<30; zhixian_neighbors<10
full,5,long_period_manual,long_period_manual_p001,core,intra,20,joint_count,30,10,lixian,立憲,xianzheng,憲政,0.00410449861114,0.00320898515844,0.00524991797003,0.153574343459,0.212121212121,0.340521060548,7,實行; 籌備; 國; 預備; 國會; 朝廷; 基礎,14958,9143,434,333,20,20,ok,
full,5,long_period_manual,long_period_manual_p001,core,cross,20,joint_count,30,10,lixian,立憲,xianfa,憲法,0.00650507726162,0.00381066987565,0.0111046171829,0.186630453748,0.25,0.346671246155,8,國; 君主; 人民; 國家; 國會; 中國; 國民; 日本,14958,5133,434,212,20,20,ok,
full,5,long_period_manual,long_period_manual_p001,core,cross,20,joint_count,30,10,lixian,立憲,zhixian,制憲,0,0,0,0,0,0,0,,14958,0,434,0,20,0,low_support,zhixian_strength<30; zhixian_neighbors<10
full,5,long_period_manual,long_period_manual_p001,core,cross,20,joint_count,30,10,xianzheng,憲政,xianfa,憲法,0.00496305313729,0.00371869189544,0.0066238067407,0.0716241442139,0.111111111111,0.157866841346,4,國; 國會; 成立; 擬,9143,5133,333,212,20,20,ok,
full,5,long_period_manual,long_period_manual_p001,core,cross,20,joint_count,30,10,xianzheng,憲政,zhixian,制憲,0,0,0,0,0,0,0,,9143,0,333,0,20,0,low_support,zhixian_strength<30; zhixian_neighbors<10
full,5,long_period_manual,long_period_manual_p001,core,intra,20,joint_count,30,10,xianfa,憲法,zhixian,制憲,0,0,0,0,0,0,0,,5133,0,212,0,20,0,low_support,zhixian_strength<30; zhixian_neighbors<10
full,5,long_period_manual,long_period_manual_p001,core,intra,50,joint_count,30,10,lixian,立憲,xianzheng,憲政,0.00410449861114,0.00320898515844,0.00524991797003,0.224918099312,0.351351351351,0.39232386419,26,實行; 籌備; 國; 預備; 國會; 朝廷; 基礎; 開; 人民; 前途; 政府; 中國; 地方自治; 日本; 不能; 國家; 諮議局; 我國; 事宜; 兩,14958,9143,434,333,50,50,ok,
full,5,long_period_manual,long_period_manual_p001,core,cross,50,joint_count,30,10,lixian,立憲,xianfa,憲法,0.00650507726162,0.00381066987565,0.0111046171829,0.220787966901,0.282051282051,0.37812955031,22,國; 君主; 人民; 國家; 國會; 中國; 國民; 政府; 日本; 人; 宣布; 開; 實行; 不能; 政治; 不可; 制度; 民; 論; 兩,14958,5133,434,212,50,50,ok,
full,5,long_period_manual,long_period_manual_p001,core,cross,50,joint_count,30,10,lixian,立憲,zhixian,制憲,0,0,0,0,0,0,0,,14958,0,434,0,50,0,low_support,zhixian_strength<30; zhixian_neighbors<10
full,5,long_period_manual,long_period_manual_p001,core,cross,50,joint_count,30,10,xianzheng,憲政,xianfa,憲法,0.00496305313729,0.00371869189544,0.0066238067407,0.134653823433,0.219512195122,0.223883324333,18,國; 國會; 成立; 擬; 開; 實行; 兩; 關係; 機關; 人民; 政府; 法律; 中國; 日本; 不能; 國家; 內閣; 人,9143,5133,333,212,50,50,ok,
full,5,long_period_manual,long_period_manual_p001,core,cross,50,joint_count,30,10,xianzheng,憲政,zhixian,制憲,0,0,0,0,0,0,0,,9143,0,333,0,50,0,low_support,zhixian_strength<30; zhixian_neighbors<10
full,5,long_period_manual,long_period_manual_p001,core,intra,50,joint_count,30,10,xianfa,憲法,zhixian,制憲,0,0,0,0,0,0,0,,5133,0,212,0,50,0,low_support,zhixian_strength<30; zhixian_neighbors<10
full,5,long_period_manual,long_period_manual_p001,core,intra,100,joint_count,30,10,lixian,立憲,xianzheng,憲政,0.00410449861114,0.00320898515844,0.00524991797003,0.264018454055,0.388888888889,0.423112051196,56,實行; 籌備; 國; 預備; 國會; 朝廷; 基礎; 開; 人民; 前途; 政府; 中國; 地方自治; 日本; 不能; 國家; 諮議局; 我國; 事宜; 兩,14958,9143,434,333,100,100,ok,
full,5,long_period_manual,long_period_manual_p001,core,cross,100,joint_count,30,10,lixian,立憲,xianfa,憲法,0.00650507726162,0.00381066987565,0.0111046171829,0.244047261999,0.315789473684,0.439968370371,48,國; 君主; 人民; 國家; 國會; 中國; 國民; 政府; 日本; 人; 宣布; 開; 實行; 不能; 政治; 不可; 制度; 民; 預備; 論,14958,5133,434,212,100,100,ok,
full,5,long_period_manual,long_period_manual_p001,core,cross,100,joint_count,30,10,lixian,立憲,zhixian,制憲,0,0,0,0,0,0,0,,14958,0,434,0,100,0,low_support,zhixian_strength<30; zhixian_neighbors<10
full,5,long_period_manual,long_period_manual_p001,core,cross,100,joint_count,30,10,xianzheng,憲政,xianfa,憲法,0.00496305313729,0.00371869189544,0.0066238067407,0.177286920225,0.25786163522,0.270492773986,41,國; 國會; 成立; 擬; 開; 實行; 兩; 關係; 機關; 人民; 設; 政府; 大臣; 法律; 中國; 省; 預備; 日本; 不能; 國家,9143,5133,333,212,100,100,ok,
full,5,long_period_manual,long_period_manual_p001,core,cross,100,joint_count,30,10,xianzheng,憲政,zhixian,制憲,0,0,0,0,0,0,0,,9143,0,333,0,100,0,low_support,zhixian_strength<30; zhixian_neighbors<10
full,5,long_period_manual,long_period_manual_p001,core,intra,100,joint_count,30,10,xianfa,憲法,zhixian,制憲,0,0,0,0,0,0,0,,5133,0,212,0,100,0,low_support,zhixian_strength<30; zhixian_neighbors<10
full,5,long_period_manual,long_period_manual_p001,core,intra,0,joint_count,30,10,lixian,立憲,xianzheng,憲政,0.00410449861114,0.00320898515844,0.00524991797003,0.286232138029,0.329268292683,0.447463882429,189,實行; 籌備; 國; 預備; 國會; 朝廷; 基礎; 開; 人民; 前途; 政府; 中國; 地方自治; 日本; 不能; 國家; 諮議局; 我國; 事宜; 兩,14958,9143,434,333,432,331,ok,
full,5,long_period_manual,long_period_manual_p001,core,cross,0,joint_count,30,10,lixian,立憲,xianfa,憲法,0.00650507726162,0.00381066987565,0.0111046171829,0.251012259663,0.249027237354,0.467534039923,128,國; 君主; 人民; 國家; 國會; 中國; 國民; 政府; 日本; 人; 宣布; 開; 實行; 不能; 政治; 不可; 制度; 民; 預備; 論,14958,5133,434,212,432,210,ok,
full,5,long_period_manual,long_period_manual_p001,core,cross,0,joint_count,30,10,lixian,立憲,zhixian,制憲,0,0,0,0,0,0,0,,14958,0,434,0,432,0,low_support,zhixian_strength<30; zhixian_neighbors<10
full,5,long_period_manual,long_period_manual_p001,core,cross,0,joint_count,30,10,xianzheng,憲政,xianfa,憲法,0.00496305313729,0.00371869189544,0.0066238067407,0.187293292207,0.221218961625,0.309524416049,98,國; 國會; 成立; 擬; 開; 實行; 兩; 關係; 機關; 人民; 設; 政府; 大臣; 法律; 中國; 省; 預備; 日本; 不能; 國家,9143,5133,333,212,331,210,ok,
full,5,long_period_manual,long_period_manual_p001,core,cross,0,joint_count,30,10,xianzheng,憲政,zhixian,制憲,0,0,0,0,0,0,0,,9143,0,333,0,331,0,low_support,zhixian_strength<30; zhixian_neighbors<10
full,5,long_period_manual,long_period_manual_p001,core,intra,0,joint_count,30,10,xianfa,憲法,zhixian,制憲,0,0,0,0,0,0,0,,5133,0,212,0,210,0,low_support,zhixian_strength<30; zhixian_neighbors<10
regex-only,10,long_period_manual,long_period_manual_p001,core,intra,20,joint_count,30,10,lixian,立憲,xianzheng,憲政,0.00652686325083,0.00759687547863,0.00560756116312,0.0976818402448,0.176470588235,0.137433893918,6,籌備; 實行; 大臣; 自治; 國; 地方,32645,44226,845,1029,20,20,ok,
regex-only,10,long_period_manual,long_period_manual_p001,core,cross,20,joint_count,30,10,lixian,立憲,xianfa,憲法,0.00871520390507,0.00612651248277,0.0123977188197,0.214059837791,0.25,0.411676636076,8,國; 國會; 人民; 君主; 政府; 中國; 國家; 大臣,32645,16132,845,505,20,20,ok,
regex-only,10,long_period_manual,long_period_manual_p001,core,cross,20,joint_count,30,10,lixian,立憲,zhixian,制憲,0,0,0,0,0,0,0,,32645,0,845,0,20,0,low_support,zhixian_strength<30; zhixian_neighbors<10
regex-only,10,long_period_manual,long_period_manual_p001,core,cross,20,joint_count,30,10,xianzheng,憲政,xianfa,憲法,0.00640196319329,0.0038665038665,0.0106000495909,0.0632615935546,0.0810810810811,0.107805732769,3,大臣; 擬; 國,44226,16132,1029,505,20,20,ok,
regex-only,10,long_period_manual,long_period_manual_p001,core,cross,20,joint_count,30,10,xianzheng,憲政,zhixian,制憲,0,0,0,0,0,0,0,,44226,0,1029,0,20,0,low_support,zhixian_strength<30; zhixian_neighbors<10
regex-only,10,long_period_manual,long_period_manual_p001,core,intra,20,joint_count,30,10,xianfa,憲法,zhixian,制憲,0,0,0,0,0,0,0,,16132,0,505,0,20,0,low_support,zhixian_strength<30; zhixian_neighbors<10
regex-only,10,long_period_manual,long_period_manual_p001,core,intra,50,joint_count,30,10,lixian,立憲,xianzheng,憲政,0.00652686325083,0.00759687547863,0.00560756116312,0.176988207896,0.282051282051,0.24616448307,22,籌備; 實行; 大臣; 自治; 國; 省; 地方; 開; 國會; 兩; 內閣; 諮議局; 預備; 官制; 北京; 設; 人; 政府; 行政; 擬,32645,44226,845,1029,50,50,ok,
regex-only,10,long_period_manual,long_period_manual_p001,core,cross,50,joint_count,30,10,lixian,立憲,xianfa,憲法,0.00871520390507,0.00612651248277,0.0123977188197,0.278144667976,0.333333333333,0.482901471894,25,國; 國會; 人民; 君主; 政府; 中國; 國家; 大臣; 國民; 政治; 日本; 人; 不能; 內閣; 開; 省; 不可; 兩; 北京; 論,32645,16132,845,505,50,50,ok,
regex-only,10,long_period_manual,long_period_manual_p001,core,cross,50,joint_count,30,10,lixian,立憲,zhixian,制憲,0,0,0,0,0,0,0,,32645,0,845,0,50,0,low_support,zhixian_strength<30; zhixian_neighbors<10
regex-only,10,long_period_manual,long_period_manual_p001,core,cross,50,joint_count,30,10,xianzheng,憲政,xianfa,憲法,0.00640196319329,0.0038665038665,0.0106000495909,0.137576659763,0.204819277108,0.189630366404,17,大臣; 擬; 國; 開; 國會; 兩; 省; 議員; 內閣; 資政院; 成立; 北京; 新; 人; 政府; 行政; 選舉,44226,16132,1029,505,50,50,ok,
regex-only,10,long_period_manual,long_period_manual_p001,core,cross,50,joint_count,30,10,xianzheng,憲政,zhixian,制憲,0,0,0,0,0,0,0,,44226,0,1029,0,50,0,low_support,zhixian_strength<30; zhixian_neighbors<10
regex-only,10,long_period_manual,long_period_manual_p001,core,intra,50,joint_count,30,10,xianfa,憲法,zhixian,制憲,0,0,0,0,0,0,0,,16132,0,505,0,50,0,low_support,zhixian_strength<30; zhixian_neighbors<10
regex-only,10,long_period_manual,long_period_manual_p001,core,intra,100,joint_count,30,10,lixian,立憲,xianzheng,憲政,0.00652686325083,0.00759687547863,0.00560756116312,0.234003326561,0.379310344828,0.298256478352,55,籌備; 實行; 大臣; 自治; 國; 省; 地方; 開; 國會; 兩; 內閣; 諮議局; 預備; 官制; 北京; 設; 人; 政府; 行政; 擬,32645,44226,845,1029,100,100,ok,
regex-only,10,long_period_manual,long_period_manual_p001,core,cross,100,joint_count,30,10,lixian,立憲,xianfa,憲法,0.00871520390507,0.00612651248277,0.0123977188197,0.311780358514,0.360544217687,0.570120858189,53,國; 國會; 人民; 君主; 政府; 中國; 國家; 大臣; 國民; 政治; 日本; 人; 不能; 內閣; 開; 省; 不可; 兩; 北京; 論,32645,16132,845,505,100,100,ok,
regex-only,10,long_period_manual,long_period_manual_p001,core,cross,100,joint_count,30,10,lixian,立憲,zhixian,制憲,0,0,0,0,0,0,0,,32645,0,845,0,100,0,low_support,zhixian_strength<30; zhixian_neighbors<10
regex-only,10,long_period_manual,long_period_manual_p001,core,cross,100,joint_count,30,10,xianzheng,憲政,xianfa,憲法,0.00640196319329,0.0038665038665,0.0106000495909,0.197597405211,0.307189542484,0.301868015256,47,大臣; 擬; 國; 開; 國會; 兩; 省; 議員; 內閣; 資政院; 成立; 北京; 新; 人; 設; 政府; 預備; 行政; 地方; 實行,44226,16132,1029,505,100,100,ok,
regex-only,10,long_period_manual,long_period_manual_p001,core,cross,100,joint_count,30,10,xianzheng,憲政,zhixian,制憲,0,0,0,0,0,0,0,,44226,0,1029,0,100,0,low_support,zhixian_strength<30; zhixian_neighbors<10
regex-only,10,long_period_manual,long_period_manual_p001,core,intra,100,joint_count,30,10,xianfa,憲法,zhixian,制憲,0,0,0,0,0,0,0,,16132,0,505,0,100,0,low_support,zhixian_strength<30; zhixian_neighbors<10
regex-only,10,long_period_manual,long_period_manual_p001,core,intra,0,joint_count,30,10,lixian,立憲,xianzheng,憲政,0.00652686325083,0.00759687547863,0.00560756116312,0.290727137156,0.36596055515,0.355329041789,501,籌備; 實行; 大臣; 自治; 國; 省; 地方; 開; 國會; 兩; 內閣; 諮議局; 預備; 官制; 北京; 設; 人; 政府; 行政; 擬,32645,44226,845,1029,843,1027,ok,
regex-only,10,long_period_manual,long_period_manual_p001,core,cross,0,joint_count,30,10,lixian,立憲,xianfa,憲法,0.00871520390507,0.00612651248277,0.0123977188197,0.328342214439,0.324803149606,0.613682805885,330,國; 國會; 人民; 君主; 政府; 中國; 國家; 大臣; 國民; 政治; 日本; 人; 不能; 內閣; 開; 省; 不可; 兩; 北京; 論,32645,16132,845,505,843,503,ok,
regex-only,10,long_period_manual,long_period_manual_p001,core,cross,0,joint_count,30,10,lixian,立憲,zhixian,制憲,0,0,0,0,0,0,0,,32645,0,845,0,843,0,low_support,zhixian_strength<30; zhixian_neighbors<10
regex-only,10,long_period_manual,long_period_manual_p001,core,cross,0,joint_count,30,10,xianzheng,憲政,xianfa,憲法,0.00640196319329,0.0038665038665,0.0106000495909,0.228614635038,0.259259259259,0.355120790063,315,大臣; 擬; 國; 開; 國會; 兩; 省; 議員; 內閣; 資政院; 成立; 北京; 新; 人; 設; 政府; 預備; 行政; 地方; 實行,44226,16132,1029,505,1027,503,ok,
regex-only,10,long_period_manual,long_period_manual_p001,core,cross,0,joint_count,30,10,xianzheng,憲政,zhixian,制憲,0,0,0,0,0,0,0,,44226,0,1029,0,1027,0,low_support,zhixian_strength<30; zhixian_neighbors<10
regex-only,10,long_period_manual,long_period_manual_p001,core,intra,0,joint_count,30,10,xianfa,憲法,zhixian,制憲,0,0,0,0,0,0,0,,16132,0,505,0,503,0,low_support,zhixian_strength<30; zhixian_neighbors<10
regex-only,1,long_period_manual,long_period_manual_p001,core,intra,20,joint_count,30,10,lixian,立憲,xianzheng,憲政,0,0,0,0.0758799360454,0.142857142857,0.077458324082,5,籌備; 實行; 前途; 事宜; 預備,4451,6521,122,168,20,20,ok,
regex-only,1,long_period_manual,long_period_manual_p001,core,cross,20,joint_count,30,10,lixian,立憲,xianfa,憲法,0,0,0,0.0345919735037,0.0526315789474,0.0537044361275,2,國; 宣布,4451,1600,122,83,20,20,ok,
regex-only,1,long_period_manual,long_period_manual_p001,core,cross,20,joint_count,30,10,lixian,立憲,zhixian,制憲,0,0,0,0,0,0,0,,4451,0,122,0,20,0,low_support,zhixian_strength<30; zhixian_neighbors<10
regex-only,1,long_period_manual,long_period_manual_p001,core,cross,20,joint_count,30,10,xianzheng,憲政,xianfa,憲法,0,0,0,0.0159221385312,0.025641025641,0.014122095424,1,大臣,6521,1600,168,83,20,20,ok,
regex-only,1,long_period_manual,long_period_manual_p001,core,cross,20,joint_count,30,10,xianzheng,憲政,zhixian,制憲,0,0,0,0,0,0,0,,6521,0,168,0,20,0,low_support,zhixian_strength<30; zhixian_neighbors<10
regex-only,1,long_period_manual,long_period_manual_p001,core,intra,20,joint_count,30,10,xianfa,憲法,zhixian,制憲,0,0,0,0,0,0,0,,1600,0,83,0,20,0,low_support,zhixian_strength<30; zhixian_neighbors<10
regex-only,1,long_period_manual,long_period_manual_p001,core,intra,50,joint_count,30,10,lixian,立憲,xianzheng,憲政,0,0,0,0.0914787696713,0.190476190476,0.0819039837385,16,籌備; 實行; 前途; 事宜; 預備; 國; 公會; 反對; 基礎; 日本; 共和; 諭旨; 清單; 會議; 舉行; 期限,4451,6521,122,168,50,50,ok,
regex-only,1,long_period_manual,long_period_manual_p001,core,cross,50,joint_count,30,10,lixian,立憲,xianfa,憲法,0,0,0,0.055030607469,0.111111111111,0.0798139852005,10,國; 宣布; 實行; 日本; 中國; 頒布; 問題; 君主; 我國; 頒行,4451,1600,122,83,50,50,ok,
regex-only,1,long_period_manual,long_period_manual_p001,core,cross,50,joint_count,30,10,lixian,立憲,zhixian,制憲,0,0,0,0,0,0,0,,4451,0,122,0,50,0,low_support,zhixian_strength<30; zhixian_neighbors<10
regex-only,1,long_period_manual,long_period_manual_p001,core,cross,50,joint_count,30,10,xianzheng,憲政,xianfa,憲法,0,0,0,0.0337085921251,0.0752688172043,0.0278398246934,7,大臣; 實行; 成立; 國; 研究會; 研究所; 日本,6521,1600,168,83,50,50,ok,
regex-only,1,long_period_manual,long_period_manual_p001,core,cross,50,joint_count,30,10,xianzheng,憲政,zhixian,制憲,0,0,0,0,0,0,0,,6521,0,168,0,50,0,low_support,zhixian_strength<30; zhixian_neighbors<10
regex-only,1,long_period_manual,long_period_manual_p001,core,intra,50,joint_count,30,10,xianfa,憲法,zhixian,制憲,0,0,0,0,0,0,0,,1600,0,83,0,50,0,low_support,zhixian_strength<30; zhixian_neighbors<10
regex-only,1,long_period_manual,long_period_manual_p001,core,intra,100,joint_count,30,10,lixian,立憲,xianzheng,憲政,0,0,0,0.0967585225065,0.176470588235,0.0830381091359,30,籌備; 實行; 前途; 事宜; 預備; 國; 公會; 反對; 基礎; 日本; 共和; 諭旨; 清單; 會議; 舉行; 期限; 我國; 頒行; 根本; 籌辦,4451,6521,122,168,100,100,ok,
regex-only,1,long_period_manual,long_period_manual_p001,core,cross,100,joint_count,30,10,lixian,立憲,xianfa,憲法,0,0,0,0.0623820961066,0.136645962733,0.0815696628726,22,國; 宣布; 實行; 日本; 中國; 頒布; 問題; 君主; 我國; 共和; 頒行; 論; 組織; 精神; 布; 求; 關係; 考察; 帝國; 研究,4451,1600,122,83,100,83,ok,
regex-only,1,long_period_manual,long_period_manual_p001,core,cross,100,joint_count,30,10,lixian,立憲,zhixian,制憲,0,0,0,0,0,0,0,,4451,0,122,0,100,0,low_support,zhixian_strength<30; zhixian_neighbors<10
regex-only,1,long_period_manual,long_period_manual_p001,core,cross,100,joint_count,30,10,xianzheng,憲政,xianfa,憲法,0,0,0,0.0507711387156,0.136645962733,0.0318233738925,22,大臣; 實行; 成立; 國; 研究會; 設; 關係; 研究所; 考察; 設立; 日本; 共和; 帝國; 我國; 頒行; 英國; 中國; 研究; 精神; 人員,6521,1600,168,83,100,83,ok,
regex-only,1,long_period_manual,long_period_manual_p001,core,cross,100,joint_count,30,10,xianzheng,憲政,zhixian,制憲,0,0,0,0,0,0,0,,6521,0,168,0,100,0,low_support,zhixian_strength<30; zhixian_neighbors<10
regex-only,1,long_period_manual,long_period_manual_p001,core,intra,100,joint_count,30,10,xianfa,憲法,zhixian,制憲,0,0,0,0,0,0,0,,1600,0,83,0,83,0,low_support,zhixian_strength<30; zhixian_neighbors<10
regex-only,1,long_period_manual,long_period_manual_p001,core,intra,0,joint_count,30,10,lixian,立憲,xianzheng,憲政,0,0,0,0.104627300755,0.213389121339,0.0840160460826,51,籌備; 實行; 前途; 事宜; 預備; 國; 公會; 反對; 基礎; 日本; 共和; 諭旨; 清單; 會議; 舉行; 期限; 我國; 頒行; 根本; 籌辦,4451,6521,122,168,122,168,ok,
regex-only,1,long_period_manual,long_period_manual_p001,core,cross,0,joint_count,30,10,lixian,立憲,xianfa,憲法,0,0,0,0.0615637987307,0.120218579235,0.081557185379,22,國; 宣布; 實行; 日本; 中國; 頒布; 問題; 君主; 我國; 共和; 頒行; 論; 組織; 精神; 布; 求; 關係; 考察; 帝國; 研究,4451,1600,122,83,122,83,ok,
regex-only,1,long_period_manual,long_period_manual_p001,core,cross,0,joint_count,30,10,lixian,立憲,zhixian,制憲,0,0,0,0,0,0,0,,4451,0,122,0,122,0,low_support,zhixian_strength<30; zhixian_neighbors<10
regex-only,1,long_period_manual,long_period_manual_p001,core,cross,0,joint_count,30,10,xianzheng,憲政,xianfa,憲法,0,0,0,0.0538739204739,0.140909090909,0.0337273283421,31,大臣; 實行; 成立; 國; 研究會; 設; 關係; 研究所; 考察; 設立; 日本; 共和; 帝國; 我國; 頒行; 英國; 中國; 研究; 精神; 人員,6521,1600,168,83,168,83,ok,
regex-only,1,long_period_manual,long_period_manual_p001,core,cross,0,joint_count,30,10,xianzheng,憲政,zhixian,制憲,0,0,0,0,0,0,0,,6521,0,168,0,168,0,low_support,zhixian_strength<30; zhixian_neighbors<10
regex-only,1,long_period_manual,long_period_manual_p001,core,intra,0,joint_count,30,10,xianfa,憲法,zhixian,制憲,0,0,0,0,0,0,0,,1600,0,83,0,83,0,low_support,zhixian_strength<30; zhixian_neighbors<10
regex-only,20,long_period_manual,long_period_manual_p001,core,intra,20,joint_count,30,10,lixian,立憲,xianzheng,憲政,0.00655484032243,0.00740349796954,0.005803463691,0.149962677795,0.25,0.246609746837,8,自治; 大臣; 省; 地方; 籌備; 國; 國會; 實行,68211,87017,1426,1639,20,20,ok,
regex-only,20,long_period_manual,long_period_manual_p001,core,cross,20,joint_count,30,10,lixian,立憲,xianfa,憲法,0.00963339853634,0.00681708228878,0.0136132092043,0.294253811154,0.333333333333,0.562055198796,10,國; 人民; 國會; 政府; 人; 大臣; 中國; 國民; 國家; 君主,68211,34158,1426,822,20,20,ok,
regex-only,20,long_period_manual,long_period_manual_p001,core,cross,20,joint_count,30,10,lixian,立憲,zhixian,制憲,0,0,0,0,0,0,0,,68211,0,1426,0,20,0,low_support,zhixian_strength<30; zhixian_neighbors<10
regex-only,20,long_period_manual,long_period_manual_p001,core,cross,20,joint_count,30,10,xianzheng,憲政,xianfa,憲法,0.0064014322966,0.00401071055081,0.0102172258329,0.0852088131483,0.111111111111,0.182444539567,4,大臣; 擬; 國; 國會,87017,34158,1639,822,20,20,ok,
regex-only,20,long_period_manual,long_period_manual_p001,core,cross,20,joint_count,30,10,xianzheng,憲政,zhixian,制憲,0,0,0,0,0,0,0,,87017,0,1639,0,20,0,low_support,zhixian_strength<30; zhixian_neighbors<10
regex-only,20,long_period_manual,long_period_manual_p001,core,intra,20,joint_count,30,10,xianfa,憲法,zhixian,制憲,0,0,0,0,0,0,0,,34158,0,822,0,20,0,low_support,zhixian_strength<30; zhixian_neighbors<10
regex-only,20,long_period_manual,long_period_manual_p001,core,intra,50,joint_count,30,10,lixian,立憲,xianzheng,憲政,0.00655484032243,0.00740349796954,0.005803463691,0.219017863734,0.315789473684,0.36084703513,24,自治; 大臣; 省; 地方; 籌備; 國; 開; 國會; 實行; 兩; 人; 內閣; 諮議局; 官制; 設; 政府; 預備; 北京; 行政; 擬,68211,87017,1426,1639,50,50,ok,
regex-only,20,long_period_manual,long_period_manual_p001,core,cross,50,joint_count,30,10,lixian,立憲,xianfa,憲法,0.00963339853634,0.00681708228878,0.0136132092043,0.357616642314,0.428571428571,0.62805992345,30,國; 人民; 國會; 政府; 人; 大臣; 中國; 國民; 國家; 不能; 君主; 政治; 開; 省; 內閣; 兩; 日本; 不可; 論; 地方,68211,34158,1426,822,50,50,ok,
regex-only,20,long_period_manual,long_period_manual_p001,core,cross,50,joint_count,30,10,lixian,立憲,zhixian,制憲,0,0,0,0,0,0,0,,68211,0,1426,0,50,0,low_support,zhixian_strength<30; zhixian_neighbors<10
regex-only,20,long_period_manual,long_period_manual_p001,core,cross,50,joint_count,30,10,xianzheng,憲政,xianfa,憲法,0.0064014322966,0.00401071055081,0.0102172258329,0.184634503205,0.26582278481,0.301384167469,21,大臣; 擬; 國; 兩; 國會; 開; 省; 人; 內閣; 議員; 資政院; 成立; 地方; 設; 政府; 選舉; 行政; 新; 人民; 不能,87017,34158,1639,822,50,50,ok,
regex-only,20,long_period_manual,long_period_manual_p001,core,cross,50,joint_count,30,10,xianzheng,憲政,zhixian,制憲,0,0,0,0,0,0,0,,87017,0,1639,0,50,0,low_support,zhixian_strength<30; zhixian_neighbors<10
regex-only,20,long_period_manual,long_period_manual_p001,core,intra,50,joint_count,30,10,xianfa,憲法,zhixian,制憲,0,0,0,0,0,0,0,,34158,0,822,0,50,0,low_support,zhixian_strength<30; zhixian_neighbors<10
regex-only,20,long_period_manual,long_period_manual_p001,core,intra,100,joint_count,30,10,lixian,立憲,xianzheng,憲政,0.00655484032243,0.00740349796954,0.005803463691,0.283327805589,0.418439716312,0.435937613858,59,自治; 大臣; 省; 地方; 籌備; 國; 開; 國會; 實行; 兩; 人; 內閣; 諮議局; 官制; 設; 政府; 預備; 北京; 行政; 擬,68211,87017,1426,1639,100,100,ok,
regex-only,20,long_period_manual,long_period_manual_p001,core,cross,100,joint_count,30,10,lixian,立憲,xianfa,憲法,0.00963339853634,0.00681708228878,0.0136132092043,0.402765887168,0.481481481481,0.708517049134,65,國; 人民; 國會; 政府; 人; 大臣; 中國; 國民; 國家; 不能; 君主; 政治; 開; 省; 內閣; 兩; 日本; 不可; 論; 地方,68211,34158,1426,822,100,100,ok,
regex-only,20,long_period_manual,long_period_manual_p001,core,cross,100,joint_count,30,10,lixian,立憲,zhixian,制憲,0,0,0,0,0,0,0,,68211,0,1426,0,100,0,low_support,zhixian_strength<30; zhixian_neighbors<10
regex-only,20,long_period_manual,long_period_manual_p001,core,cross,100,joint_count,30,10,xianzheng,憲政,xianfa,憲法,0.0064014322966,0.00401071055081,0.0102172258329,0.244413660803,0.351351351351,0.418719182287,52,大臣; 擬; 國; 兩; 國會; 開; 省; 人; 內閣; 議員; 資政院; 成立; 地方; 設; 政府; 選舉; 行政; 實行; 預備; 新,87017,34158,1639,822,100,100,ok,
regex-only,20,long_period_manual,long_period_manual_p001,core,cross,100,joint_count,30,10,xianzheng,憲政,zhixian,制憲,0,0,0,0,0,0,0,,87017,0,1639,0,100,0,low_support,zhixian_strength<30; zhixian_neighbors<10
regex-only,20,long_period_manual,long_period_manual_p001,core,intra,100,joint_count,30,10,xianfa,憲法,zhixian,制憲,0,0,0,0,0,0,0,,34158,0,822,0,100,0,low_support,zhixian_strength<30; zhixian_neighbors<10
regex-only,20,long_period_manual,long_period_manual_p001,core,intra,0,joint_count,30,10,lixian,立憲,xianzheng,憲政,0.00655484032243,0.00740349796954,0.005803463691,0.35013670279,0.42703962704,0.508708198128,916,自治; 大臣; 省; 地方; 籌備; 國; 開; 國會; 實行; 兩; 人; 內閣; 諮議局; 官制; 設; 政府; 預備; 北京; 行政; 擬,68211,87017,1426,1639,1424,1637,ok,
regex-only,20,long_period_manual,long_period_manual_p001,core,cross,0,joint_count,30,10,lixian,立憲,xianfa,憲法,0.00963339853634,0.00681708228878,0.0136132092043,0.391026490594,0.377532228361,0.742066147062,615,國; 人民; 國會; 政府; 人; 大臣; 中國; 國民; 國家; 不能; 君主; 政治; 開; 省; 內閣; 兩; 日本; 不可; 論; 地方,68211,34158,1426,822,1424,820,ok,
regex-only,20,long_period_manual,long_period_manual_p001,core,cross,0,joint_count,30,10,lixian,立憲,zhixian,制憲,0,0,0,0,0,0,0,,68211,0,1426,0,1424,0,low_support,zhixian_strength<30; zhixian_neighbors<10
regex-only,20,long_period_manual,long_period_manual_p001,core,cross,0,joint_count,30,10,xianzheng,憲政,xianfa,憲法,0.0064014322966,0.00401071055081,0.0102172258329,0.279945555635,0.299312533051,0.485748975704,566,大臣; 擬; 國; 兩; 國會; 開; 省; 人; 內閣; 議員; 資政院; 成立; 地方; 設; 政府; 選舉; 行政; 實行; 預備; 新,87017,34158,1639,822,1637,820,ok,
regex-only,20,long_period_manual,long_period_manual_p001,core,cross,0,joint_count,30,10,xianzheng,憲政,zhixian,制憲,0,0,0,0,0,0,0,,87017,0,1639,0,1637,0,low_support,zhixian_strength<30; zhixian_neighbors<10
regex-only,20,long_period_manual,long_period_manual_p001,core,intra,0,joint_count,30,10,xianfa,憲法,zhixian,制憲,0,0,0,0,0,0,0,,34158,0,822,0,820,0,low_support,zhixian_strength<30; zhixian_neighbors<10
regex-only,5,long_period_manual,long_period_manual_p001,core,intra,20,joint_count,30,10,lixian,立憲,xianzheng,憲政,0.00441960173415,0.00520697734965,0.00375128950577,0.0631379712025,0.111111111111,0.0850490228839,4,籌備; 實行; 國; 自治,15364,21326,430,561,20,20,ok,
regex-only,5,long_period_manual,long_period_manual_p001,core,cross,20,joint_count,30,10,lixian,立憲,xianfa,憲法,0.00662199878881,0.00455610518094,0.00962463907603,0.142720325508,0.176470588235,0.265849301531,6,國; 君主; 國會; 人民; 中國; 國家,15364,7273,430,271,20,20,ok,
regex-only,5,long_period_manual,long_period_manual_p001,core,cross,20,joint_count,30,10,lixian,立憲,zhixian,制憲,0,0,0,0,0,0,0,,15364,0,430,0,20,0,low_support,zhixian_strength<30; zhixian_neighbors<10
regex-only,5,long_period_manual,long_period_manual_p001,core,cross,20,joint_count,30,10,xianzheng,憲政,xianfa,憲法,0.0050585850156,0.00295414048579,0.00866217516843,0.0663184496231,0.111111111111,0.0762178290783,4,大臣; 擬; 國; 成立,21326,7273,561,271,20,20,ok,
regex-only,5,long_period_manual,long_period_manual_p001,core,cross,20,joint_count,30,10,xianzheng,憲政,zhixian,制憲,0,0,0,0,0,0,0,,21326,0,561,0,20,0,low_support,zhixian_strength<30; zhixian_neighbors<10
regex-only,5,long_period_manual,long_period_manual_p001,core,intra,20,joint_count,30,10,xianfa,憲法,zhixian,制憲,0,0,0,0,0,0,0,,7273,0,271,0,20,0,low_support,zhixian_strength<30; zhixian_neighbors<10
regex-only,5,long_period_manual,long_period_manual_p001,core,intra,50,joint_count,30,10,lixian,立憲,xianzheng,憲政,0.00441960173415,0.00520697734965,0.00375128950577,0.132715561597,0.25,0.153902087633,20,籌備; 實行; 國; 自治; 預備; 開; 大臣; 內閣; 前途; 國會; 地方; 諮議局; 兩; 北京; 事宜; 官制; 朝廷; 諭旨; 關係; 省,15364,21326,430,561,50,50,ok,
regex-only,5,long_period_manual,long_period_manual_p001,core,cross,50,joint_count,30,10,lixian,立憲,xianfa,憲法,0.00662199878881,0.00455610518094,0.00962463907603,0.203099932386,0.26582278481,0.347639687859,21,國; 君主; 國會; 人民; 中國; 國家; 政府; 日本; 國民; 開; 不能; 人; 宣布; 大臣; 內閣; 不可; 實行; 制度; 地方; 論,15364,7273,430,271,50,50,ok,
regex-only,5,long_period_manual,long_period_manual_p001,core,cross,50,joint_count,30,10,lixian,立憲,zhixian,制憲,0,0,0,0,0,0,0,,15364,0,430,0,50,0,low_support,zhixian_strength<30; zhixian_neighbors<10
regex-only,5,long_period_manual,long_period_manual_p001,core,cross,50,joint_count,30,10,xianzheng,憲政,xianfa,憲法,0.0050585850156,0.00295414048579,0.00866217516843,0.0890942760685,0.136363636364,0.10004162959,12,大臣; 擬; 國; 成立; 開; 內閣; 國會; 實行; 資政院; 地方; 兩; 新,21326,7273,561,271,50,50,ok,
regex-only,5,long_period_manual,long_period_manual_p001,core,cross,50,joint_count,30,10,xianzheng,憲政,zhixian,制憲,0,0,0,0,0,0,0,,21326,0,561,0,50,0,low_support,zhixian_strength<30; zhixian_neighbors<10
regex-only,5,long_period_manual,long_period_manual_p001,core,intra,50,joint_count,30,10,xianfa,憲法,zhixian,制憲,0,0,0,0,0,0,0,,7273,0,271,0,50,0,low_support,zhixian_strength<30; zhixian_neighbors<10
regex-only,5,long_period_manual,long_period_manual_p001,core,intra,100,joint_count,30,10,lixian,立憲,xianzheng,憲政,0.00441960173415,0.00520697734965,0.00375128950577,0.173211058911,0.307189542484,0.18054155988,47,籌備; 實行; 國; 自治; 預備; 開; 大臣; 內閣; 前途; 國會; 地方; 諮議局; 兩; 北京; 事宜; 官制; 朝廷; 諭旨; 關係; 省,15364,21326,430,561,100,100,ok,
regex-only,5,long_period_manual,long_period_manual_p001,core,cross,100,joint_count,30,10,lixian,立憲,xianfa,憲法,0.00662199878881,0.00455610518094,0.00962463907603,0.239291999495,0.315789473684,0.412151525341,48,國; 君主; 國會; 人民; 中國; 國家; 政府; 日本; 國民; 開; 不能; 人; 宣布; 大臣; 內閣; 不可; 實行; 制度; 地方; 政治,15364,7273,430,271,100,100,ok,
regex-only,5,long_period_manual,long_period_manual_p001,core,cross,100,joint_count,30,10,lixian,立憲,zhixian,制憲,0,0,0,0,0,0,0,,15364,0,430,0,100,0,low_support,zhixian_strength<30; zhixian_neighbors<10
regex-only,5,long_period_manual,long_period_manual_p001,core,cross,100,joint_count,30,10,xianzheng,憲政,xianfa,憲法,0.0050585850156,0.00295414048579,0.00866217516843,0.138979911847,0.226993865031,0.176220997116,37,大臣; 擬; 國; 成立; 開; 內閣; 國會; 實行; 資政院; 地方; 設; 兩; 關係; 預備; 新; 北京; 省; 議員; 會議; 編查館,21326,7273,561,271,100,100,ok,
regex-only,5,long_period_manual,long_period_manual_p001,core,cross,100,joint_count,30,10,xianzheng,憲政,zhixian,制憲,0,0,0,0,0,0,0,,21326,0,561,0,100,0,low_support,zhixian_strength<30; zhixian_neighbors<10
regex-only,5,long_period_manual,long_period_manual_p001,core,intra,100,joint_count,30,10,xianfa,憲法,zhixian,制憲,0,0,0,0,0,0,0,,7273,0,271,0,100,0,low_support,zhixian_strength<30; zhixian_neighbors<10
regex-only,5,long_period_manual,long_period_manual_p001,core,intra,0,joint_count,30,10,lixian,立憲,xianzheng,憲政,0.00441960173415,0.00520697734965,0.00375128950577,0.215276033094,0.295275590551,0.207156984715,225,籌備; 實行; 國; 自治; 預備; 開; 大臣; 內閣; 前途; 國會; 地方; 諮議局; 兩; 北京; 事宜; 官制; 朝廷; 諭旨; 關係; 省,15364,21326,430,561,428,559,ok,
regex-only,5,long_period_manual,long_period_manual_p001,core,cross,0,joint_count,30,10,lixian,立憲,xianfa,憲法,0.00662199878881,0.00455610518094,0.00962463907603,0.253969756339,0.271897810219,0.443258496524,149,國; 君主; 國會; 人民; 中國; 國家; 政府; 日本; 國民; 開; 不能; 人; 宣布; 大臣; 內閣; 不可; 實行; 制度; 地方; 政治,15364,7273,430,271,428,269,ok,
regex-only,5,long_period_manual,long_period_manual_p001,core,cross,0,joint_count,30,10,lixian,立憲,zhixian,制憲,0,0,0,0,0,0,0,,15364,0,430,0,428,0,low_support,zhixian_strength<30; zhixian_neighbors<10
regex-only,5,long_period_manual,long_period_manual_p001,core,cross,0,joint_count,30,10,xianzheng,憲政,xianfa,憲法,0.0050585850156,0.00295414048579,0.00866217516843,0.167165498117,0.208759124088,0.212440482632,143,大臣; 擬; 國; 成立; 開; 內閣; 國會; 實行; 資政院; 地方; 設; 兩; 關係; 預備; 新; 北京; 省; 議員; 會議; 編查館,21326,7273,561,271,559,269,ok,
regex-only,5,long_period_manual,long_period_manual_p001,core,cross,0,joint_count,30,10,xianzheng,憲政,zhixian,制憲,0,0,0,0,0,0,0,,21326,0,561,0,559,0,low_support,zhixian_strength<30; zhixian_neighbors<10
regex-only,5,long_period_manual,long_period_manual_p001,core,intra,0,joint_count,30,10,xianfa,憲法,zhixian,制憲,0,0,0,0,0,0,0,,7273,0,271,0,269,0,low_support,zhixian_strength<30; zhixian_neighbors<10
strict,10,long_period_manual,long_period_manual_p001,core,intra,20,joint_count,30,10,lixian,立憲,xianzheng,憲政,0.0072044979687,0.00568570185795,0.00912900329243,0.182096972836,0.25,0.374975459003,8,實行; 國; 籌備; 國會; 自治; 地方; 預備; 政府,32186,20046,850,635,20,20,ok,
strict,10,long_period_manual,long_period_manual_p001,core,cross,20,joint_count,30,10,lixian,立憲,xianfa,憲法,0.00882032594384,0.00540607717641,0.0143908692416,0.244324384265,0.290322580645,0.46680029715,9,國; 人民; 國會; 君主; 政府; 國民; 中國; 國家; 政治,32186,12091,850,420,20,20,ok,
strict,10,long_period_manual,long_period_manual_p001,core,cross,20,joint_count,30,10,lixian,立憲,zhixian,制憲,0,0,0,0,0,0,0,,32186,0,850,0,20,0,low_support,zhixian_strength<30; zhixian_neighbors<10
strict,10,long_period_manual,long_period_manual_p001,core,cross,20,joint_count,30,10,xianzheng,憲政,xianfa,憲法,0.00539553249517,0.00419036216702,0.00694731618559,0.081243737926,0.111111111111,0.203982742289,4,國; 國會; 擬; 政府,20046,12091,635,420,20,20,ok,
strict,10,long_period_manual,long_period_manual_p001,core,cross,20,joint_count,30,10,xianzheng,憲政,zhixian,制憲,0,0,0,0,0,0,0,,20046,0,635,0,20,0,low_support,zhixian_strength<30; zhixian_neighbors<10
strict,10,long_period_manual,long_period_manual_p001,core,intra,20,joint_count,30,10,xianfa,憲法,zhixian,制憲,0,0,0,0,0,0,0,,12091,0,420,0,20,0,low_support,zhixian_strength<30; zhixian_neighbors<10
strict,10,long_period_manual,long_period_manual_p001,core,intra,50,joint_count,30,10,lixian,立憲,xianzheng,憲政,0.0072044979687,0.00568570185795,0.00912900329243,0.294433472254,0.428571428571,0.483078221433,30,實行; 國; 籌備; 國會; 自治; 地方; 預備; 政府; 省; 開; 人民; 朝廷; 人; 兩; 不能; 大臣; 諮議局; 中國; 北京; 設,32186,20046,850,635,50,50,ok,
strict,10,long_period_manual,long_period_manual_p001,core,cross,50,joint_count,30,10,lixian,立憲,xianfa,憲法,0.00882032594384,0.00540607717641,0.0143908692416,0.289365903298,0.351351351351,0.498182191394,26,國; 人民; 國會; 君主; 政府; 國民; 中國; 國家; 人; 政治; 開; 日本; 不能; 省; 不可; 兩; 大臣; 民; 內閣; 論,32186,12091,850,420,50,50,ok,
strict,10,long_period_manual,long_period_manual_p001,core,cross,50,joint_count,30,10,lixian,立憲,zhixian,制憲,0,0,0,0,0,0,0,,32186,0,850,0,50,0,low_support,zhixian_strength<30; zhixian_neighbors<10
strict,10,long_period_manual,long_period_manual_p001,core,cross,50,joint_count,30,10,xianzheng,憲政,xianfa,憲法,0.00539553249517,0.00419036216702,0.00694731618559,0.196905856158,0.298701298701,0.318056240317,23,國; 國會; 擬; 成立; 政府; 開; 人民; 省; 人; 關係; 兩; 大臣; 不能; 機關; 設; 中國; 議員; 行政; 內閣; 組織,20046,12091,635,420,50,50,ok,
strict,10,long_period_manual,long_period_manual_p001,core,cross,50,joint_count,30,10,xianzheng,憲政,zhixian,制憲,0,0,0,0,0,0,0,,20046,0,635,0,50,0,low_support,zhixian_strength<30; zhixian_neighbors<10
strict,10,long_period_manual,long_period_manual_p001,core,intra,50,joint_count,30,10,xianfa,憲法,zhixian,制憲,0,0,0,0,0,0,0,,12091,0,420,0,50,0,low_support,zhixian_strength<30; zhixian_neighbors<10
strict,10,long_period_manual,long_period_manual_p001,core,intra,100,joint_count,30,10,lixian,立憲,xianzheng,憲政,0.0072044979687,0.00568570185795,0.00912900329243,0.334442764516,0.449275362319,0.524219179417,62,實行; 國; 籌備; 國會; 自治; 地方; 預備; 政府; 省; 開; 人民; 朝廷; 人; 兩; 不能; 大臣; 諮議局; 中國; 北京; 設,32186,20046,850,635,100,100,ok,
strict,10,long_period_manual,long_period_manual_p001,core,cross,100,joint_count,30,10,lixian,立憲,xianfa,憲法,0.00882032594384,0.00540607717641,0.0143908692416,0.312933514837,0.351351351351,0.586163084847,52,國; 人民; 國會; 君主; 政府; 國民; 中國; 國家; 人; 政治; 開; 日本; 不能; 省; 不可; 兩; 大臣; 民; 內閣; 實行,32186,12091,850,420,100,100,ok,
strict,10,long_period_manual,long_period_manual_p001,core,cross,100,joint_count,30,10,lixian,立憲,zhixian,制憲,0,0,0,0,0,0,0,,32186,0,850,0,100,0,low_support,zhixian_strength<30; zhixian_neighbors<10
strict,10,long_period_manual,long_period_manual_p001,core,cross,100,joint_count,30,10,xianzheng,憲政,xianfa,憲法,0.00539553249517,0.00419036216702,0.00694731618559,0.230983050964,0.307189542484,0.391761521912,47,國; 國會; 擬; 成立; 政府; 開; 人民; 省; 人; 關係; 兩; 大臣; 不能; 機關; 設; 實行; 中國; 議員; 預備; 行政,20046,12091,635,420,100,100,ok,
strict,10,long_period_manual,long_period_manual_p001,core,cross,100,joint_count,30,10,xianzheng,憲政,zhixian,制憲,0,0,0,0,0,0,0,,20046,0,635,0,100,0,low_support,zhixian_strength<30; zhixian_neighbors<10
strict,10,long_period_manual,long_period_manual_p001,core,intra,100,joint_count,30,10,xianfa,憲法,zhixian,制憲,0,0,0,0,0,0,0,,12091,0,420,0,100,0,low_support,zhixian_strength<30; zhixian_neighbors<10
strict,10,long_period_manual,long_period_manual_p001,core,intra,0,joint_count,30,10,lixian,立憲,xianzheng,憲政,0.0072044979687,0.00568570185795,0.00912900329243,0.3687181247,0.376394052045,0.574751590591,405,實行; 國; 籌備; 國會; 自治; 地方; 預備; 政府; 省; 開; 人民; 朝廷; 人; 兩; 不能; 大臣; 諮議局; 中國; 北京; 設,32186,20046,850,635,848,633,ok,
strict,10,long_period_manual,long_period_manual_p001,core,cross,0,joint_count,30,10,lixian,立憲,xianfa,憲法,0.00882032594384,0.00540607717641,0.0143908692416,0.320997992884,0.289205702648,0.626722522269,284,國; 人民; 國會; 君主; 政府; 國民; 中國; 國家; 人; 政治; 開; 日本; 不能; 省; 不可; 兩; 大臣; 民; 內閣; 實行,32186,12091,850,420,848,418,ok,
strict,10,long_period_manual,long_period_manual_p001,core,cross,0,joint_count,30,10,lixian,立憲,zhixian,制憲,0,0,0,0,0,0,0,,32186,0,850,0,848,0,low_support,zhixian_strength<30; zhixian_neighbors<10
strict,10,long_period_manual,long_period_manual_p001,core,cross,0,joint_count,30,10,xianzheng,憲政,xianfa,憲法,0.00539553249517,0.00419036216702,0.00694731618559,0.248596019454,0.263221153846,0.464444332689,219,國; 國會; 擬; 成立; 政府; 開; 人民; 省; 人; 關係; 兩; 大臣; 不能; 機關; 設; 實行; 中國; 議員; 預備; 行政,20046,12091,635,420,633,418,ok,
strict,10,long_period_manual,long_period_manual_p001,core,cross,0,joint_count,30,10,xianzheng,憲政,zhixian,制憲,0,0,0,0,0,0,0,,20046,0,635,0,633,0,low_support,zhixian_strength<30; zhixian_neighbors<10
strict,10,long_period_manual,long_period_manual_p001,core,intra,0,joint_count,30,10,xianfa,憲法,zhixian,制憲,0,0,0,0,0,0,0,,12091,0,420,0,418,0,low_support,zhixian_strength<30; zhixian_neighbors<10
strict,1,long_period_manual,long_period_manual_p001,core,intra,20,joint_count,30,10,lixian,立憲,xianzheng,憲政,0,0,0,0.146532761693,0.25,0.291384640968,8,實行; 籌備; 預備; 國; 前途; 事宜; 基礎; 反對,4449,2712,122,115,20,20,ok,
strict,1,long_period_manual,long_period_manual_p001,core,cross,20,joint_count,30,10,lixian,立憲,xianfa,憲法,0,0,0,0.0447068224331,0.0810810810811,0.0976387810735,3,國; 實行; 宣布,4449,942,122,59,20,20,ok,
strict,1,long_period_manual,long_period_manual_p001,core,cross,20,joint_count,30,10,lixian,立憲,zhixian,制憲,0,0,0,0,0,0,0,,4449,0,122,0,20,0,low_support,zhixian_strength<30; zhixian_neighbors<10
strict,1,long_period_manual,long_period_manual_p001,core,cross,20,joint_count,30,10,xianzheng,憲政,xianfa,憲法,0,0,0,0.0339097613296,0.0810810810811,0.0574712722954,3,成立; 國; 實行,2712,942,115,59,20,20,ok,
strict,1,long_period_manual,long_period_manual_p001,core,cross,20,joint_count,30,10,xianzheng,憲政,zhixian,制憲,0,0,0,0,0,0,0,,2712,0,115,0,20,0,low_support,zhixian_strength<30; zhixian_neighbors<10
strict,1,long_period_manual,long_period_manual_p001,core,intra,20,joint_count,30,10,xianfa,憲法,zhixian,制憲,0,0,0,0,0,0,0,,942,0,59,0,20,0,low_support,zhixian_strength<30; zhixian_neighbors<10
strict,1,long_period_manual,long_period_manual_p001,core,intra,50,joint_count,30,10,lixian,立憲,xianzheng,憲政,0,0,0,0.139966912847,0.176470588235,0.290953700963,15,實行; 籌備; 預備; 國; 前途; 事宜; 基礎; 反對; 共和; 日本; 我國; 清單; 舉行; 頒行; 期限,4449,2712,122,115,50,50,ok,
strict,1,long_period_manual,long_period_manual_p001,core,cross,50,joint_count,30,10,lixian,立憲,xianfa,憲法,0,0,0,0.0532565215288,0.0989010989011,0.108051380828,9,國; 實行; 宣布; 君主; 共和; 頒布; 問題; 我國; 頒行,4449,942,122,59,50,50,ok,
strict,1,long_period_manual,long_period_manual_p001,core,cross,50,joint_count,30,10,lixian,立憲,zhixian,制憲,0,0,0,0,0,0,0,,4449,0,122,0,50,0,low_support,zhixian_strength<30; zhixian_neighbors<10
strict,1,long_period_manual,long_period_manual_p001,core,cross,50,joint_count,30,10,xianzheng,憲政,xianfa,憲法,0,0,0,0.0434058811489,0.0869565217391,0.0619351370462,8,成立; 國; 實行; 關係; 共和; 帝國; 我國; 頒行,2712,942,115,59,50,50,ok,
strict,1,long_period_manual,long_period_manual_p001,core,cross,50,joint_count,30,10,xianzheng,憲政,zhixian,制憲,0,0,0,0,0,0,0,,2712,0,115,0,50,0,low_support,zhixian_strength<30; zhixian_neighbors<10
strict,1,long_period_manual,long_period_manual_p001,core,intra,50,joint_count,30,10,xianfa,憲法,zhixian,制憲,0,0,0,0,0,0,0,,942,0,59,0,50,0,low_support,zhixian_strength<30; zhixian_neighbors<10
strict,1,long_period_manual,long_period_manual_p001,core,intra,100,joint_count,30,10,lixian,立憲,xianzheng,憲政,0,0,0,0.14893307753,0.204819277108,0.295470359465,34,實行; 籌備; 預備; 國; 前途; 事宜; 基礎; 反對; 共和; 日本; 我國; 中國; 清單; 舉行; 頒行; 期限; 備; 問題; 年限; 豫備,4449,2712,122,115,100,100,ok,
strict,1,long_period_manual,long_period_manual_p001,core,cross,100,joint_count,30,10,lixian,立憲,xianfa,憲法,0,0,0,0.0563434037107,0.119718309859,0.10965608691,17,國; 實行; 宣布; 君主; 共和; 頒布; 問題; 我國; 頒行; 布; 求; 關係; 考察; 帝國; 研究; 程度; 開,4449,942,122,59,100,59,ok,
strict,1,long_period_manual,long_period_manual_p001,core,cross,100,joint_count,30,10,lixian,立憲,zhixian,制憲,0,0,0,0,0,0,0,,4449,0,122,0,100,0,low_support,zhixian_strength<30; zhixian_neighbors<10
strict,1,long_period_manual,long_period_manual_p001,core,cross,100,joint_count,30,10,xianzheng,憲政,xianfa,憲法,0,0,0,0.0554472617589,0.119718309859,0.0699537132028,17,成立; 國; 實行; 關係; 共和; 考察; 帝國; 我國; 頒行; 研究; 人員; 維持; 設; 重要; 問題; 宣布; 範圍,2712,942,115,59,100,59,ok,
strict,1,long_period_manual,long_period_manual_p001,core,cross,100,joint_count,30,10,xianzheng,憲政,zhixian,制憲,0,0,0,0,0,0,0,,2712,0,115,0,100,0,low_support,zhixian_strength<30; zhixian_neighbors<10
strict,1,long_period_manual,long_period_manual_p001,core,intra,100,joint_count,30,10,xianfa,憲法,zhixian,制憲,0,0,0,0,0,0,0,,942,0,59,0,59,0,low_support,zhixian_strength<30; zhixian_neighbors<10
strict,1,long_period_manual,long_period_manual_p001,core,intra,0,joint_count,30,10,lixian,立憲,xianzheng,憲政,0,0,0,0.153879158301,0.234375,0.295898049811,45,實行; 籌備; 預備; 國; 前途; 事宜; 基礎; 反對; 共和; 日本; 我國; 中國; 清單; 舉行; 頒行; 期限; 備; 問題; 年限; 豫備,4449,2712,122,115,122,115,ok,
strict,1,long_period_manual,long_period_manual_p001,core,cross,0,joint_count,30,10,lixian,立憲,xianfa,憲法,0,0,0,0.0556081349892,0.103658536585,0.109639312663,17,國; 實行; 宣布; 君主; 共和; 頒布; 問題; 我國; 頒行; 布; 求; 關係; 考察; 帝國; 研究; 程度; 開,4449,942,122,59,122,59,ok,
strict,1,long_period_manual,long_period_manual_p001,core,cross,0,joint_count,30,10,lixian,立憲,zhixian,制憲,0,0,0,0,0,0,0,,4449,0,122,0,122,0,low_support,zhixian_strength<30; zhixian_neighbors<10
strict,1,long_period_manual,long_period_manual_p001,core,cross,0,joint_count,30,10,xianzheng,憲政,xianfa,憲法,0,0,0,0.0546386773175,0.108280254777,0.0699291459376,17,成立; 國; 實行; 關係; 共和; 考察; 帝國; 我國; 頒行; 研究; 人員; 維持; 設; 重要; 問題; 宣布; 範圍,2712,942,115,59,115,59,ok,
strict,1,long_period_manual,long_period_manual_p001,core,cross,0,joint_count,30,10,xianzheng,憲政,zhixian,制憲,0,0,0,0,0,0,0,,2712,0,115,0,115,0,low_support,zhixian_strength<30; zhixian_neighbors<10
strict,1,long_period_manual,long_period_manual_p001,core,intra,0,joint_count,30,10,xianfa,憲法,zhixian,制憲,0,0,0,0,0,0,0,,942,0,59,0,59,0,low_support,zhixian_strength<30; zhixian_neighbors<10
strict,20,long_period_manual,long_period_manual_p001,core,intra,20,joint_count,30,10,lixian,立憲,xianzheng,憲政,0.00737712561186,0.00580756319995,0.00937088076693,0.246418904556,0.333333333333,0.427780470114,10,國; 實行; 國會; 自治; 人; 省; 地方; 籌備; 政府; 開,67326,41725,1441,1028,20,20,ok,
strict,20,long_period_manual,long_period_manual_p001,core,cross,20,joint_count,30,10,lixian,立憲,xianfa,憲法,0.00955828143531,0.0059709473309,0.0153008792296,0.298838084121,0.333333333333,0.57892143638,10,國; 人民; 國會; 政府; 人; 國民; 中國; 國家; 不能; 君主,67326,26273,1441,685,20,20,ok,
strict,20,long_period_manual,long_period_manual_p001,core,cross,20,joint_count,30,10,lixian,立憲,zhixian,制憲,0,0,0,0,0,0,0,,67326,0,1441,0,20,0,low_support,zhixian_strength<30; zhixian_neighbors<10
strict,20,long_period_manual,long_period_manual_p001,core,cross,20,joint_count,30,10,xianzheng,憲政,xianfa,憲法,0.00552710969698,0.00438585979629,0.00696532561946,0.0932146990016,0.111111111111,0.262085381282,4,國; 國會; 人; 政府,41725,26273,1028,685,20,20,ok,
strict,20,long_period_manual,long_period_manual_p001,core,cross,20,joint_count,30,10,xianzheng,憲政,zhixian,制憲,0,0,0,0,0,0,0,,41725,0,1028,0,20,0,low_support,zhixian_strength<30; zhixian_neighbors<10
strict,20,long_period_manual,long_period_manual_p001,core,intra,20,joint_count,30,10,xianfa,憲法,zhixian,制憲,0,0,0,0,0,0,0,,26273,0,685,0,20,0,low_support,zhixian_strength<30; zhixian_neighbors<10
strict,20,long_period_manual,long_period_manual_p001,core,intra,50,joint_count,30,10,lixian,立憲,xianzheng,憲政,0.00737712561186,0.00580756319995,0.00937088076693,0.310759920962,0.388888888889,0.562735130305,28,國; 實行; 國會; 自治; 人; 省; 地方; 籌備; 政府; 開; 人民; 預備; 兩; 不能; 朝廷; 大臣; 國民; 設; 中國; 諮議局,67326,41725,1441,1028,50,50,ok,
strict,20,long_period_manual,long_period_manual_p001,core,cross,50,joint_count,30,10,lixian,立憲,xianfa,憲法,0.00955828143531,0.0059709473309,0.0153008792296,0.40012637013,0.515151515152,0.697529961921,34,國; 人民; 國會; 政府; 人; 國民; 中國; 國家; 不能; 君主; 開; 省; 政治; 不可; 兩; 日本; 大臣; 民; 論; 實行,67326,26273,1441,685,50,50,ok,
strict,20,long_period_manual,long_period_manual_p001,core,cross,50,joint_count,30,10,lixian,立憲,zhixian,制憲,0,0,0,0,0,0,0,,67326,0,1441,0,50,0,low_support,zhixian_strength<30; zhixian_neighbors<10
strict,20,long_period_manual,long_period_manual_p001,core,cross,50,joint_count,30,10,xianzheng,憲政,xianfa,憲法,0.00552710969698,0.00438585979629,0.00696532561946,0.255251739365,0.369863013699,0.444276548607,27,國; 國會; 人; 政府; 開; 人民; 擬; 省; 兩; 成立; 議員; 不能; 大臣; 關係; 實行; 設; 國民; 預備; 機關; 資政院,41725,26273,1028,685,50,50,ok,
strict,20,long_period_manual,long_period_manual_p001,core,cross,50,joint_count,30,10,xianzheng,憲政,zhixian,制憲,0,0,0,0,0,0,0,,41725,0,1028,0,50,0,low_support,zhixian_strength<30; zhixian_neighbors<10
strict,20,long_period_manual,long_period_manual_p001,core,intra,50,joint_count,30,10,xianfa,憲法,zhixian,制憲,0,0,0,0,0,0,0,,26273,0,685,0,50,0,low_support,zhixian_strength<30; zhixian_neighbors<10
strict,20,long_period_manual,long_period_manual_p001,core,intra,100,joint_count,30,10,lixian,立憲,xianzheng,憲政,0.00737712561186,0.00580756319995,0.00937088076693,0.36974224571,0.470588235294,0.616850236771,64,國; 實行; 國會; 自治; 人; 省; 地方; 籌備; 政府; 開; 人民; 預備; 兩; 不能; 朝廷; 大臣; 國民; 設; 中國; 諮議局,67326,41725,1441,1028,100,100,ok,
strict,20,long_period_manual,long_period_manual_p001,core,cross,100,joint_count,30,10,lixian,立憲,xianfa,憲法,0.00955828143531,0.0059709473309,0.0153008792296,0.397860843615,0.470588235294,0.716186387723,64,國; 人民; 國會; 政府; 人; 國民; 中國; 國家; 不能; 君主; 開; 省; 政治; 不可; 兩; 日本; 大臣; 民; 論; 實行,67326,26273,1441,685,100,100,ok,
strict,20,long_period_manual,long_period_manual_p001,core,cross,100,joint_count,30,10,lixian,立憲,zhixian,制憲,0,0,0,0,0,0,0,,67326,0,1441,0,100,0,low_support,zhixian_strength<30; zhixian_neighbors<10
strict,20,long_period_manual,long_period_manual_p001,core,cross,100,joint_count,30,10,xianzheng,憲政,xianfa,憲法,0.00552710969698,0.00438585979629,0.00696532561946,0.271703427753,0.351351351351,0.509005108787,52,國; 國會; 人; 政府; 開; 人民; 擬; 省; 兩; 成立; 議員; 不能; 大臣; 關係; 實行; 設; 國民; 預備; 機關; 資政院,41725,26273,1028,685,100,100,ok,
strict,20,long_period_manual,long_period_manual_p001,core,cross,100,joint_count,30,10,xianzheng,憲政,zhixian,制憲,0,0,0,0,0,0,0,,41725,0,1028,0,100,0,low_support,zhixian_strength<30; zhixian_neighbors<10
strict,20,long_period_manual,long_period_manual_p001,core,intra,100,joint_count,30,10,xianfa,憲法,zhixian,制憲,0,0,0,0,0,0,0,,26273,0,685,0,100,0,low_support,zhixian_strength<30; zhixian_neighbors<10
strict,20,long_period_manual,long_period_manual_p001,core,intra,0,joint_count,30,10,lixian,立憲,xianzheng,憲政,0.00737712561186,0.00580756319995,0.00937088076693,0.427832949914,0.450853443202,0.68431890023,766,國; 實行; 國會; 自治; 人; 省; 地方; 籌備; 政府; 開; 人民; 預備; 兩; 不能; 朝廷; 大臣; 國民; 設; 中國; 諮議局,67326,41725,1441,1028,1439,1026,ok,
strict,20,long_period_manual,long_period_manual_p001,core,cross,0,joint_count,30,10,lixian,立憲,xianfa,憲法,0.00955828143531,0.0059709473309,0.0153008792296,0.382377242253,0.336272040302,0.747893037916,534,國; 人民; 國會; 政府; 人; 國民; 中國; 國家; 不能; 君主; 開; 省; 政治; 不可; 兩; 日本; 大臣; 民; 論; 實行,67326,26273,1441,685,1439,683,ok,
strict,20,long_period_manual,long_period_manual_p001,core,cross,0,joint_count,30,10,lixian,立憲,zhixian,制憲,0,0,0,0,0,0,0,,67326,0,1441,0,1439,0,low_support,zhixian_strength<30; zhixian_neighbors<10
strict,20,long_period_manual,long_period_manual_p001,core,cross,0,joint_count,30,10,xianzheng,憲政,xianfa,憲法,0.00552710969698,0.00438585979629,0.00696532561946,0.297984253491,0.315627405697,0.57724842512,410,國; 國會; 人; 政府; 開; 人民; 擬; 省; 兩; 成立; 議員; 不能; 大臣; 關係; 實行; 設; 國民; 預備; 機關; 資政院,41725,26273,1028,685,1026,683,ok,
strict,20,long_period_manual,long_period_manual_p001,core,cross,0,joint_count,30,10,xianzheng,憲政,zhixian,制憲,0,0,0,0,0,0,0,,41725,0,1028,0,1026,0,low_support,zhixian_strength<30; zhixian_neighbors<10
strict,20,long_period_manual,long_period_manual_p001,core,intra,0,joint_count,30,10,xianfa,憲法,zhixian,制憲,0,0,0,0,0,0,0,,26273,0,685,0,683,0,low_support,zhixian_strength<30; zhixian_neighbors<10
strict,5,long_period_manual,long_period_manual_p001,core,intra,20,joint_count,30,10,lixian,立憲,xianzheng,憲政,0.00424544136401,0.0032940246393,0.00547165681768,0.170896580782,0.25,0.346829889173,8,實行; 籌備; 國; 預備; 國會; 朝廷; 自治; 地方,15179,9138,434,326,20,20,ok,
strict,5,long_period_manual,long_period_manual_p001,core,cross,20,joint_count,30,10,lixian,立憲,xianfa,憲法,0.00650030398545,0.00382106858159,0.0110581506196,0.188988223957,0.25,0.350011636351,8,國; 君主; 人民; 國家; 國會; 中國; 政府; 國民,15179,5245,434,215,20,20,ok,
strict,5,long_period_manual,long_period_manual_p001,core,cross,20,joint_count,30,10,lixian,立憲,zhixian,制憲,0,0,0,0,0,0,0,,15179,0,434,0,20,0,low_support,zhixian_strength<30; zhixian_neighbors<10
strict,5,long_period_manual,long_period_manual_p001,core,cross,20,joint_count,30,10,xianzheng,憲政,xianfa,憲法,0.00491112054229,0.00372072663603,0.00648236415634,0.0709742631427,0.111111111111,0.153067937713,4,國; 國會; 成立; 擬,9138,5245,326,215,20,20,ok,
strict,5,long_period_manual,long_period_manual_p001,core,cross,20,joint_count,30,10,xianzheng,憲政,zhixian,制憲,0,0,0,0,0,0,0,,9138,0,326,0,20,0,low_support,zhixian_strength<30; zhixian_neighbors<10
strict,5,long_period_manual,long_period_manual_p001,core,intra,20,joint_count,30,10,xianfa,憲法,zhixian,制憲,0,0,0,0,0,0,0,,5245,0,215,0,20,0,low_support,zhixian_strength<30; zhixian_neighbors<10
strict,5,long_period_manual,long_period_manual_p001,core,intra,50,joint_count,30,10,lixian,立憲,xianzheng,憲政,0.00424544136401,0.0032940246393,0.00547165681768,0.23773801525,0.369863013699,0.40127168153,27,實行; 籌備; 國; 預備; 國會; 朝廷; 自治; 地方; 基礎; 開; 人民; 政府; 前途; 中國; 國家; 日本; 不能; 兩; 諮議局; 我國,15179,9138,434,326,50,50,ok,
strict,5,long_period_manual,long_period_manual_p001,core,cross,50,joint_count,30,10,lixian,立憲,xianfa,憲法,0.00650030398545,0.00382106858159,0.0110581506196,0.221592774199,0.282051282051,0.381394525751,22,國; 君主; 人民; 國家; 國會; 中國; 政府; 國民; 日本; 人; 宣布; 開; 實行; 不能; 政治; 地方; 不可; 制度; 論; 兩,15179,5245,434,215,50,50,ok,
strict,5,long_period_manual,long_period_manual_p001,core,cross,50,joint_count,30,10,lixian,立憲,zhixian,制憲,0,0,0,0,0,0,0,,15179,0,434,0,50,0,low_support,zhixian_strength<30; zhixian_neighbors<10
strict,5,long_period_manual,long_period_manual_p001,core,cross,50,joint_count,30,10,xianzheng,憲政,xianfa,憲法,0.00491112054229,0.00372072663603,0.00648236415634,0.139852734241,0.234567901235,0.222422092889,19,國; 國會; 成立; 擬; 開; 實行; 兩; 機關; 關係; 地方; 人民; 政府; 中國; 法律; 國家; 日本; 不能; 內閣; 人,9138,5245,326,215,50,50,ok,
strict,5,long_period_manual,long_period_manual_p001,core,cross,50,joint_count,30,10,xianzheng,憲政,zhixian,制憲,0,0,0,0,0,0,0,,9138,0,326,0,50,0,low_support,zhixian_strength<30; zhixian_neighbors<10
strict,5,long_period_manual,long_period_manual_p001,core,intra,50,joint_count,30,10,xianfa,憲法,zhixian,制憲,0,0,0,0,0,0,0,,5245,0,215,0,50,0,low_support,zhixian_strength<30; zhixian_neighbors<10
strict,5,long_period_manual,long_period_manual_p001,core,intra,100,joint_count,30,10,lixian,立憲,xianzheng,憲政,0.00424544136401,0.0032940246393,0.00547165681768,0.272039770973,0.398601398601,0.428934091413,57,實行; 籌備; 國; 預備; 國會; 朝廷; 自治; 地方; 基礎; 開; 人民; 政府; 前途; 中國; 國家; 日本; 不能; 兩; 諮議局; 我國,15179,9138,434,326,100,100,ok,
strict,5,long_period_manual,long_period_manual_p001,core,cross,100,joint_count,30,10,lixian,立憲,xianfa,憲法,0.00650030398545,0.00382106858159,0.0110581506196,0.247912388482,0.315789473684,0.447123074046,48,國; 君主; 人民; 國家; 國會; 中國; 政府; 國民; 日本; 人; 宣布; 開; 實行; 不能; 政治; 地方; 不可; 制度; 民; 預備,15179,5245,434,215,100,100,ok,
strict,5,long_period_manual,long_period_manual_p001,core,cross,100,joint_count,30,10,lixian,立憲,zhixian,制憲,0,0,0,0,0,0,0,,15179,0,434,0,100,0,low_support,zhixian_strength<30; zhixian_neighbors<10
strict,5,long_period_manual,long_period_manual_p001,core,cross,100,joint_count,30,10,xianzheng,憲政,xianfa,憲法,0.00491112054229,0.00372072663603,0.00648236415634,0.184972823254,0.273885350318,0.270529077139,43,國; 國會; 成立; 擬; 開; 實行; 兩; 機關; 關係; 地方; 人民; 政府; 設; 大臣; 中國; 法律; 預備; 國家; 日本; 省,9138,5245,326,215,100,100,ok,
strict,5,long_period_manual,long_period_manual_p001,core,cross,100,joint_count,30,10,xianzheng,憲政,zhixian,制憲,0,0,0,0,0,0,0,,9138,0,326,0,100,0,low_support,zhixian_strength<30; zhixian_neighbors<10
strict,5,long_period_manual,long_period_manual_p001,core,intra,100,joint_count,30,10,xianfa,憲法,zhixian,制憲,0,0,0,0,0,0,0,,5245,0,215,0,100,0,low_support,zhixian_strength<30; zhixian_neighbors<10
strict,5,long_period_manual,long_period_manual_p001,core,intra,0,joint_count,30,10,lixian,立憲,xianzheng,憲政,0.00424544136401,0.0032940246393,0.00547165681768,0.291656406315,0.330985915493,0.450284099971,188,實行; 籌備; 國; 預備; 國會; 朝廷; 自治; 地方; 基礎; 開; 人民; 政府; 前途; 中國; 國家; 日本; 不能; 兩; 諮議局; 我國,15179,9138,434,326,432,324,ok,
strict,5,long_period_manual,long_period_manual_p001,core,cross,0,joint_count,30,10,lixian,立憲,xianfa,憲法,0.00650030398545,0.00382106858159,0.0110581506196,0.255465106699,0.252427184466,0.474144462174,130,國; 君主; 人民; 國家; 國會; 中國; 政府; 國民; 日本; 人; 宣布; 開; 實行; 不能; 政治; 地方; 不可; 制度; 民; 預備,15179,5245,434,215,432,213,ok,
strict,5,long_period_manual,long_period_manual_p001,core,cross,0,joint_count,30,10,lixian,立憲,zhixian,制憲,0,0,0,0,0,0,0,,15179,0,434,0,432,0,low_support,zhixian_strength<30; zhixian_neighbors<10
strict,5,long_period_manual,long_period_manual_p001,core,cross,0,joint_count,30,10,xianzheng,憲政,xianfa,憲法,0.00491112054229,0.00372072663603,0.00648236415634,0.190339047291,0.22602739726,0.307551357765,99,國; 國會; 成立; 擬; 開; 實行; 兩; 機關; 關係; 地方; 人民; 政府; 設; 大臣; 中國; 法律; 預備; 國家; 日本; 省,9138,5245,326,215,324,213,ok,
strict,5,long_period_manual,long_period_manual_p001,core,cross,0,joint_count,30,10,xianzheng,憲政,zhixian,制憲,0,0,0,0,0,0,0,,9138,0,326,0,324,0,low_support,zhixian_strength<30; zhixian_neighbors<10
strict,5,long_period_manual,long_period_manual_p001,core,intra,0,joint_count,30,10,xianfa,憲法,zhixian,制憲,0,0,0,0,0,0,0,,5245,0,215,0,213,0,low_support,zhixian_strength<30; zhixian_neighbors<10
full,10,long_period_manual,long_period_manual_p002,core,intra,20,joint_count,30,10,lixian,立憲,xianzheng,憲政,0.0112946491725,0.00722891566265,0.0176470588235,0.222923846581,0.290322580645,0.453328779732,9,國; 不能; 政府; 國會; 國家; 國民; 共和; 人; 實行,2905,1190,94,71,20,20,ok,
full,10,long_period_manual,long_period_manual_p002,core,cross,20,joint_count,30,10,lixian,立憲,xianfa,憲法,0.00396154869429,0.0199655765921,0.000786046322523,0.0876915295804,0.176470588235,0.294184792656,6,國會; 國; 人; 國家; 政府; 不能,2905,73787,94,1526,20,20,ok,
full,10,long_period_manual,long_period_manual_p002,core,cross,20,joint_count,30,10,lixian,立憲,zhixian,制憲,0,0,0,0.0682288045042,0.0810810810811,0.157357461049,3,國會; 人; 國民,2905,17341,94,539,20,20,ok,
full,10,long_period_manual,long_period_manual_p002,core,cross,20,joint_count,30,10,xianzheng,憲政,xianfa,憲法,0.00330824973563,0.0260504201681,0.000420128206866,0.150186731533,0.25,0.44262875355,8,國會; 問題; 國; 人; 主張; 國家; 政府; 不能,1190,73787,71,1526,20,20,ok,
full,10,long_period_manual,long_period_manual_p002,core,cross,20,joint_count,30,10,xianzheng,憲政,zhixian,制憲,0,0,0,0.165963087746,0.176470588235,0.39355524604,6,國會; 問題; 人; 主張; 國民; 自治,1190,17341,71,539,20,20,ok,
full,10,long_period_manual,long_period_manual_p002,core,intra,20,joint_count,30,10,xianfa,憲法,zhixian,制憲,0.00785559932444,0.0038082589074,0.0162043711435,0.257153786538,0.25,0.683272230112,8,國會; 問題; 省; 議員; 人; 主張; 選舉; 兩,73787,17341,1526,539,20,20,ok,
full,10,long_period_manual,long_period_manual_p002,core,intra,50,joint_count,30,10,lixian,立憲,xianzheng,憲政,0.0112946491725,0.00722891566265,0.0176470588235,0.261293992718,0.315789473684,0.547496420881,24,國; 不能; 政府; 國會; 國家; 國民; 共和; 人; 實行; 人民; 中國; 國體; 自治; 內閣; 組織; 主張; 精神; 議員; 政治; 問題,2905,1190,94,71,50,50,ok,
full,10,long_period_manual,long_period_manual_p002,core,cross,50,joint_count,30,10,lixian,立憲,xianfa,憲法,0.00396154869429,0.0199655765921,0.000786046322523,0.148866680077,0.282051282051,0.385793261144,22,國會; 國; 人; 議員; 主張; 國家; 問題; 政府; 總統; 法律; 不能; 組織; 新; 人民; 機關; 成立; 不可; 國民; 議會; 制度,2905,73787,94,1526,50,50,ok,
full,10,long_period_manual,long_period_manual_p002,core,cross,50,joint_count,30,10,lixian,立憲,zhixian,制憲,0,0,0,0.116895612393,0.176470588235,0.261272450002,15,國會; 人; 國民; 主張; 議員; 問題; 自治; 不能; 組織; 總統; 新; 機關; 國; 政府; 人民,2905,17341,94,539,50,50,ok,
full,10,long_period_manual,long_period_manual_p002,core,cross,50,joint_count,30,10,xianzheng,憲政,xianfa,憲法,0.00330824973563,0.0260504201681,0.000420128206866,0.163249360369,0.25,0.509887364496,20,國會; 問題; 省; 議員; 國; 人; 主張; 國家; 政府; 成立; 兩; 不能; 組織; 北京; 人民; 開; 國民; 議會; 共和; 中國,1190,73787,71,1526,50,50,ok,
full,10,long_period_manual,long_period_manual_p002,core,cross,50,joint_count,30,10,xianzheng,憲政,zhixian,制憲,0,0,0,0.207384628685,0.25,0.509810415596,20,國會; 問題; 人; 主張; 議員; 國民; 省; 兩; 北京; 進行; 開; 自治; 不能; 組織; 國; 代表; 政府; 人民; 派; 贊成,1190,17341,71,539,50,50,ok,
full,10,long_period_manual,long_period_manual_p002,core,intra,50,joint_count,30,10,xianfa,憲法,zhixian,制憲,0.00785559932444,0.0038082589074,0.0162043711435,0.355708324563,0.408450704225,0.749759180438,29,國會; 問題; 省; 議員; 人; 主張; 選舉; 新; 兩; 不能; 約法; 總統; 組織; 國; 北京; 討論; 政府; 機關; 人民; 制定,73787,17341,1526,539,50,50,ok,
full,10,long_period_manual,long_period_manual_p002,core,intra,100,joint_count,30,10,lixian,立憲,xianzheng,憲政,0.0112946491725,0.00722891566265,0.0176470588235,0.250708921914,0.2578125,0.550049825307,33,國; 不能; 政府; 國會; 國家; 國民; 共和; 人; 實行; 人民; 中國; 國體; 自治; 內閣; 組織; 主張; 精神; 議員; 政治; 問題,2905,1190,94,71,92,69,ok,
full,10,long_period_manual,long_period_manual_p002,core,cross,100,joint_count,30,10,lixian,立憲,xianfa,憲法,0.00396154869429,0.0199655765921,0.000786046322523,0.174421588381,0.30612244898,0.415761184328,45,國會; 國; 人; 議員; 主張; 國家; 問題; 政府; 總統; 法律; 不能; 組織; 新; 人民; 機關; 成立; 不可; 國民; 兩; 反對,2905,73787,94,1526,92,100,ok,
full,10,long_period_manual,long_period_manual_p002,core,cross,100,joint_count,30,10,lixian,立憲,zhixian,制憲,0,0,0,0.134128108356,0.2,0.292613207995,32,國會; 人; 國民; 主張; 議員; 問題; 自治; 不能; 組織; 總統; 新; 機關; 國; 政府; 人民; 實行; 法律; 成立; 兩; 反對,2905,17341,94,539,92,100,ok,
full,10,long_period_manual,long_period_manual_p002,core,cross,100,joint_count,30,10,xianzheng,憲政,xianfa,憲法,0.00330824973563,0.0260504201681,0.000420128206866,0.19171827976,0.31007751938,0.559915489434,40,國會; 問題; 省; 議員; 國; 人; 主張; 國家; 政府; 總統; 成立; 兩; 不能; 組織; 北京; 人民; 討論; 機關; 開; 召集,1190,73787,71,1526,69,100,ok,
full,10,long_period_manual,long_period_manual_p002,core,cross,100,joint_count,30,10,xianzheng,憲政,zhixian,制憲,0,0,0,0.219232806072,0.261194029851,0.532457110653,35,國會; 問題; 人; 主張; 議員; 國民; 省; 兩; 北京; 進行; 開; 討論; 自治; 不能; 兩院; 組織; 總統; 機關; 國; 代表,1190,17341,71,539,69,100,ok,
full,10,long_period_manual,long_period_manual_p002,core,intra,100,joint_count,30,10,xianfa,憲法,zhixian,制憲,0.00785559932444,0.0038082589074,0.0162043711435,0.415283658872,0.515151515152,0.790821549583,68,國會; 問題; 省; 議員; 人; 主張; 選舉; 新; 兩; 不能; 約法; 總統; 組織; 國; 北京; 討論; 政府; 機關; 人民; 制定,73787,17341,1526,539,100,100,ok,
full,10,long_period_manual,long_period_manual_p002,core,intra,0,joint_count,30,10,lixian,立憲,xianzheng,憲政,0.0112946491725,0.00722891566265,0.0176470588235,0.250708921914,0.2578125,0.550049825307,33,國; 不能; 政府; 國會; 國家; 國民; 共和; 人; 實行; 人民; 中國; 國體; 自治; 內閣; 組織; 主張; 精神; 議員; 政治; 問題,2905,1190,94,71,92,69,ok,
full,10,long_period_manual,long_period_manual_p002,core,cross,0,joint_count,30,10,lixian,立憲,xianfa,憲法,0.00396154869429,0.0199655765921,0.000786046322523,0.141252130061,0.0555555555556,0.426274639015,85,國會; 國; 人; 議員; 主張; 國家; 問題; 政府; 總統; 法律; 不能; 組織; 新; 人民; 機關; 成立; 不可; 國民; 兩; 反對,2905,73787,94,1526,92,1523,ok,
full,10,long_period_manual,long_period_manual_p002,core,cross,0,joint_count,30,10,lixian,立憲,zhixian,制憲,0,0,0,0.124930641237,0.105263157895,0.30034885333,60,國會; 人; 國民; 主張; 議員; 問題; 自治; 不能; 組織; 總統; 新; 機關; 國; 政府; 人民; 實行; 法律; 成立; 兩; 反對,2905,17341,94,539,92,538,ok,
full,10,long_period_manual,long_period_manual_p002,core,cross,0,joint_count,30,10,xianzheng,憲政,xianfa,憲法,0.00330824973563,0.0260504201681,0.000420128206866,0.141476172288,0.040522875817,0.553586549518,62,國會; 問題; 省; 議員; 國; 人; 主張; 國家; 政府; 總統; 成立; 兩; 不能; 組織; 北京; 人民; 討論; 機關; 開; 召集,1190,73787,71,1526,69,1523,ok,
full,10,long_period_manual,long_period_manual_p002,core,cross,0,joint_count,30,10,xianzheng,憲政,zhixian,制憲,0,0,0,0.175392233311,0.0839285714286,0.53181920887,47,國會; 問題; 人; 主張; 議員; 國民; 省; 兩; 北京; 進行; 開; 討論; 自治; 不能; 兩院; 組織; 總統; 機關; 國; 代表,1190,17341,71,539,69,538,ok,
full,10,long_period_manual,long_period_manual_p002,core,intra,0,joint_count,30,10,xianfa,憲法,zhixian,制憲,0.00785559932444,0.0038082589074,0.0162043711435,0.384270785039,0.297042164884,0.805795792455,472,國會; 問題; 省; 議員; 人; 主張; 選舉; 新; 兩; 不能; 約法; 總統; 組織; 國; 北京; 討論; 政府; 機關; 人民; 制定,73787,17341,1526,539,1523,538,ok,
full,1,long_period_manual,long_period_manual_p002,core,intra,20,joint_count,30,10,lixian,立憲,xianzheng,憲政,0,0,0,0.03125,0.0555555555556,0.0340132529038,2,實行; 國民,561,201,20,18,20,18,ok,
full,1,long_period_manual,long_period_manual_p002,core,cross,20,joint_count,30,10,lixian,立憲,xianfa,憲法,0,0,0,0.0125141040107,0.025641025641,0.026967006661,1,國,561,6737,20,254,20,20,ok,
full,1,long_period_manual,long_period_manual_p002,core,cross,20,joint_count,30,10,lixian,立憲,zhixian,制憲,0,0,0,0.0113692894909,0.025641025641,0.0197116630385,1,國民,561,2066,20,109,20,20,ok,
full,1,long_period_manual,long_period_manual_p002,core,cross,20,joint_count,30,10,xianzheng,憲政,xianfa,憲法,0,0,0,0,0,0,0,,201,6737,18,254,18,20,ok,
full,1,long_period_manual,long_period_manual_p002,core,cross,20,joint_count,30,10,xianzheng,憲政,zhixian,制憲,0,0,0,0.0327706867509,0.0555555555556,0.0642745593963,2,國民; 前途,201,2066,18,109,18,20,ok,
full,1,long_period_manual,long_period_manual_p002,core,intra,20,joint_count,30,10,xianfa,憲法,zhixian,制憲,0,0,0,0.0703757515404,0.0810810810811,0.172381679092,3,問題; 省; 國會,6737,2066,254,109,20,20,ok,
full,1,long_period_manual,long_period_manual_p002,core,intra,50,joint_count,30,10,lixian,立憲,xianzheng,憲政,0,0,0,0.03125,0.0555555555556,0.0340132529038,2,實行; 國民,561,201,20,18,20,18,ok,
full,1,long_period_manual,long_period_manual_p002,core,cross,50,joint_count,30,10,lixian,立憲,xianfa,憲法,0,0,0,0.0218111540585,0.0606060606061,0.0705319340514,4,國; 共和; 實行; 國家,561,6737,20,254,20,50,ok,
full,1,long_period_manual,long_period_manual_p002,core,cross,50,joint_count,30,10,lixian,立憲,zhixian,制憲,0,0,0,0.00990195815296,0.0144927536232,0.018973374693,1,國民,561,2066,20,109,20,50,ok,
full,1,long_period_manual,long_period_manual_p002,core,cross,50,joint_count,30,10,xianzheng,憲政,xianfa,憲法,0,0,0,0.012955022352,0.0625,0.0259795309968,4,實行; 擁護; 研究; 施行,201,6737,18,254,18,50,ok,
full,1,long_period_manual,long_period_manual_p002,core,cross,50,joint_count,30,10,xianzheng,憲政,zhixian,制憲,0,0,0,0.0284635357776,0.030303030303,0.0618671948821,2,國民; 前途,201,2066,18,109,18,50,ok,
full,1,long_period_manual,long_period_manual_p002,core,intra,50,joint_count,30,10,xianfa,憲法,zhixian,制憲,0,0,0,0.0763704668221,0.0869565217391,0.18465137198,8,問題; 省; 國會; 促成; 完成; 選舉; 主張; 破壞,6737,2066,254,109,50,50,ok,
full,1,long_period_manual,long_period_manual_p002,core,intra,100,joint_count,30,10,lixian,立憲,xianzheng,憲政,0,0,0,0.03125,0.0555555555556,0.0340132529038,2,實行; 國民,561,201,20,18,20,18,ok,
full,1,long_period_manual,long_period_manual_p002,core,cross,100,joint_count,30,10,lixian,立憲,xianfa,憲法,0,0,0,0.0230029276453,0.0526315789474,0.0775845645168,6,國; 共和; 實行; 國家; 不能; 政治,561,6737,20,254,20,100,ok,
full,1,long_period_manual,long_period_manual_p002,core,cross,100,joint_count,30,10,lixian,立憲,zhixian,制憲,0,0,0,0.0128438348709,0.025641025641,0.0263726875725,3,國民; 國; 實行,561,2066,20,109,20,100,ok,
full,1,long_period_manual,long_period_manual_p002,core,cross,100,joint_count,30,10,xianzheng,憲政,xianfa,憲法,0,0,0,0.0130881378396,0.0442477876106,0.0270558925013,5,實行; 擁護; 研究; 施行; 兩,201,6737,18,254,18,100,ok,
full,1,long_period_manual,long_period_manual_p002,core,cross,100,joint_count,30,10,xianzheng,憲政,zhixian,制憲,0,0,0,0.030756297249,0.0442477876106,0.0759157867323,5,國民; 前途; 兩; 實行; 討論會,201,2066,18,109,18,100,ok,
full,1,long_period_manual,long_period_manual_p002,core,intra,100,joint_count,30,10,xianfa,憲法,zhixian,制憲,0,0,0,0.0966927073186,0.142857142857,0.205423972422,25,問題; 省; 國會; 促成; 完成; 選舉; 主張; 破壞; 國; 意見; 湘省; 討論; 反對; 機關; 組織; 解決; 實行; 規定; 起草員; 開,6737,2066,254,109,100,100,ok,
full,1,long_period_manual,long_period_manual_p002,core,intra,0,joint_count,30,10,lixian,立憲,xianzheng,憲政,0,0,0,0.03125,0.0555555555556,0.0340132529038,2,實行; 國民,561,201,20,18,20,18,ok,
full,1,long_period_manual,long_period_manual_p002,core,cross,0,joint_count,30,10,lixian,立憲,xianfa,憲法,0,0,0,0.0227721269167,0.0339622641509,0.0822815030482,9,國; 共和; 實行; 國家; 不能; 政治; 君主; 世界; 制度,561,6737,20,254,20,254,ok,
full,1,long_period_manual,long_period_manual_p002,core,cross,0,joint_count,30,10,lixian,立憲,zhixian,制憲,0,0,0,0.0127021809306,0.0238095238095,0.0263472255697,3,國民; 國; 實行,561,2066,20,109,20,109,ok,
full,1,long_period_manual,long_period_manual_p002,core,cross,0,joint_count,30,10,xianzheng,憲政,xianfa,憲法,0,0,0,0.0141502333283,0.030303030303,0.0324483971613,8,實行; 擁護; 研究; 施行; 兩; 前途; 精神; 原則,201,6737,18,254,18,254,ok,
full,1,long_period_manual,long_period_manual_p002,core,cross,0,joint_count,30,10,xianzheng,憲政,zhixian,制憲,0,0,0,0.0304111560507,0.0409836065574,0.0758424924211,5,國民; 前途; 兩; 實行; 討論會,201,2066,18,109,18,109,ok,
full,1,long_period_manual,long_period_manual_p002,core,intra,0,joint_count,30,10,xianfa,憲法,zhixian,制憲,0,0,0,0.100399075891,0.137931034483,0.211693891984,44,問題; 省; 國會; 促成; 完成; 選舉; 主張; 破壞; 國; 意見; 湘省; 討論; 反對; 機關; 組織; 解決; 實行; 規定; 起草員; 開,6737,2066,254,109,254,109,ok,
full,20,long_period_manual,long_period_manual_p002,core,intra,20,joint_count,30,10,lixian,立憲,xianzheng,憲政,0.0125626860685,0.00840474620962,0.0187776141384,0.295142249606,0.333333333333,0.564234211186,10,國; 國會; 政府; 不能; 人; 國家; 政治; 國民; 中國; 共和,6068,2716,183,121,20,20,ok,
full,20,long_period_manual,long_period_manual_p002,core,cross,20,joint_count,30,10,lixian,立憲,xianfa,憲法,0.00419321101332,0.0210942649967,0.000833544975612,0.122763011706,0.212121212121,0.384204234682,7,國會; 人; 國; 國家; 政府; 不能; 人民,6068,153561,183,2387,20,20,ok,
full,20,long_period_manual,long_period_manual_p002,core,cross,20,joint_count,30,10,lixian,立憲,zhixian,制憲,0,0,0,0.102482512785,0.142857142857,0.267569546112,5,國會; 人; 國民; 國; 不能,6068,36357,183,847,20,20,ok,
full,20,long_period_manual,long_period_manual_p002,core,cross,20,joint_count,30,10,xianzheng,憲政,xianfa,憲法,0.00298692615922,0.0224594992636,0.00039723627744,0.233964235343,0.379310344828,0.588312034134,11,國會; 問題; 人; 議員; 國; 主張; 國家; 政府; 不能; 兩; 組織,2716,153561,121,2387,20,20,ok,
full,20,long_period_manual,long_period_manual_p002,core,cross,20,joint_count,30,10,xianzheng,憲政,zhixian,制憲,0,0,0,0.263251062578,0.333333333333,0.54474567613,10,國會; 議員; 人; 問題; 主張; 國民; 兩; 國; 不能; 代表,2716,36357,121,847,20,20,ok,
full,20,long_period_manual,long_period_manual_p002,core,intra,20,joint_count,30,10,xianfa,憲法,zhixian,制憲,0.00911407558608,0.00443471975306,0.0187309183926,0.356754042588,0.379310344828,0.763542262523,11,國會; 問題; 人; 省; 議員; 主張; 選舉; 國; 不能; 兩; 北京,153561,36357,2387,847,20,20,ok,
full,20,long_period_manual,long_period_manual_p002,core,intra,50,joint_count,30,10,lixian,立憲,xianzheng,憲政,0.0125626860685,0.00840474620962,0.0187776141384,0.363437677921,0.428571428571,0.68495366169,30,國; 國會; 政府; 不能; 人; 國家; 政治; 國民; 中國; 共和; 人民; 君主; 國體; 實行; 自治; 機關; 議員; 主張; 黨; 內閣,6068,2716,183,121,50,50,ok,
full,20,long_period_manual,long_period_manual_p002,core,cross,50,joint_count,30,10,lixian,立憲,xianfa,憲法,0.00419321101332,0.0210942649967,0.000833544975612,0.196093750502,0.333333333333,0.483551724294,25,國會; 人; 國; 議員; 主張; 國家; 政府; 總統; 法律; 問題; 不能; 兩; 選舉; 組織; 人民; 成立; 機關; 國民; 不可; 地方,6068,153561,183,2387,50,50,ok,
full,20,long_period_manual,long_period_manual_p002,core,cross,50,joint_count,30,10,lixian,立憲,zhixian,制憲,0,0,0,0.154960615143,0.234567901235,0.354959403689,19,國會; 人; 國民; 議員; 主張; 兩; 問題; 國; 不能; 選舉; 自治; 政府; 總統; 組織; 反對; 機關; 人民; 法律; 不可,6068,36357,183,847,50,50,ok,
full,20,long_period_manual,long_period_manual_p002,core,cross,50,joint_count,30,10,xianzheng,憲政,xianfa,憲法,0.00298692615922,0.0224594992636,0.00039723627744,0.206390360701,0.315789473684,0.592972445631,24,國會; 問題; 人; 省; 議員; 國; 主張; 國家; 政府; 不能; 兩; 組織; 人民; 北京; 成立; 機關; 開; 代表; 國民; 不可,2716,153561,121,2387,50,50,ok,
full,20,long_period_manual,long_period_manual_p002,core,cross,50,joint_count,30,10,xianzheng,憲政,zhixian,制憲,0,0,0,0.232142670216,0.282051282051,0.55861882584,22,國會; 議員; 人; 問題; 主張; 省; 國民; 兩; 北京; 進行; 開; 國; 不能; 代表; 自治; 政府; 組織; 派; 反對; 機關,2716,36357,121,847,50,50,ok,
full,20,long_period_manual,long_period_manual_p002,core,intra,50,joint_count,30,10,xianfa,憲法,zhixian,制憲,0.00911407558608,0.00443471975306,0.0187309183926,0.438710263801,0.515151515152,0.812966837244,34,國會; 問題; 人; 省; 議員; 主張; 選舉; 國; 不能; 兩; 北京; 新; 約法; 政府; 討論; 總統; 組織; 制定; 開; 機關,153561,36357,2387,847,50,50,ok,
full,20,long_period_manual,long_period_manual_p002,core,intra,100,joint_count,30,10,lixian,立憲,xianzheng,憲政,0.0125626860685,0.00840474620962,0.0187776141384,0.352909737937,0.351351351351,0.691788422707,52,國; 國會; 政府; 不能; 人; 國家; 政治; 國民; 中國; 共和; 人民; 君主; 國體; 實行; 自治; 機關; 議員; 主張; 黨; 內閣,6068,2716,183,121,100,100,ok,
full,20,long_period_manual,long_period_manual_p002,core,cross,100,joint_count,30,10,lixian,立憲,xianfa,憲法,0.00419321101332,0.0210942649967,0.000833544975612,0.218219781209,0.307189542484,0.523681978446,47,國會; 人; 國; 議員; 主張; 國家; 政府; 總統; 法律; 問題; 不能; 兩; 選舉; 組織; 人民; 成立; 機關; 北京; 省; 新,6068,153561,183,2387,100,100,ok,
full,20,long_period_manual,long_period_manual_p002,core,cross,100,joint_count,30,10,lixian,立憲,zhixian,制憲,0,0,0,0.170366206928,0.226993865031,0.395305858107,37,國會; 人; 國民; 議員; 主張; 兩; 問題; 國; 不能; 選舉; 自治; 政府; 總統; 代表; 組織; 北京; 省; 新; 反對; 機關,6068,36357,183,847,100,100,ok,
full,20,long_period_manual,long_period_manual_p002,core,cross,100,joint_count,30,10,xianzheng,憲政,xianfa,憲法,0.00298692615922,0.0224594992636,0.00039723627744,0.240282456855,0.360544217687,0.654963996342,53,國會; 問題; 人; 省; 議員; 國; 主張; 國家; 政府; 總統; 選舉; 不能; 兩; 組織; 人民; 北京; 成立; 機關; 討論; 開,2716,153561,121,2387,100,100,ok,
full,20,long_period_manual,long_period_manual_p002,core,cross,100,joint_count,30,10,xianzheng,憲政,zhixian,制憲,0,0,0,0.254966834684,0.333333333333,0.596403052302,50,國會; 議員; 人; 問題; 主張; 省; 國民; 兩; 北京; 進行; 開; 國; 不能; 代表; 選舉; 自治; 政府; 總統; 組織; 派,2716,36357,121,847,100,100,ok,
full,20,long_period_manual,long_period_manual_p002,core,intra,100,joint_count,30,10,xianfa,憲法,zhixian,制憲,0.00911407558608,0.00443471975306,0.0187309183926,0.466222563212,0.550387596899,0.841317381893,71,國會; 問題; 人; 省; 議員; 主張; 選舉; 國; 不能; 兩; 北京; 新; 約法; 政府; 討論; 總統; 組織; 制定; 開; 機關,153561,36357,2387,847,100,100,ok,
full,20,long_period_manual,long_period_manual_p002,core,intra,0,joint_count,30,10,lixian,立憲,xianzheng,憲政,0.0125626860685,0.00840474620962,0.0187776141384,0.363933662805,0.376146788991,0.713191625394,82,國; 國會; 政府; 不能; 人; 國家; 政治; 國民; 中國; 共和; 人民; 君主; 國體; 實行; 自治; 機關; 議員; 主張; 黨; 內閣,6068,2716,183,121,181,119,ok,
full,20,long_period_manual,long_period_manual_p002,core,cross,0,joint_count,30,10,lixian,立憲,xianfa,憲法,0.00419321101332,0.0210942649967,0.000833544975612,0.203715360127,0.0718763058922,0.557623715728,172,國會; 人; 國; 議員; 主張; 國家; 政府; 總統; 法律; 問題; 不能; 兩; 選舉; 組織; 人民; 成立; 機關; 北京; 省; 新,6068,153561,183,2387,181,2384,ok,
full,20,long_period_manual,long_period_manual_p002,core,cross,0,joint_count,30,10,lixian,立憲,zhixian,制憲,0,0,0,0.176956098103,0.144927536232,0.42263552129,130,國會; 人; 國民; 議員; 主張; 兩; 問題; 國; 不能; 選舉; 自治; 政府; 總統; 代表; 組織; 北京; 省; 新; 反對; 機關,6068,36357,183,847,181,846,ok,
full,20,long_period_manual,long_period_manual_p002,core,cross,0,joint_count,30,10,xianzheng,憲政,xianfa,憲法,0.00298692615922,0.0224594992636,0.00039723627744,0.189484399142,0.0468423253869,0.665718879997,112,國會; 問題; 人; 省; 議員; 國; 主張; 國家; 政府; 總統; 選舉; 不能; 兩; 組織; 人民; 北京; 成立; 機關; 討論; 開,2716,153561,121,2387,119,2384,ok,
full,20,long_period_manual,long_period_manual_p002,core,cross,0,joint_count,30,10,xianzheng,憲政,zhixian,制憲,0,0,0,0.20898987279,0.106651376147,0.604814473866,93,國會; 議員; 人; 問題; 主張; 省; 國民; 兩; 北京; 進行; 開; 國; 不能; 代表; 選舉; 自治; 政府; 總統; 組織; 派,2716,36357,121,847,119,846,ok,
full,20,long_period_manual,long_period_manual_p002,core,intra,0,joint_count,30,10,xianfa,憲法,zhixian,制憲,0.00911407558608,0.00443471975306,0.0187309183926,0.429809971753,0.314611314611,0.858538327524,773,國會; 問題; 人; 省; 議員; 主張; 選舉; 國; 不能; 兩; 北京; 新; 約法; 政府; 討論; 總統; 組織; 制定; 開; 機關,153561,36357,2387,847,2384,846,ok,
full,5,long_period_manual,long_period_manual_p002,core,intra,20,joint_count,30,10,lixian,立憲,xianzheng,憲政,0,0,0,0.13847968321,0.212121212121,0.263271856481,7,國; 實行; 國民; 政府; 國會; 共和; 精神,1506,494,52,36,20,20,ok,
full,5,long_period_manual,long_period_manual_p002,core,cross,20,joint_count,30,10,lixian,立憲,xianfa,憲法,0.00166822575749,0.00796812749004,0.000349263635834,0.0610507084953,0.142857142857,0.223256723465,5,國會; 國; 國家; 人; 政府,1506,34358,52,849,20,20,ok,
full,5,long_period_manual,long_period_manual_p002,core,cross,20,joint_count,30,10,lixian,立憲,zhixian,制憲,0,0,0,0.0556783511963,0.0810810810811,0.112807160365,3,國民; 國會; 人,1506,7897,52,271,20,20,ok,
full,5,long_period_manual,long_period_manual_p002,core,cross,20,joint_count,30,10,xianzheng,憲政,xianfa,憲法,0,0,0,0.0679371413954,0.111111111111,0.210745861202,4,國會; 國; 主張; 政府,494,34358,36,849,20,20,ok,
full,5,long_period_manual,long_period_manual_p002,core,cross,20,joint_count,30,10,xianzheng,憲政,zhixian,制憲,0,0,0,0.0974905392777,0.111111111111,0.260884226313,4,國會; 國民; 主張; 兩,494,7897,36,271,20,20,ok,
full,5,long_period_manual,long_period_manual_p002,core,intra,20,joint_count,30,10,xianfa,憲法,zhixian,制憲,0.00588879895404,0.00282321438966,0.0122831454983,0.205720182905,0.212121212121,0.595506765528,7,國會; 問題; 省; 主張; 議員; 選舉; 人,34358,7897,849,271,20,20,ok,
full,5,long_period_manual,long_period_manual_p002,core,intra,50,joint_count,30,10,lixian,立憲,xianzheng,憲政,0,0,0,0.161564882378,0.211267605634,0.328698477151,15,國; 實行; 國民; 政府; 國會; 共和; 人; 精神; 不能; 國家; 中國; 自治; 主張; 內閣; 組織,1506,494,52,36,50,36,ok,
full,5,long_period_manual,long_period_manual_p002,core,cross,50,joint_count,30,10,lixian,立憲,xianfa,憲法,0.00166822575749,0.00796812749004,0.000349263635834,0.0942229895145,0.190476190476,0.274427082279,16,國會; 國; 主張; 國家; 人; 法律; 政府; 不能; 組織; 人民; 議員; 不可; 議會; 制度; 國民; 共和,1506,34358,52,849,50,50,ok,
full,5,long_period_manual,long_period_manual_p002,core,cross,50,joint_count,30,10,lixian,立憲,zhixian,制憲,0,0,0,0.0784639940362,0.123595505618,0.167031791962,11,國民; 國會; 人; 主張; 自治; 組織; 不能; 政府; 議員; 人民; 國,1506,7897,52,271,50,50,ok,
full,5,long_period_manual,long_period_manual_p002,core,cross,50,joint_count,30,10,xianzheng,憲政,xianfa,憲法,0,0,0,0.0999119595171,0.178082191781,0.283213512579,13,國會; 問題; 國; 主張; 國家; 人; 政府; 兩; 不能; 組織; 北京; 國民; 共和,494,34358,36,849,36,50,ok,
full,5,long_period_manual,long_period_manual_p002,core,cross,50,joint_count,30,10,xianzheng,憲政,zhixian,制憲,0,0,0,0.132842539544,0.178082191781,0.326071128424,13,國會; 國民; 主張; 人; 問題; 兩; 進行; 北京; 組織; 自治; 不能; 政府; 國,494,7897,36,271,36,50,ok,
full,5,long_period_manual,long_period_manual_p002,core,intra,50,joint_count,30,10,xianfa,憲法,zhixian,制憲,0.00588879895404,0.00282321438966,0.0122831454983,0.273566683387,0.333333333333,0.645654016951,25,國會; 問題; 省; 主張; 議員; 選舉; 人; 總統; 新; 政府; 兩; 不能; 組織; 約法; 討論; 機關; 人民; 北京; 國; 公布,34358,7897,849,271,50,50,ok,
full,5,long_period_manual,long_period_manual_p002,core,intra,100,joint_count,30,10,lixian,立憲,xianzheng,憲政,0,0,0,0.161127155176,0.208333333333,0.328616578104,15,國; 實行; 國民; 政府; 國會; 共和; 人; 精神; 不能; 國家; 中國; 自治; 主張; 內閣; 組織,1506,494,52,36,51,36,ok,
full,5,long_period_manual,long_period_manual_p002,core,cross,100,joint_count,30,10,lixian,立憲,xianfa,憲法,0.00166822575749,0.00796812749004,0.000349263635834,0.099855946452,0.1796875,0.285215340186,23,國會; 國; 主張; 國家; 人; 法律; 政府; 不能; 組織; 人民; 議員; 不可; 議會; 制度; 國民; 共和; 實行; 中國; 民國; 希望,1506,34358,52,849,51,100,ok,
full,5,long_period_manual,long_period_manual_p002,core,cross,100,joint_count,30,10,lixian,立憲,zhixian,制憲,0,0,0,0.0814151934495,0.118518518519,0.176869812764,16,國民; 國會; 人; 主張; 自治; 組織; 不能; 政府; 議員; 人民; 國; 希望; 實行; 不可; 法律; 政治,1506,7897,52,271,51,100,ok,
full,5,long_period_manual,long_period_manual_p002,core,cross,100,joint_count,30,10,xianzheng,憲政,xianfa,憲法,0,0,0,0.107521709445,0.182608695652,0.312825878377,21,國會; 問題; 國; 主張; 國家; 人; 政府; 兩; 不能; 組織; 北京; 國民; 共和; 實行; 進行; 中國; 施行; 內閣; 代表; 精神,494,34358,36,849,36,100,ok,
full,5,long_period_manual,long_period_manual_p002,core,cross,100,joint_count,30,10,xianzheng,憲政,zhixian,制憲,0,0,0,0.128763606464,0.142857142857,0.338015036373,17,國會; 國民; 主張; 人; 問題; 兩; 進行; 北京; 組織; 自治; 不能; 政府; 國; 前途; 代表; 實行; 派,494,7897,36,271,36,100,ok,
full,5,long_period_manual,long_period_manual_p002,core,intra,100,joint_count,30,10,xianfa,憲法,zhixian,制憲,0.00588879895404,0.00282321438966,0.0122831454983,0.322747230073,0.418439716312,0.688079813245,59,國會; 問題; 省; 主張; 議員; 選舉; 人; 總統; 新; 政府; 兩; 不能; 組織; 約法; 討論; 機關; 人民; 北京; 國; 公布,34358,7897,849,271,100,100,ok,
full,5,long_period_manual,long_period_manual_p002,core,intra,0,joint_count,30,10,lixian,立憲,xianzheng,憲政,0,0,0,0.161127155176,0.208333333333,0.328616578104,15,國; 實行; 國民; 政府; 國會; 共和; 人; 精神; 不能; 國家; 中國; 自治; 主張; 內閣; 組織,1506,494,52,36,51,36,ok,
full,5,long_period_manual,long_period_manual_p002,core,cross,0,joint_count,30,10,lixian,立憲,xianfa,憲法,0.00166822575749,0.00796812749004,0.000349263635834,0.0884958498535,0.0502923976608,0.303057178655,43,國會; 國; 主張; 國家; 人; 法律; 政府; 不能; 組織; 人民; 議員; 不可; 議會; 制度; 國民; 共和; 實行; 中國; 民國; 希望,1506,34358,52,849,51,847,ok,
full,5,long_period_manual,long_period_manual_p002,core,cross,0,joint_count,30,10,lixian,立憲,zhixian,制憲,0,0,0,0.079385615877,0.0808080808081,0.189811373732,24,國民; 國會; 人; 主張; 自治; 組織; 不能; 政府; 議員; 人民; 國; 希望; 實行; 不可; 法律; 政治; 國家; 議會; 中國; 維持,1506,7897,52,271,51,270,ok,
full,5,long_period_manual,long_period_manual_p002,core,cross,0,joint_count,30,10,xianzheng,憲政,xianfa,憲法,0,0,0,0.0850019272215,0.0315420560748,0.31811574966,27,國會; 問題; 國; 主張; 國家; 人; 政府; 兩; 不能; 組織; 北京; 國民; 共和; 實行; 進行; 中國; 施行; 內閣; 代表; 精神,494,34358,36,849,36,847,ok,
full,5,long_period_manual,long_period_manual_p002,core,cross,0,joint_count,30,10,xianzheng,憲政,zhixian,制憲,0,0,0,0.114971829927,0.0699300699301,0.338599159953,20,國會; 國民; 主張; 人; 問題; 兩; 進行; 北京; 組織; 自治; 不能; 政府; 國; 前途; 代表; 實行; 派; 國家; 中國; 精神,494,7897,36,271,36,270,ok,
full,5,long_period_manual,long_period_manual_p002,core,intra,0,joint_count,30,10,xianfa,憲法,zhixian,制憲,0.00588879895404,0.00282321438966,0.0122831454983,0.299999147267,0.234254143646,0.706343477309,212,國會; 問題; 省; 主張; 議員; 選舉; 人; 總統; 新; 政府; 兩; 不能; 組織; 約法; 討論; 機關; 人民; 北京; 國; 公布,34358,7897,849,271,847,270,ok,
regex-only,10,long_period_manual,long_period_manual_p002,core,intra,20,joint_count,30,10,lixian,立憲,xianzheng,憲政,0.0113866892049,0.00741989881956,0.0174741858618,0.236316323685,0.333333333333,0.434601265026,10,國; 政府; 不能; 國會; 國家; 國民; 人; 內閣; 自治; 實行,2965,1259,86,67,20,20,ok,
regex-only,10,long_period_manual,long_period_manual_p002,core,cross,20,joint_count,30,10,lixian,立憲,xianfa,憲法,0.00336455854999,0.0205733558179,0.000550238587059,0.0638140986562,0.111111111111,0.176788098567,4,國會; 人; 國; 政府,2965,110861,86,1677,20,20,ok,
regex-only,10,long_period_manual,long_period_manual_p002,core,cross,20,joint_count,30,10,lixian,立憲,zhixian,制憲,0,0,0,0.0673331995978,0.0810810810811,0.157297875179,3,國會; 人; 國民,2965,17279,86,460,20,20,ok,
regex-only,10,long_period_manual,long_period_manual_p002,core,cross,20,joint_count,30,10,xianzheng,憲政,xianfa,憲法,0.00338577216611,0.0317712470214,0.000360812188236,0.12108298959,0.212121212121,0.323933351401,7,國會; 問題; 人; 兩; 國; 主張; 政府,1259,110861,67,1677,20,20,ok,
regex-only,10,long_period_manual,long_period_manual_p002,core,cross,20,joint_count,30,10,xianzheng,憲政,zhixian,制憲,0,0,0,0.168447385054,0.176470588235,0.370458343264,6,國會; 問題; 兩; 人; 主張; 國民,1259,17279,67,460,20,20,ok,
regex-only,10,long_period_manual,long_period_manual_p002,core,intra,20,joint_count,30,10,xianfa,憲法,zhixian,制憲,0.00902502466399,0.00356302035883,0.0228601192199,0.304573667161,0.379310344828,0.691818998844,11,國會; 問題; 會議; 議員; 省; 人; 兩; 主張; 選舉; 開; 北京,110861,17279,1677,460,20,20,ok,
regex-only,10,long_period_manual,long_period_manual_p002,core,intra,50,joint_count,30,10,lixian,立憲,xianzheng,憲政,0.0113866892049,0.00741989881956,0.0174741858618,0.268450982254,0.333333333333,0.517963525516,25,國; 政府; 不能; 國會; 國家; 國民; 政治; 人; 內閣; 自治; 實行; 中國; 人民; 共和; 組織; 精神; 議員; 地方; 總統; 問題,2965,1259,86,67,50,50,ok,
regex-only,10,long_period_manual,long_period_manual_p002,core,cross,50,joint_count,30,10,lixian,立憲,xianfa,憲法,0.00336455854999,0.0205733558179,0.000550238587059,0.128530527245,0.26582278481,0.285778398705,21,國會; 人; 議員; 國; 總統; 政府; 問題; 主張; 組織; 國家; 不能; 法律; 地方; 成立; 人民; 機關; 制度; 民國; 國民; 大總統,2965,110861,86,1677,50,50,ok,
regex-only,10,long_period_manual,long_period_manual_p002,core,cross,50,joint_count,30,10,lixian,立憲,zhixian,制憲,0,0,0,0.107613122963,0.162790697674,0.252568915399,14,國會; 人; 國民; 議員; 問題; 自治; 主張; 總統; 不能; 組織; 政府; 機關; 國; 人民,2965,17279,86,460,50,50,ok,
regex-only,10,long_period_manual,long_period_manual_p002,core,cross,50,joint_count,30,10,xianzheng,憲政,xianfa,憲法,0.00338577216611,0.0317712470214,0.000360812188236,0.16721926357,0.282051282051,0.456311902309,22,國會; 問題; 議員; 人; 會議; 兩; 國; 主張; 總統; 政府; 省; 開; 北京; 組織; 國家; 成立; 不能; 地方; 人民; 機關,1259,110861,67,1677,50,50,ok,
regex-only,10,long_period_manual,long_period_manual_p002,core,cross,50,joint_count,30,10,xianzheng,憲政,zhixian,制憲,0,0,0,0.212736714657,0.282051282051,0.485547843333,22,國會; 問題; 兩; 人; 主張; 國民; 議員; 會議; 北京; 進行; 開; 省; 自治; 總統; 不能; 組織; 政府; 代表; 機關; 國,1259,17279,67,460,50,50,ok,
regex-only,10,long_period_manual,long_period_manual_p002,core,intra,50,joint_count,30,10,xianfa,憲法,zhixian,制憲,0.00902502466399,0.00356302035883,0.0228601192199,0.36403534895,0.428571428571,0.725417814823,30,國會; 問題; 會議; 議員; 省; 人; 兩; 主張; 選舉; 開; 總統; 北京; 新; 開會; 約法; 組織; 討論; 政府; 院; 國,110861,17279,1677,460,50,50,ok,
regex-only,10,long_period_manual,long_period_manual_p002,core,intra,100,joint_count,30,10,lixian,立憲,xianzheng,憲政,0.0113866892049,0.00741989881956,0.0174741858618,0.252882222794,0.262711864407,0.541069277557,31,國; 政府; 不能; 國會; 國家; 國民; 政治; 人; 內閣; 自治; 實行; 中國; 人民; 共和; 組織; 精神; 議員; 地方; 總統; 問題,2965,1259,86,67,84,65,ok,
regex-only,10,long_period_manual,long_period_manual_p002,core,cross,100,joint_count,30,10,lixian,立憲,xianfa,憲法,0.00336455854999,0.0205733558179,0.000550238587059,0.145080074817,0.260273972603,0.327788433468,38,國會; 人; 議員; 國; 總統; 政府; 問題; 主張; 組織; 國家; 不能; 法律; 地方; 成立; 人民; 機關; 制度; 民國; 國民; 大總統,2965,110861,86,1677,84,100,ok,
regex-only,10,long_period_manual,long_period_manual_p002,core,cross,100,joint_count,30,10,lixian,立憲,zhixian,制憲,0,0,0,0.127094530986,0.194805194805,0.286415628854,30,國會; 人; 國民; 議員; 問題; 自治; 主張; 總統; 不能; 組織; 政府; 機關; 國; 人民; 實行; 法律; 成立; 根本; 兩; 反對,2965,17279,86,460,84,100,ok,
regex-only,10,long_period_manual,long_period_manual_p002,core,cross,100,joint_count,30,10,xianzheng,憲政,xianfa,憲法,0.00338577216611,0.0317712470214,0.000360812188236,0.180353070932,0.2890625,0.497004822936,37,國會; 問題; 議員; 人; 會議; 兩; 國; 主張; 總統; 政府; 省; 開; 北京; 組織; 討論; 國家; 院; 成立; 不能; 地方,1259,110861,67,1677,65,100,ok,
regex-only,10,long_period_manual,long_period_manual_p002,core,cross,100,joint_count,30,10,xianzheng,憲政,zhixian,制憲,0,0,0,0.211321783949,0.25,0.499880413821,33,國會; 問題; 兩; 人; 主張; 國民; 議員; 會議; 北京; 進行; 開; 省; 院; 自治; 總統; 討論; 不能; 組織; 政府; 代表,1259,17279,67,460,65,100,ok,
regex-only,10,long_period_manual,long_period_manual_p002,core,intra,100,joint_count,30,10,xianfa,憲法,zhixian,制憲,0.00902502466399,0.00356302035883,0.0228601192199,0.410157067116,0.515151515152,0.75890578564,68,國會; 問題; 會議; 議員; 省; 人; 兩; 主張; 選舉; 開; 總統; 北京; 新; 開會; 約法; 組織; 討論; 政府; 院; 國,110861,17279,1677,460,100,100,ok,
regex-only,10,long_period_manual,long_period_manual_p002,core,intra,0,joint_count,30,10,lixian,立憲,xianzheng,憲政,0.0113866892049,0.00741989881956,0.0174741858618,0.252882222794,0.262711864407,0.541069277557,31,國; 政府; 不能; 國會; 國家; 國民; 政治; 人; 內閣; 自治; 實行; 中國; 人民; 共和; 組織; 精神; 議員; 地方; 總統; 問題,2965,1259,86,67,84,65,ok,
regex-only,10,long_period_manual,long_period_manual_p002,core,cross,0,joint_count,30,10,lixian,立憲,xianfa,憲法,0.00336455854999,0.0205733558179,0.000550238587059,0.123248293576,0.0470518165575,0.344459424715,79,國會; 人; 議員; 國; 總統; 政府; 問題; 主張; 組織; 國家; 不能; 法律; 地方; 成立; 人民; 機關; 制度; 民國; 國民; 大總統,2965,110861,86,1677,84,1674,ok,
regex-only,10,long_period_manual,long_period_manual_p002,core,cross,0,joint_count,30,10,lixian,立憲,zhixian,制憲,0,0,0,0.122750067471,0.11498973306,0.295792727311,56,國會; 人; 國民; 議員; 問題; 自治; 主張; 總統; 不能; 組織; 政府; 機關; 國; 人民; 實行; 法律; 成立; 根本; 兩; 反對,2965,17279,86,460,84,459,ok,
regex-only,10,long_period_manual,long_period_manual_p002,core,cross,0,joint_count,30,10,xianzheng,憲政,xianfa,憲法,0.00338577216611,0.0317712470214,0.000360812188236,0.136199250213,0.0338882282996,0.49739883711,57,國會; 問題; 議員; 人; 會議; 兩; 國; 主張; 總統; 政府; 省; 開; 北京; 組織; 討論; 國家; 院; 成立; 不能; 地方,1259,110861,67,1677,65,1674,ok,
regex-only,10,long_period_manual,long_period_manual_p002,core,cross,0,joint_count,30,10,xianzheng,憲政,zhixian,制憲,0,0,0,0.1749614887,0.0916666666667,0.50665959439,44,國會; 問題; 兩; 人; 主張; 國民; 議員; 會議; 北京; 進行; 開; 省; 院; 自治; 總統; 討論; 不能; 組織; 政府; 代表,1259,17279,67,460,65,459,ok,
regex-only,10,long_period_manual,long_period_manual_p002,core,intra,0,joint_count,30,10,xianfa,憲法,zhixian,制憲,0.00902502466399,0.00356302035883,0.0228601192199,0.37494722442,0.245911214953,0.777947693708,421,國會; 問題; 會議; 議員; 省; 人; 兩; 主張; 選舉; 開; 總統; 北京; 新; 開會; 約法; 組織; 討論; 政府; 院; 國,110861,17279,1677,460,1674,459,ok,
regex-only,1,long_period_manual,long_period_manual_p002,core,intra,20,joint_count,30,10,lixian,立憲,xianzheng,憲政,0,0,0,0.0314724647066,0.0526315789474,0.0333243907538,2,實行; 國民,566,223,21,21,20,20,ok,
regex-only,1,long_period_manual,long_period_manual_p002,core,cross,20,joint_count,30,10,lixian,立憲,xianfa,憲法,0,0,0,0.00687320419019,0.025641025641,0.0102823702985,1,國,566,12391,21,357,20,20,ok,
regex-only,1,long_period_manual,long_period_manual_p002,core,cross,20,joint_count,30,10,lixian,立憲,zhixian,制憲,0,0,0,0.0113177868292,0.025641025641,0.0199520481271,1,國民,566,2124,21,112,20,20,ok,
regex-only,1,long_period_manual,long_period_manual_p002,core,cross,20,joint_count,30,10,xianzheng,憲政,xianfa,憲法,0,0,0,0,0,0,0,,223,12391,21,357,20,20,ok,
regex-only,1,long_period_manual,long_period_manual_p002,core,cross,20,joint_count,30,10,xianzheng,憲政,zhixian,制憲,0,0,0,0.0305894913614,0.0526315789474,0.0628346570216,2,國民; 前途,223,2124,21,112,20,20,ok,
regex-only,1,long_period_manual,long_period_manual_p002,core,intra,20,joint_count,30,10,xianfa,憲法,zhixian,制憲,0.000974629538624,0.000403518682915,0.00235404896422,0.0396787192957,0.0526315789474,0.0532930195239,2,省; 問題,12391,2124,357,112,20,20,ok,
regex-only,1,long_period_manual,long_period_manual_p002,core,intra,50,joint_count,30,10,lixian,立憲,xianzheng,憲政,0,0,0,0.0309653916211,0.05,0.0331945241815,2,實行; 國民,566,223,21,21,21,21,ok,
regex-only,1,long_period_manual,long_period_manual_p002,core,cross,50,joint_count,30,10,lixian,立憲,xianfa,憲法,0,0,0,0.00822050290135,0.0289855072464,0.0149178319498,2,國; 共和,566,12391,21,357,21,50,ok,
regex-only,1,long_period_manual,long_period_manual_p002,core,cross,50,joint_count,30,10,lixian,立憲,zhixian,制憲,0,0,0,0.00984825161077,0.0142857142857,0.0192519551478,1,國民,566,2124,21,112,21,50,ok,
regex-only,1,long_period_manual,long_period_manual_p002,core,cross,50,joint_count,30,10,xianzheng,憲政,xianfa,憲法,0,0,0,0.00245204096351,0.0142857142857,0.00174190631776,1,研究,223,12391,21,357,21,50,ok,
regex-only,1,long_period_manual,long_period_manual_p002,core,cross,50,joint_count,30,10,xianzheng,憲政,zhixian,制憲,0,0,0,0.0263174261452,0.0289855072464,0.060447757083,2,國民; 前途,223,2124,21,112,21,50,ok,
regex-only,1,long_period_manual,long_period_manual_p002,core,intra,50,joint_count,30,10,xianfa,憲法,zhixian,制憲,0.000974629538624,0.000403518682915,0.00235404896422,0.0665508301003,0.0989010989011,0.123482376847,9,省; 問題; 促成; 會議; 完成; 國會; 選舉; 委員會; 主張,12391,2124,357,112,50,50,ok,
regex-only,1,long_period_manual,long_period_manual_p002,core,intra,100,joint_count,30,10,lixian,立憲,xianzheng,憲政,0,0,0,0.0309653916211,0.05,0.0331945241815,2,實行; 國民,566,223,21,21,21,21,ok,
regex-only,1,long_period_manual,long_period_manual_p002,core,cross,100,joint_count,30,10,lixian,立憲,xianfa,憲法,0,0,0,0.0136060592317,0.0521739130435,0.0293931187095,6,國; 共和; 實行; 國家; 政府; 不能,566,12391,21,357,21,100,ok,
regex-only,1,long_period_manual,long_period_manual_p002,core,cross,100,joint_count,30,10,lixian,立憲,zhixian,制憲,0,0,0,0.012701448042,0.0254237288136,0.0264794913571,3,國民; 國; 實行,566,2124,21,112,21,100,ok,
regex-only,1,long_period_manual,long_period_manual_p002,core,cross,100,joint_count,30,10,xianzheng,憲政,xianfa,憲法,0,0,0,0.0103526220615,0.0521739130435,0.0189230727408,6,研究; 實行; 擁護; 中國; 施行; 討論會,223,12391,21,357,21,100,ok,
regex-only,1,long_period_manual,long_period_manual_p002,core,cross,100,joint_count,30,10,xianzheng,憲政,zhixian,制憲,0,0,0,0.0286571517316,0.0431034482759,0.0738465334967,5,國民; 前途; 兩; 實行; 討論會,223,2124,21,112,21,100,ok,
regex-only,1,long_period_manual,long_period_manual_p002,core,intra,100,joint_count,30,10,xianfa,憲法,zhixian,制憲,0.000974629538624,0.000403518682915,0.00235404896422,0.0869747203523,0.149425287356,0.134026098727,26,省; 問題; 促成; 會議; 完成; 國會; 選舉; 委員會; 國; 組織; 討論; 開; 主張; 破壞; 解決; 實行; 規定; 起草員; 討論會; 加入,12391,2124,357,112,100,100,ok,
regex-only,1,long_period_manual,long_period_manual_p002,core,intra,0,joint_count,30,10,lixian,立憲,xianzheng,憲政,0,0,0,0.0309653916211,0.05,0.0331945241815,2,實行; 國民,566,223,21,21,21,21,ok,
regex-only,1,long_period_manual,long_period_manual_p002,core,cross,0,joint_count,30,10,lixian,立憲,xianfa,憲法,0,0,0,0.0149932407521,0.0328767123288,0.0339247756775,12,國; 共和; 實行; 國家; 政府; 不能; 政治; 國民; 君主; 世界; 主義; 制度,566,12391,21,357,21,356,ok,
regex-only,1,long_period_manual,long_period_manual_p002,core,cross,0,joint_count,30,10,lixian,立憲,zhixian,制憲,0,0,0,0.0125347414293,0.0232558139535,0.0264495893865,3,國民; 國; 實行,566,2124,21,112,21,111,ok,
regex-only,1,long_period_manual,long_period_manual_p002,core,cross,0,joint_count,30,10,xianzheng,憲政,xianfa,憲法,0,0,0,0.011884342073,0.0300546448087,0.0221967081179,11,研究; 實行; 擁護; 中國; 施行; 討論會; 兩; 前途; 國民; 精神; 原則,223,12391,21,357,21,356,ok,
regex-only,1,long_period_manual,long_period_manual_p002,core,cross,0,joint_count,30,10,xianzheng,憲政,zhixian,制憲,0,0,0,0.0282751792873,0.0393700787402,0.0737631422848,5,國民; 前途; 兩; 實行; 討論會,223,2124,21,112,21,111,ok,
regex-only,1,long_period_manual,long_period_manual_p002,core,intra,0,joint_count,30,10,xianfa,憲法,zhixian,制憲,0.000974629538624,0.000403518682915,0.00235404896422,0.0914434393525,0.139024390244,0.140895870595,57,省; 問題; 促成; 會議; 完成; 國會; 選舉; 委員會; 國; 組織; 討論; 開; 主張; 破壞; 解決; 實行; 規定; 起草員; 討論會; 加入,12391,2124,357,112,356,111,ok,
regex-only,20,long_period_manual,long_period_manual_p002,core,intra,20,joint_count,30,10,lixian,立憲,xianzheng,憲政,0.0116471064127,0.0082903175348,0.0163630750232,0.322046786714,0.428571428571,0.592559091897,12,國; 政府; 國會; 政治; 人; 不能; 國民; 國家; 中國; 共和; 自治; 內閣,6393,3239,185,136,20,20,ok,
regex-only,20,long_period_manual,long_period_manual_p002,core,cross,20,joint_count,30,10,lixian,立憲,xianfa,憲法,0.00349768497315,0.0209604254654,0.000583661824597,0.0804257804578,0.111111111111,0.246076775453,4,國會; 人; 國; 政府,6393,229585,185,2902,20,20,ok,
regex-only,20,long_period_manual,long_period_manual_p002,core,cross,20,joint_count,30,10,lixian,立憲,zhixian,制憲,0,0,0,0.090323981733,0.111111111111,0.242306139663,4,國會; 人; 國民; 國,6393,37687,185,837,20,20,ok,
regex-only,20,long_period_manual,long_period_manual_p002,core,cross,20,joint_count,30,10,xianzheng,憲政,xianfa,憲法,0.00289700911958,0.0243902439024,0.000344099135396,0.16966528172,0.212121212121,0.416695607125,7,國會; 人; 議員; 問題; 兩; 國; 政府,3239,229585,136,2902,20,20,ok,
regex-only,20,long_period_manual,long_period_manual_p002,core,cross,20,joint_count,30,10,xianzheng,憲政,zhixian,制憲,0,0,0,0.196124731266,0.212121212121,0.437164761878,7,國會; 人; 議員; 兩; 問題; 國民; 國,3239,37687,136,837,20,20,ok,
regex-only,20,long_period_manual,long_period_manual_p002,core,intra,20,joint_count,30,10,xianfa,憲法,zhixian,制憲,0.00975078876551,0.00395060652917,0.024066654284,0.410194825993,0.481481481481,0.788266021585,13,國會; 人; 議員; 會議; 問題; 兩; 省; 主張; 選舉; 國; 開; 北京; 院,229585,37687,2902,837,20,20,ok,
regex-only,20,long_period_manual,long_period_manual_p002,core,intra,50,joint_count,30,10,lixian,立憲,xianzheng,憲政,0.0116471064127,0.0082903175348,0.0163630750232,0.350719398749,0.428571428571,0.66361062773,30,國; 政府; 國會; 政治; 人; 不能; 國民; 國家; 中國; 共和; 自治; 內閣; 人民; 君主; 實行; 國體; 機關; 議員; 主張; 政黨,6393,3239,185,136,50,50,ok,
regex-only,20,long_period_manual,long_period_manual_p002,core,cross,50,joint_count,30,10,lixian,立憲,xianfa,憲法,0.00349768497315,0.0209604254654,0.000583661824597,0.173365098221,0.298701298701,0.392038974507,23,國會; 人; 議員; 總統; 國; 主張; 兩; 政府; 選舉; 問題; 國家; 法律; 組織; 不能; 人民; 地方; 成立; 代表; 機關; 大總統,6393,229585,185,2902,50,50,ok,
regex-only,20,long_period_manual,long_period_manual_p002,core,cross,50,joint_count,30,10,lixian,立憲,zhixian,制憲,0,0,0,0.155607130273,0.234567901235,0.354494129028,19,國會; 人; 國民; 議員; 主張; 兩; 選舉; 代表; 問題; 國; 不能; 政府; 自治; 總統; 組織; 機關; 人民; 法律; 不可,6393,37687,185,837,50,50,ok,
regex-only,20,long_period_manual,long_period_manual_p002,core,cross,50,joint_count,30,10,xianzheng,憲政,xianfa,憲法,0.00289700911958,0.0243902439024,0.000344099135396,0.205136070549,0.282051282051,0.534923002191,22,國會; 人; 議員; 會議; 問題; 兩; 省; 國; 主張; 政府; 開; 北京; 國家; 組織; 不能; 人民; 地方; 成立; 代表; 機關,3239,229585,136,2902,50,50,ok,
regex-only,20,long_period_manual,long_period_manual_p002,core,cross,50,joint_count,30,10,xianzheng,憲政,zhixian,制憲,0,0,0,0.242266279486,0.282051282051,0.54170875192,22,國會; 人; 議員; 兩; 問題; 主張; 省; 國民; 會議; 北京; 進行; 開; 代表; 國; 不能; 政府; 自治; 組織; 派; 反對,3239,37687,136,837,50,50,ok,
regex-only,20,long_period_manual,long_period_manual_p002,core,intra,50,joint_count,30,10,xianfa,憲法,zhixian,制憲,0.00975078876551,0.00395060652917,0.024066654284,0.437201157498,0.470588235294,0.799553495797,32,國會; 人; 議員; 會議; 問題; 兩; 省; 主張; 選舉; 國; 開; 開會; 北京; 院; 政府; 約法; 討論; 總統; 不能; 新,229585,37687,2902,837,50,50,ok,
regex-only,20,long_period_manual,long_period_manual_p002,core,intra,100,joint_count,30,10,lixian,立憲,xianzheng,憲政,0.0116471064127,0.0082903175348,0.0163630750232,0.340283987038,0.342281879195,0.67240271714,51,國; 政府; 國會; 政治; 人; 不能; 國民; 國家; 中國; 共和; 自治; 內閣; 人民; 君主; 實行; 國體; 機關; 議員; 主張; 政黨,6393,3239,185,136,100,100,ok,
regex-only,20,long_period_manual,long_period_manual_p002,core,cross,100,joint_count,30,10,lixian,立憲,xianfa,憲法,0.00349768497315,0.0209604254654,0.000583661824597,0.193302289542,0.290322580645,0.444348497612,45,國會; 人; 議員; 總統; 國; 主張; 兩; 政府; 選舉; 問題; 國家; 法律; 組織; 不能; 北京; 省; 人民; 地方; 成立; 新,6393,229585,185,2902,100,100,ok,
regex-only,20,long_period_manual,long_period_manual_p002,core,cross,100,joint_count,30,10,lixian,立憲,zhixian,制憲,0,0,0,0.17213345714,0.234567901235,0.395201585368,38,國會; 人; 國民; 議員; 主張; 兩; 選舉; 代表; 問題; 國; 不能; 政府; 自治; 總統; 組織; 北京; 省; 反對; 新; 機關,6393,37687,185,837,100,100,ok,
regex-only,20,long_period_manual,long_period_manual_p002,core,cross,100,joint_count,30,10,xianzheng,憲政,xianfa,憲法,0.00289700911958,0.0243902439024,0.000344099135396,0.241166438814,0.342281879195,0.61704876564,51,國會; 人; 議員; 會議; 問題; 兩; 省; 國; 主張; 政府; 開; 總統; 選舉; 北京; 院; 討論; 國家; 組織; 不能; 提出,3239,229585,136,2902,100,100,ok,
regex-only,20,long_period_manual,long_period_manual_p002,core,cross,100,joint_count,30,10,xianzheng,憲政,zhixian,制憲,0,0,0,0.266481634433,0.333333333333,0.584272868642,50,國會; 人; 議員; 兩; 問題; 主張; 省; 國民; 會議; 北京; 進行; 院; 開; 代表; 國; 選舉; 討論; 不能; 政府; 自治,3239,37687,136,837,100,100,ok,
regex-only,20,long_period_manual,long_period_manual_p002,core,intra,100,joint_count,30,10,xianfa,憲法,zhixian,制憲,0.00975078876551,0.00395060652917,0.024066654284,0.479585874393,0.550387596899,0.832049894863,71,國會; 人; 議員; 會議; 問題; 兩; 省; 主張; 選舉; 國; 開; 開會; 北京; 院; 政府; 約法; 討論; 總統; 不能; 新,229585,37687,2902,837,100,100,ok,
regex-only,20,long_period_manual,long_period_manual_p002,core,intra,0,joint_count,30,10,lixian,立憲,xianzheng,憲政,0.0116471064127,0.0082903175348,0.0163630750232,0.354174393065,0.384279475983,0.691895128505,88,國; 政府; 國會; 政治; 人; 不能; 國民; 國家; 中國; 共和; 自治; 內閣; 人民; 君主; 實行; 國體; 機關; 議員; 主張; 政黨,6393,3239,185,136,183,134,ok,
regex-only,20,long_period_manual,long_period_manual_p002,core,cross,0,joint_count,30,10,lixian,立憲,xianfa,憲法,0.00349768497315,0.0209604254654,0.000583661824597,0.186001392405,0.0601995184039,0.48432761665,175,國會; 人; 議員; 總統; 國; 主張; 兩; 政府; 選舉; 問題; 國家; 法律; 組織; 不能; 北京; 省; 人民; 地方; 成立; 新,6393,229585,185,2902,183,2899,ok,
regex-only,20,long_period_manual,long_period_manual_p002,core,cross,0,joint_count,30,10,lixian,立憲,zhixian,制憲,0,0,0,0.18060177053,0.154020385051,0.422960464246,136,國會; 人; 國民; 議員; 主張; 兩; 選舉; 代表; 問題; 國; 不能; 政府; 自治; 總統; 組織; 北京; 省; 反對; 新; 機關,6393,37687,185,837,183,836,ok,
regex-only,20,long_period_manual,long_period_manual_p002,core,cross,0,joint_count,30,10,xianzheng,憲政,xianfa,憲法,0.00289700911958,0.0243902439024,0.000344099135396,0.196105662496,0.0433436532508,0.635270035736,126,國會; 人; 議員; 會議; 問題; 兩; 省; 國; 主張; 政府; 開; 總統; 選舉; 北京; 院; 討論; 國家; 組織; 不能; 提出,3239,229585,136,2902,134,2899,ok,
regex-only,20,long_period_manual,long_period_manual_p002,core,cross,0,joint_count,30,10,xianzheng,憲政,zhixian,制憲,0,0,0,0.222956662216,0.118800461361,0.598987040762,103,國會; 人; 議員; 兩; 問題; 主張; 省; 國民; 會議; 北京; 進行; 院; 開; 代表; 國; 選舉; 討論; 不能; 政府; 自治,3239,37687,136,837,134,836,ok,
regex-only,20,long_period_manual,long_period_manual_p002,core,intra,0,joint_count,30,10,xianfa,憲法,zhixian,制憲,0.00975078876551,0.00395060652917,0.024066654284,0.432349857846,0.268682065217,0.854290790846,791,國會; 人; 議員; 會議; 問題; 兩; 省; 主張; 選舉; 國; 開; 開會; 北京; 院; 政府; 約法; 討論; 總統; 不能; 新,229585,37687,2902,837,2899,836,ok,
regex-only,5,long_period_manual,long_period_manual_p002,core,intra,20,joint_count,30,10,lixian,立憲,xianzheng,憲政,0,0,0,0.142634505115,0.25,0.248866254791,8,國; 實行; 國民; 國會; 政府; 內閣; 精神; 自治,1588,587,55,41,20,20,ok,
regex-only,5,long_period_manual,long_period_manual_p002,core,cross,20,joint_count,30,10,lixian,立憲,xianfa,憲法,0.0012837134126,0.00755667506297,0.000218074763298,0.0392068684573,0.0810810810811,0.0975137514764,3,國會; 國; 人,1588,55027,55,1080,20,20,ok,
regex-only,5,long_period_manual,long_period_manual_p002,core,cross,20,joint_count,30,10,lixian,立憲,zhixian,制憲,0,0,0,0.0553552216951,0.0810810810811,0.113794277236,3,國民; 國會; 人,1588,8255,55,274,20,20,ok,
regex-only,5,long_period_manual,long_period_manual_p002,core,cross,20,joint_count,30,10,xianzheng,憲政,xianfa,憲法,0.00299117589706,0.0289608177172,0.000308939248006,0.0587529180897,0.111111111111,0.146568074851,4,國會; 兩; 國; 主張,587,55027,41,1080,20,20,ok,
regex-only,5,long_period_manual,long_period_manual_p002,core,cross,20,joint_count,30,10,xianzheng,憲政,zhixian,制憲,0,0,0,0.0998670360301,0.111111111111,0.249942137344,4,國會; 國民; 主張; 兩,587,8255,41,274,20,20,ok,
regex-only,5,long_period_manual,long_period_manual_p002,core,intra,20,joint_count,30,10,xianfa,憲法,zhixian,制憲,0.00638105446354,0.00247151398404,0.016474863719,0.243553256977,0.379310344828,0.555972960298,11,國會; 問題; 省; 會議; 議員; 兩; 選舉; 委員會; 主張; 人; 北京,55027,8255,1080,274,20,20,ok,
regex-only,5,long_period_manual,long_period_manual_p002,core,intra,50,joint_count,30,10,lixian,立憲,xianzheng,憲政,0,0,0,0.160198646014,0.216216216216,0.329602073411,16,國; 實行; 國民; 國會; 政府; 共和; 內閣; 人; 精神; 自治; 中國; 不能; 國家; 主張; 組織; 地方,1588,587,55,41,50,40,ok,
regex-only,5,long_period_manual,long_period_manual_p002,core,cross,50,joint_count,30,10,lixian,立憲,xianfa,憲法,0.0012837134126,0.00755667506297,0.000218074763298,0.0763473484869,0.162790697674,0.174200351224,14,國會; 國; 主張; 人; 政府; 國家; 組織; 不能; 議員; 法律; 民國; 地方; 制度; 人民,1588,55027,55,1080,50,50,ok,
regex-only,5,long_period_manual,long_period_manual_p002,core,cross,50,joint_count,30,10,lixian,立憲,zhixian,制憲,0,0,0,0.0770672940045,0.123595505618,0.166662626517,11,國民; 國會; 人; 主張; 政府; 自治; 組織; 不能; 議員; 人民; 國,1588,8255,55,274,50,50,ok,
regex-only,5,long_period_manual,long_period_manual_p002,core,cross,50,joint_count,30,10,xianzheng,憲政,xianfa,憲法,0.00299117589706,0.0289608177172,0.000308939248006,0.092034196013,0.168831168831,0.217238680176,13,國會; 問題; 兩; 國; 主張; 人; 北京; 政府; 組織; 成立; 國家; 不能; 地方,587,55027,41,1080,40,50,ok,
regex-only,5,long_period_manual,long_period_manual_p002,core,cross,50,joint_count,30,10,xianzheng,憲政,zhixian,制憲,0,0,0,0.134611769793,0.184210526316,0.320457342592,14,國會; 國民; 主張; 兩; 人; 進行; 問題; 北京; 組織; 政府; 自治; 不能; 國; 代表,587,8255,41,274,40,50,ok,
regex-only,5,long_period_manual,long_period_manual_p002,core,intra,50,joint_count,30,10,xianfa,憲法,zhixian,制憲,0.00638105446354,0.00247151398404,0.016474863719,0.267593176534,0.333333333333,0.56806221319,25,國會; 問題; 省; 會議; 議員; 兩; 選舉; 委員會; 主張; 人; 開; 總統; 北京; 政府; 組織; 新; 討論; 約法; 開會; 不能,55027,8255,1080,274,50,50,ok,
regex-only,5,long_period_manual,long_period_manual_p002,core,intra,100,joint_count,30,10,lixian,立憲,xianzheng,憲政,0,0,0,0.158531984656,0.205128205128,0.329292198889,16,國; 實行; 國民; 國會; 政府; 共和; 內閣; 人; 精神; 自治; 中國; 不能; 國家; 主張; 組織; 地方,1588,587,55,41,54,40,ok,
regex-only,5,long_period_manual,long_period_manual_p002,core,cross,100,joint_count,30,10,lixian,立憲,xianfa,憲法,0.0012837134126,0.00755667506297,0.000218074763298,0.083704348989,0.157894736842,0.196828812213,21,國會; 國; 主張; 人; 政府; 國家; 組織; 不能; 議員; 法律; 民國; 地方; 制度; 人民; 議會; 國民; 不可; 中國; 內閣; 實行,1588,55027,55,1080,54,100,ok,
regex-only,5,long_period_manual,long_period_manual_p002,core,cross,100,joint_count,30,10,lixian,立憲,zhixian,制憲,0,0,0,0.0812458325924,0.124087591241,0.187902389859,17,國民; 國會; 人; 主張; 政府; 自治; 組織; 不能; 議員; 人民; 國; 實行; 希望; 不可; 政治; 法律; 國家,1588,8255,55,274,54,100,ok,
regex-only,5,long_period_manual,long_period_manual_p002,core,cross,100,joint_count,30,10,xianzheng,憲政,xianfa,憲法,0.00299117589706,0.0289608177172,0.000308939248006,0.100243641322,0.176470588235,0.248929690351,21,國會; 問題; 兩; 國; 主張; 人; 北京; 政府; 組織; 成立; 國家; 不能; 地方; 國民; 中國; 代表; 進行; 內閣; 實行; 共和,587,55027,41,1080,40,100,ok,
regex-only,5,long_period_manual,long_period_manual_p002,core,cross,100,joint_count,30,10,xianzheng,憲政,zhixian,制憲,0,0,0,0.129114264488,0.147540983607,0.329792480208,18,國會; 國民; 主張; 兩; 人; 進行; 問題; 北京; 組織; 政府; 自治; 不能; 國; 代表; 前途; 實行; 派; 國家,587,8255,41,274,40,100,ok,
regex-only,5,long_period_manual,long_period_manual_p002,core,intra,100,joint_count,30,10,xianfa,憲法,zhixian,制憲,0.00638105446354,0.00247151398404,0.016474863719,0.310558309161,0.418439716312,0.614956284135,59,國會; 問題; 省; 會議; 議員; 兩; 選舉; 委員會; 主張; 人; 開; 總統; 北京; 政府; 組織; 新; 討論; 約法; 開會; 不能,55027,8255,1080,274,100,100,ok,
regex-only,5,long_period_manual,long_period_manual_p002,core,intra,0,joint_count,30,10,lixian,立憲,xianzheng,憲政,0,0,0,0.158531984656,0.205128205128,0.329292198889,16,國; 實行; 國民; 國會; 政府; 共和; 內閣; 人; 精神; 自治; 中國; 不能; 國家; 主張; 組織; 地方,1588,587,55,41,54,40,ok,
regex-only,5,long_period_manual,long_period_manual_p002,core,cross,0,joint_count,30,10,lixian,立憲,xianfa,憲法,0.0012837134126,0.00755667506297,0.000218074763298,0.0784076640379,0.0452865064695,0.219386265124,49,國會; 國; 主張; 人; 政府; 國家; 組織; 不能; 議員; 法律; 民國; 地方; 制度; 人民; 議會; 國民; 不可; 中國; 內閣; 實行,1588,55027,55,1080,54,1077,ok,
regex-only,5,long_period_manual,long_period_manual_p002,core,cross,0,joint_count,30,10,lixian,立憲,zhixian,制憲,0,0,0,0.0801446200272,0.09,0.190759861774,27,國民; 國會; 人; 主張; 政府; 自治; 組織; 不能; 議員; 人民; 國; 實行; 希望; 不可; 政治; 法律; 國家; 議會; 中國; 維持,1588,8255,55,274,54,273,ok,
regex-only,5,long_period_manual,long_period_manual_p002,core,cross,0,joint_count,30,10,xianzheng,憲政,xianfa,憲法,0.00299117589706,0.0289608177172,0.000308939248006,0.0816214569642,0.0275988960442,0.266912028601,30,國會; 問題; 兩; 國; 主張; 人; 北京; 政府; 組織; 成立; 國家; 不能; 地方; 國民; 中國; 代表; 進行; 內閣; 實行; 共和,587,55027,41,1080,40,1077,ok,
regex-only,5,long_period_manual,long_period_manual_p002,core,cross,0,joint_count,30,10,xianzheng,憲政,zhixian,制憲,0,0,0,0.11635477138,0.0756013745704,0.334309729213,22,國會; 國民; 主張; 兩; 人; 進行; 問題; 北京; 組織; 政府; 自治; 不能; 國; 代表; 前途; 實行; 派; 國家; 中國; 成立,587,8255,41,274,40,273,ok,
regex-only,5,long_period_manual,long_period_manual_p002,core,intra,0,joint_count,30,10,xianfa,憲法,zhixian,制憲,0.00638105446354,0.00247151398404,0.016474863719,0.294995405922,0.205357142857,0.636792504987,230,國會; 問題; 省; 會議; 議員; 兩; 選舉; 委員會; 主張; 人; 開; 總統; 北京; 政府; 組織; 新; 討論; 約法; 開會; 不能,55027,8255,1080,274,1077,273,ok,
strict,10,long_period_manual,long_period_manual_p002,core,intra,20,joint_count,30,10,lixian,立憲,xianzheng,憲政,0.0117544287431,0.00724387719903,0.0190735694823,0.240548056289,0.333333333333,0.443115384768,10,國; 不能; 政府; 國家; 國會; 政治; 國民; 人; 自治; 實行,2899,1101,83,60,20,20,ok,
strict,10,long_period_manual,long_period_manual_p002,core,cross,20,joint_count,30,10,lixian,立憲,xianfa,憲法,0.00400179392905,0.0200068989307,0.000800441622964,0.0873972386008,0.176470588235,0.290834715898,6,國會; 國; 人; 政府; 國家; 不能,2899,72460,83,1334,20,20,ok,
strict,10,long_period_manual,long_period_manual_p002,core,cross,20,joint_count,30,10,lixian,立憲,zhixian,制憲,0,0,0,0.0759837268823,0.111111111111,0.161978613203,4,國會; 人; 國民; 自治,2899,16600,83,464,20,20,ok,
strict,10,long_period_manual,long_period_manual_p002,core,cross,20,joint_count,30,10,xianzheng,憲政,xianfa,憲法,0.00335875580766,0.0272479564033,0.00041402152912,0.141082243123,0.25,0.432226137938,8,國會; 問題; 國; 人; 主張; 政府; 國家; 不能,1101,72460,60,1334,20,20,ok,
strict,10,long_period_manual,long_period_manual_p002,core,cross,20,joint_count,30,10,xianzheng,憲政,zhixian,制憲,0,0,0,0.160076017581,0.176470588235,0.388525486536,6,國會; 問題; 人; 主張; 國民; 自治,1101,16600,60,464,20,20,ok,
strict,10,long_period_manual,long_period_manual_p002,core,intra,20,joint_count,30,10,xianfa,憲法,zhixian,制憲,0.00810220282913,0.00387800165609,0.0169277108434,0.252606062577,0.25,0.679821712082,8,國會; 問題; 省; 議員; 人; 主張; 選舉; 兩,72460,16600,1334,464,20,20,ok,
strict,10,long_period_manual,long_period_manual_p002,core,intra,50,joint_count,30,10,lixian,立憲,xianzheng,憲政,0.0117544287431,0.00724387719903,0.0190735694823,0.274811607818,0.351351351351,0.545711111231,26,國; 不能; 政府; 國家; 國會; 政治; 國民; 人; 自治; 實行; 人民; 中國; 共和; 內閣; 組織; 精神; 議員; 地方; 問題; 君主,2899,1101,83,60,50,50,ok,
strict,10,long_period_manual,long_period_manual_p002,core,cross,50,joint_count,30,10,lixian,立憲,xianfa,憲法,0.00400179392905,0.0200068989307,0.000800441622964,0.150579746402,0.298701298701,0.382229491583,23,國會; 國; 人; 議員; 政府; 國家; 問題; 主張; 總統; 法律; 不能; 組織; 新; 人民; 機關; 成立; 不可; 地方; 國民; 議會,2899,72460,83,1334,50,50,ok,
strict,10,long_period_manual,long_period_manual_p002,core,cross,50,joint_count,30,10,lixian,立憲,zhixian,制憲,0,0,0,0.114439559828,0.176470588235,0.25514752827,15,國會; 人; 國民; 議員; 問題; 主張; 自治; 總統; 不能; 組織; 國; 機關; 政府; 新; 人民,2899,16600,83,464,50,50,ok,
strict,10,long_period_manual,long_period_manual_p002,core,cross,50,joint_count,30,10,xianzheng,憲政,xianfa,憲法,0.00335875580766,0.0272479564033,0.00041402152912,0.166031241215,0.282051282051,0.503665798898,22,國會; 問題; 國; 議員; 人; 主張; 政府; 省; 總統; 國家; 成立; 兩; 不能; 組織; 人民; 北京; 開; 地方; 國民; 議會,1101,72460,60,1334,50,50,ok,
strict,10,long_period_manual,long_period_manual_p002,core,cross,50,joint_count,30,10,xianzheng,憲政,zhixian,制憲,0,0,0,0.199798275864,0.26582278481,0.48952981785,21,國會; 問題; 人; 主張; 國民; 兩; 議員; 北京; 進行; 省; 開; 自治; 總統; 不能; 組織; 國; 政府; 代表; 人民; 派,1101,16600,60,464,50,50,ok,
strict,10,long_period_manual,long_period_manual_p002,core,intra,50,joint_count,30,10,xianfa,憲法,zhixian,制憲,0.00810220282913,0.00387800165609,0.0169277108434,0.351754887881,0.408450704225,0.748779987245,29,國會; 問題; 省; 議員; 人; 主張; 選舉; 總統; 新; 兩; 不能; 約法; 組織; 國; 政府; 北京; 討論; 機關; 人民; 制定,72460,16600,1334,464,50,50,ok,
strict,10,long_period_manual,long_period_manual_p002,core,intra,100,joint_count,30,10,lixian,立憲,xianzheng,憲政,0.0117544287431,0.00724387719903,0.0190735694823,0.259085143878,0.275229357798,0.546885350944,30,國; 不能; 政府; 國家; 國會; 政治; 國民; 人; 自治; 實行; 人民; 中國; 共和; 內閣; 組織; 精神; 議員; 地方; 問題; 君主,2899,1101,83,60,81,58,ok,
strict,10,long_period_manual,long_period_manual_p002,core,cross,100,joint_count,30,10,lixian,立憲,xianfa,憲法,0.00400179392905,0.0200068989307,0.000800441622964,0.170551553096,0.302158273381,0.410409034684,42,國會; 國; 人; 議員; 政府; 國家; 問題; 主張; 總統; 法律; 不能; 組織; 新; 人民; 機關; 成立; 不可; 地方; 國民; 根本,2899,72460,83,1334,81,100,ok,
strict,10,long_period_manual,long_period_manual_p002,core,cross,100,joint_count,30,10,lixian,立憲,zhixian,制憲,0,0,0,0.127287059738,0.183006535948,0.285449708307,28,國會; 人; 國民; 議員; 問題; 主張; 自治; 總統; 不能; 組織; 國; 機關; 政府; 新; 人民; 實行; 法律; 成立; 根本; 反對,2899,16600,83,464,81,100,ok,
strict,10,long_period_manual,long_period_manual_p002,core,cross,100,joint_count,30,10,xianzheng,憲政,xianfa,憲法,0.00335875580766,0.0272479564033,0.00041402152912,0.180681294516,0.295081967213,0.54118686595,36,國會; 問題; 國; 議員; 人; 主張; 政府; 省; 總統; 國家; 成立; 兩; 不能; 組織; 人民; 北京; 討論; 機關; 開; 地方,1101,72460,60,1334,58,100,ok,
strict,10,long_period_manual,long_period_manual_p002,core,cross,100,joint_count,30,10,xianzheng,憲政,zhixian,制憲,0,0,0,0.199445846425,0.234375,0.503385002316,30,國會; 問題; 人; 主張; 國民; 兩; 議員; 北京; 進行; 省; 開; 討論; 自治; 總統; 不能; 組織; 國; 機關; 政府; 代表,1101,16600,60,464,58,100,ok,
strict,10,long_period_manual,long_period_manual_p002,core,intra,100,joint_count,30,10,xianfa,憲法,zhixian,制憲,0.00810220282913,0.00387800165609,0.0169277108434,0.408669769977,0.503759398496,0.789307124251,67,國會; 問題; 省; 議員; 人; 主張; 選舉; 總統; 新; 兩; 不能; 約法; 組織; 國; 政府; 北京; 討論; 機關; 人民; 制定,72460,16600,1334,464,100,100,ok,
strict,10,long_period_manual,long_period_manual_p002,core,intra,0,joint_count,30,10,lixian,立憲,xianzheng,憲政,0.0117544287431,0.00724387719903,0.0190735694823,0.259085143878,0.275229357798,0.546885350944,30,國; 不能; 政府; 國家; 國會; 政治; 國民; 人; 自治; 實行; 人民; 中國; 共和; 內閣; 組織; 精神; 議員; 地方; 問題; 君主,2899,1101,83,60,81,58,ok,
strict,10,long_period_manual,long_period_manual_p002,core,cross,0,joint_count,30,10,lixian,立憲,xianfa,憲法,0.00400179392905,0.0200068989307,0.000800441622964,0.138301188546,0.056095736724,0.421854950096,75,國會; 國; 人; 議員; 政府; 國家; 問題; 主張; 總統; 法律; 不能; 組織; 新; 人民; 機關; 成立; 不可; 地方; 國民; 根本,2899,72460,83,1334,81,1331,ok,
strict,10,long_period_manual,long_period_manual_p002,core,cross,0,joint_count,30,10,lixian,立憲,zhixian,制憲,0,0,0,0.122443537397,0.110204081633,0.294042469516,54,國會; 人; 國民; 議員; 問題; 主張; 自治; 總統; 不能; 組織; 國; 機關; 政府; 新; 人民; 實行; 法律; 成立; 根本; 反對,2899,16600,83,464,81,463,ok,
strict,10,long_period_manual,long_period_manual_p002,core,cross,0,joint_count,30,10,xianzheng,憲政,xianfa,憲法,0.00335875580766,0.0272479564033,0.00041402152912,0.133426715244,0.0381165919283,0.532815032684,51,國會; 問題; 國; 議員; 人; 主張; 政府; 省; 總統; 國家; 成立; 兩; 不能; 組織; 人民; 北京; 討論; 機關; 開; 地方,1101,72460,60,1334,58,1331,ok,
strict,10,long_period_manual,long_period_manual_p002,core,cross,0,joint_count,30,10,xianzheng,憲政,zhixian,制憲,0,0,0,0.164778036905,0.0854166666667,0.508646250841,41,國會; 問題; 人; 主張; 國民; 兩; 議員; 北京; 進行; 省; 開; 討論; 自治; 總統; 不能; 組織; 國; 機關; 政府; 代表,1101,16600,60,464,58,463,ok,
strict,10,long_period_manual,long_period_manual_p002,core,intra,0,joint_count,30,10,xianfa,憲法,zhixian,制憲,0.00810220282913,0.00387800165609,0.0169277108434,0.379260474146,0.287867910983,0.80398623817,401,國會; 問題; 省; 議員; 人; 主張; 選舉; 總統; 新; 兩; 不能; 約法; 組織; 國; 政府; 北京; 討論; 機關; 人民; 制定,72460,16600,1334,464,1331,463,ok,
strict,1,long_period_manual,long_period_manual_p002,core,intra,20,joint_count,30,10,lixian,立憲,xianzheng,憲政,0,0,0,0.0309936189608,0.0555555555556,0.0339986209249,2,實行; 國民,568,201,21,18,20,18,ok,
strict,1,long_period_manual,long_period_manual_p002,core,cross,20,joint_count,30,10,lixian,立憲,xianfa,憲法,0,0,0,0.0124783102564,0.025641025641,0.026915927862,1,國,568,6820,21,257,20,20,ok,
strict,1,long_period_manual,long_period_manual_p002,core,cross,20,joint_count,30,10,lixian,立憲,zhixian,制憲,0,0,0,0.0112909872127,0.025641025641,0.0197031833839,1,國民,568,2066,21,109,20,20,ok,
strict,1,long_period_manual,long_period_manual_p002,core,cross,20,joint_count,30,10,xianzheng,憲政,xianfa,憲法,0,0,0,0,0,0,0,,201,6820,18,257,18,20,ok,
strict,1,long_period_manual,long_period_manual_p002,core,cross,20,joint_count,30,10,xianzheng,憲政,zhixian,制憲,0,0,0,0.0327706867509,0.0555555555556,0.0642745593963,2,國民; 前途,201,2066,18,109,18,20,ok,
strict,1,long_period_manual,long_period_manual_p002,core,intra,20,joint_count,30,10,xianfa,憲法,zhixian,制憲,0,0,0,0.0702541529484,0.0810810810811,0.17266054312,3,問題; 省; 國會,6820,2066,257,109,20,20,ok,
strict,1,long_period_manual,long_period_manual_p002,core,intra,50,joint_count,30,10,lixian,立憲,xianzheng,憲政,0,0,0,0.0308529945554,0.0540540540541,0.0339833993422,2,實行; 國民,568,201,21,18,21,18,ok,
strict,1,long_period_manual,long_period_manual_p002,core,cross,50,joint_count,30,10,lixian,立憲,xianfa,憲法,0,0,0,0.0216300082139,0.0597014925373,0.0703621100916,4,國; 共和; 實行; 國家,568,6820,21,257,21,50,ok,
strict,1,long_period_manual,long_period_manual_p002,core,cross,50,joint_count,30,10,lixian,立憲,zhixian,制憲,0,0,0,0.00977873366819,0.0142857142857,0.0189567216898,1,國民,568,2066,21,109,21,50,ok,
strict,1,long_period_manual,long_period_manual_p002,core,cross,50,joint_count,30,10,xianzheng,憲政,xianfa,憲法,0,0,0,0.0129400054294,0.0625,0.0262616259978,4,實行; 擁護; 研究; 施行,201,6820,18,257,18,50,ok,
strict,1,long_period_manual,long_period_manual_p002,core,cross,50,joint_count,30,10,xianzheng,憲政,zhixian,制憲,0,0,0,0.0284635357776,0.030303030303,0.0618671948821,2,國民; 前途,201,2066,18,109,18,50,ok,
strict,1,long_period_manual,long_period_manual_p002,core,intra,50,joint_count,30,10,xianfa,憲法,zhixian,制憲,0,0,0,0.0764207220298,0.0869565217391,0.184955442985,8,問題; 省; 國會; 促成; 完成; 選舉; 主張; 破壞,6820,2066,257,109,50,50,ok,
strict,1,long_period_manual,long_period_manual_p002,core,intra,100,joint_count,30,10,lixian,立憲,xianzheng,憲政,0,0,0,0.0308529945554,0.0540540540541,0.0339833993422,2,實行; 國民,568,201,21,18,21,18,ok,
strict,1,long_period_manual,long_period_manual_p002,core,cross,100,joint_count,30,10,lixian,立憲,xianfa,憲法,0,0,0,0.0249024653441,0.0614035087719,0.0812796671058,7,國; 共和; 實行; 國家; 政府; 不能; 政治,568,6820,21,257,21,100,ok,
strict,1,long_period_manual,long_period_manual_p002,core,cross,100,joint_count,30,10,lixian,立憲,zhixian,制憲,0,0,0,0.012729928332,0.0254237288136,0.0263495401641,3,國民; 國; 實行,568,2066,21,109,21,100,ok,
strict,1,long_period_manual,long_period_manual_p002,core,cross,100,joint_count,30,10,xianzheng,憲政,xianfa,憲法,0,0,0,0.0130456186413,0.0442477876106,0.0273136259953,5,實行; 擁護; 研究; 施行; 兩,201,6820,18,257,18,100,ok,
strict,1,long_period_manual,long_period_manual_p002,core,cross,100,joint_count,30,10,xianzheng,憲政,zhixian,制憲,0,0,0,0.030756297249,0.0442477876106,0.0759157867323,5,國民; 前途; 兩; 實行; 討論會,201,2066,18,109,18,100,ok,
strict,1,long_period_manual,long_period_manual_p002,core,intra,100,joint_count,30,10,xianfa,憲法,zhixian,制憲,0,0,0,0.0965619248946,0.142857142857,0.205565114323,25,問題; 省; 國會; 促成; 完成; 選舉; 主張; 破壞; 國; 意見; 湘省; 討論; 反對; 組織; 解決; 機關; 實行; 規定; 起草員; 開,6820,2066,257,109,100,100,ok,
strict,1,long_period_manual,long_period_manual_p002,core,intra,0,joint_count,30,10,lixian,立憲,xianzheng,憲政,0,0,0,0.0308529945554,0.0540540540541,0.0339833993422,2,實行; 國民,568,201,21,18,21,18,ok,
strict,1,long_period_manual,long_period_manual_p002,core,cross,0,joint_count,30,10,lixian,立憲,xianfa,憲法,0,0,0,0.0251014579889,0.0411985018727,0.0863086495108,11,國; 共和; 實行; 國家; 政府; 不能; 政治; 君主; 世界; 主義; 制度,568,6820,21,257,21,257,ok,
strict,1,long_period_manual,long_period_manual_p002,core,cross,0,joint_count,30,10,lixian,立憲,zhixian,制憲,0,0,0,0.0125895462759,0.0236220472441,0.0263241005095,3,國民; 國; 實行,568,2066,21,109,21,109,ok,
strict,1,long_period_manual,long_period_manual_p002,core,cross,0,joint_count,30,10,xianzheng,憲政,xianfa,憲法,0,0,0,0.0140509999257,0.0299625468165,0.0326783563867,8,實行; 擁護; 研究; 施行; 兩; 前途; 精神; 原則,201,6820,18,257,18,257,ok,
strict,1,long_period_manual,long_period_manual_p002,core,cross,0,joint_count,30,10,xianzheng,憲政,zhixian,制憲,0,0,0,0.0304111560507,0.0409836065574,0.0758424924211,5,國民; 前途; 兩; 實行; 討論會,201,2066,18,109,18,109,ok,
strict,1,long_period_manual,long_period_manual_p002,core,intra,0,joint_count,30,10,xianfa,憲法,zhixian,制憲,0,0,0,0.0998386630822,0.136645962733,0.211726835368,44,問題; 省; 國會; 促成; 完成; 選舉; 主張; 破壞; 國; 意見; 湘省; 討論; 反對; 組織; 解決; 機關; 實行; 規定; 起草員; 開,6820,2066,257,109,257,109,ok,
strict,20,long_period_manual,long_period_manual_p002,core,intra,20,joint_count,30,10,lixian,立憲,xianzheng,憲政,0.0125006891403,0.00828817341409,0.0188542422045,0.316033441369,0.379310344828,0.579733952772,11,國; 國會; 政府; 政治; 不能; 人; 國家; 國民; 共和; 中國; 自治,6274,2758,184,119,20,20,ok,
strict,20,long_period_manual,long_period_manual_p002,core,cross,20,joint_count,30,10,lixian,立憲,xianfa,憲法,0.00410467586953,0.0204016576347,0.00082583309139,0.12352151888,0.212121212121,0.37923044912,7,國會; 人; 國; 政府; 國家; 不能; 人民,6274,154995,184,2385,20,20,ok,
strict,20,long_period_manual,long_period_manual_p002,core,cross,20,joint_count,30,10,lixian,立憲,zhixian,制憲,0,0,0,0.0914669589776,0.111111111111,0.242702393782,4,國會; 人; 國民; 國,6274,36386,184,841,20,20,ok,
strict,20,long_period_manual,long_period_manual_p002,core,cross,20,joint_count,30,10,xianzheng,憲政,xianfa,憲法,0.00295035217718,0.0221174764322,0.000393561082616,0.23015355152,0.379310344828,0.575870147027,11,國會; 問題; 人; 議員; 國; 主張; 政府; 國家; 不能; 兩; 組織,2758,154995,119,2385,20,20,ok,
strict,20,long_period_manual,long_period_manual_p002,core,cross,20,joint_count,30,10,xianzheng,憲政,zhixian,制憲,0,0,0,0.242167233884,0.290322580645,0.511253820123,9,國會; 議員; 人; 問題; 主張; 國民; 兩; 國; 代表,2758,36386,119,841,20,20,ok,
strict,20,long_period_manual,long_period_manual_p002,core,intra,20,joint_count,30,10,xianfa,憲法,zhixian,制憲,0.00906820042043,0.00439369011904,0.0187159896664,0.329013575752,0.333333333333,0.747339234991,10,國會; 問題; 人; 省; 議員; 主張; 選舉; 國; 兩; 北京,154995,36386,2385,841,20,20,ok,
strict,20,long_period_manual,long_period_manual_p002,core,intra,50,joint_count,30,10,lixian,立憲,xianzheng,憲政,0.0125006891403,0.00828817341409,0.0188542422045,0.351885363565,0.408450704225,0.673840270776,29,國; 國會; 政府; 政治; 不能; 人; 國家; 國民; 共和; 中國; 人民; 自治; 君主; 國體; 實行; 機關; 議員; 主張; 黨; 內閣,6274,2758,184,119,50,50,ok,
strict,20,long_period_manual,long_period_manual_p002,core,cross,50,joint_count,30,10,lixian,立憲,xianfa,憲法,0.00410467586953,0.0204016576347,0.00082583309139,0.189501758823,0.298701298701,0.468049863527,23,國會; 人; 國; 議員; 主張; 總統; 政府; 國家; 法律; 選舉; 問題; 不能; 兩; 組織; 人民; 成立; 機關; 地方; 國民; 不可,6274,154995,184,2385,50,50,ok,
strict,20,long_period_manual,long_period_manual_p002,core,cross,50,joint_count,30,10,lixian,立憲,zhixian,制憲,0,0,0,0.149973852063,0.219512195122,0.348710808846,18,國會; 人; 國民; 議員; 主張; 兩; 選舉; 國; 問題; 不能; 政府; 自治; 總統; 組織; 機關; 人民; 法律; 不可,6274,36386,184,841,50,50,ok,
strict,20,long_period_manual,long_period_manual_p002,core,cross,50,joint_count,30,10,xianzheng,憲政,xianfa,憲法,0.00295035217718,0.0221174764322,0.000393561082616,0.20895386519,0.333333333333,0.592374968466,25,國會; 問題; 人; 省; 議員; 國; 主張; 政府; 國家; 不能; 兩; 組織; 人民; 北京; 成立; 機關; 開; 地方; 代表; 國民,2758,154995,119,2385,50,50,ok,
strict,20,long_period_manual,long_period_manual_p002,core,cross,50,joint_count,30,10,xianzheng,憲政,zhixian,制憲,0,0,0,0.228260979961,0.282051282051,0.552524887979,22,國會; 議員; 人; 問題; 主張; 省; 國民; 兩; 北京; 進行; 開; 國; 代表; 不能; 政府; 自治; 組織; 派; 反對; 機關,2758,36386,119,841,50,50,ok,
strict,20,long_period_manual,long_period_manual_p002,core,intra,50,joint_count,30,10,xianfa,憲法,zhixian,制憲,0.00906820042043,0.00439369011904,0.0187159896664,0.437598149587,0.515151515152,0.811751890871,34,國會; 問題; 人; 省; 議員; 主張; 選舉; 國; 不能; 兩; 政府; 總統; 北京; 約法; 新; 討論; 組織; 制定; 開; 機關,154995,36386,2385,841,50,50,ok,
strict,20,long_period_manual,long_period_manual_p002,core,intra,100,joint_count,30,10,lixian,立憲,xianzheng,憲政,0.0125006891403,0.00828817341409,0.0188542422045,0.357009915621,0.369863013699,0.690628084939,54,國; 國會; 政府; 政治; 不能; 人; 國家; 國民; 共和; 中國; 人民; 自治; 君主; 國體; 實行; 機關; 議員; 主張; 黨; 內閣,6274,2758,184,119,100,100,ok,
strict,20,long_period_manual,long_period_manual_p002,core,cross,100,joint_count,30,10,lixian,立憲,xianfa,憲法,0.00410467586953,0.0204016576347,0.00082583309139,0.221972435731,0.315789473684,0.522504420239,48,國會; 人; 國; 議員; 主張; 總統; 政府; 國家; 法律; 選舉; 問題; 不能; 兩; 組織; 人民; 成立; 機關; 北京; 省; 新,6274,154995,184,2385,100,100,ok,
strict,20,long_period_manual,long_period_manual_p002,core,cross,100,joint_count,30,10,lixian,立憲,zhixian,制憲,0,0,0,0.170340684095,0.226993865031,0.391885853921,37,國會; 人; 國民; 議員; 主張; 兩; 選舉; 國; 問題; 不能; 政府; 自治; 總統; 組織; 北京; 省; 反對; 代表; 新; 機關,6274,36386,184,841,100,100,ok,
strict,20,long_period_manual,long_period_manual_p002,core,cross,100,joint_count,30,10,xianzheng,憲政,xianfa,憲法,0.00295035217718,0.0221174764322,0.000393561082616,0.238828826518,0.360544217687,0.653945480035,53,國會; 問題; 人; 省; 議員; 國; 主張; 政府; 國家; 總統; 選舉; 不能; 兩; 組織; 人民; 北京; 成立; 機關; 討論; 開,2758,154995,119,2385,100,100,ok,
strict,20,long_period_manual,long_period_manual_p002,core,cross,100,joint_count,30,10,xianzheng,憲政,zhixian,制憲,0,0,0,0.253078574762,0.333333333333,0.592045893275,50,國會; 議員; 人; 問題; 主張; 省; 國民; 兩; 北京; 進行; 開; 選舉; 國; 代表; 不能; 政府; 自治; 總統; 組織; 派,2758,36386,119,841,100,100,ok,
strict,20,long_period_manual,long_period_manual_p002,core,intra,100,joint_count,30,10,xianfa,憲法,zhixian,制憲,0.00906820042043,0.00439369011904,0.0187159896664,0.466747075182,0.550387596899,0.840747810809,71,國會; 問題; 人; 省; 議員; 主張; 選舉; 國; 不能; 兩; 政府; 總統; 北京; 約法; 新; 討論; 組織; 制定; 開; 機關,154995,36386,2385,841,100,100,ok,
strict,20,long_period_manual,long_period_manual_p002,core,intra,0,joint_count,30,10,lixian,立憲,xianzheng,憲政,0.0125006891403,0.00828817341409,0.0188542422045,0.36129703532,0.365296803653,0.709169664661,80,國; 國會; 政府; 政治; 不能; 人; 國家; 國民; 共和; 中國; 人民; 自治; 君主; 國體; 實行; 機關; 議員; 主張; 黨; 內閣,6274,2758,184,119,182,117,ok,
strict,20,long_period_manual,long_period_manual_p002,core,cross,0,joint_count,30,10,lixian,立憲,xianfa,憲法,0.00410467586953,0.0204016576347,0.00082583309139,0.206244062224,0.0728033472803,0.557382072956,174,國會; 人; 國; 議員; 主張; 總統; 政府; 國家; 法律; 選舉; 問題; 不能; 兩; 組織; 人民; 成立; 機關; 北京; 省; 新,6274,154995,184,2385,182,2382,ok,
strict,20,long_period_manual,long_period_manual_p002,core,cross,0,joint_count,30,10,lixian,立憲,zhixian,制憲,0,0,0,0.177616554645,0.149606299213,0.419763710484,133,國會; 人; 國民; 議員; 主張; 兩; 選舉; 國; 問題; 不能; 政府; 自治; 總統; 組織; 北京; 省; 反對; 代表; 新; 機關,6274,36386,184,841,182,840,ok,
strict,20,long_period_manual,long_period_manual_p002,core,cross,0,joint_count,30,10,xianzheng,憲政,xianfa,憲法,0.00295035217718,0.0221174764322,0.000393561082616,0.188474883652,0.0460443700293,0.662965822285,110,國會; 問題; 人; 省; 議員; 國; 主張; 政府; 國家; 總統; 選舉; 不能; 兩; 組織; 人民; 北京; 成立; 機關; 討論; 開,2758,154995,119,2385,117,2382,ok,
strict,20,long_period_manual,long_period_manual_p002,core,cross,0,joint_count,30,10,xianzheng,憲政,zhixian,制憲,0,0,0,0.208116757588,0.107638888889,0.601882136119,93,國會; 議員; 人; 問題; 主張; 省; 國民; 兩; 北京; 進行; 開; 選舉; 國; 代表; 不能; 政府; 自治; 總統; 組織; 派,2758,36386,119,841,117,840,ok,
strict,20,long_period_manual,long_period_manual_p002,core,intra,0,joint_count,30,10,xianfa,憲法,zhixian,制憲,0.00906820042043,0.00439369011904,0.0187159896664,0.429743340685,0.312423625255,0.857954901158,767,國會; 問題; 人; 省; 議員; 主張; 選舉; 國; 不能; 兩; 政府; 總統; 北京; 約法; 新; 討論; 組織; 制定; 開; 機關,154995,36386,2385,841,2382,840,ok,
strict,5,long_period_manual,long_period_manual_p002,core,intra,20,joint_count,30,10,lixian,立憲,xianzheng,憲政,0,0,0,0.128890934985,0.212121212121,0.23266652213,7,國; 實行; 國民; 政府; 國會; 精神; 自治,1566,515,55,36,20,20,ok,
strict,5,long_period_manual,long_period_manual_p002,core,cross,20,joint_count,30,10,lixian,立憲,xianfa,憲法,0.00162644445554,0.00766283524904,0.000345214464486,0.0618636772697,0.142857142857,0.22141808337,5,國會; 國; 國家; 政府; 人,1566,34761,55,846,20,20,ok,
strict,5,long_period_manual,long_period_manual_p002,core,cross,20,joint_count,30,10,lixian,立憲,zhixian,制憲,0,0,0,0.0551796246355,0.0810810810811,0.110013153205,3,國民; 國會; 人,1566,7920,55,270,20,20,ok,
strict,5,long_period_manual,long_period_manual_p002,core,cross,20,joint_count,30,10,xianzheng,憲政,xianfa,憲法,0,0,0,0.0684046002254,0.111111111111,0.204725657385,4,國會; 國; 主張; 政府,515,34761,36,846,20,20,ok,
strict,5,long_period_manual,long_period_manual_p002,core,cross,20,joint_count,30,10,xianzheng,憲政,zhixian,制憲,0,0,0,0.0953517374985,0.111111111111,0.252598664939,4,國會; 國民; 主張; 兩,515,7920,36,270,20,20,ok,
strict,5,long_period_manual,long_period_manual_p002,core,intra,20,joint_count,30,10,xianfa,憲法,zhixian,制憲,0.00584605655775,0.00279048358793,0.0122474747475,0.204734922895,0.212121212121,0.59307413637,7,國會; 問題; 省; 選舉; 主張; 議員; 人,34761,7920,846,270,20,20,ok,
strict,5,long_period_manual,long_period_manual_p002,core,intra,50,joint_count,30,10,lixian,立憲,xianzheng,憲政,0,0,0,0.162164233297,0.228571428571,0.327646149455,16,國; 實行; 國民; 政府; 國會; 共和; 人; 精神; 自治; 不能; 國家; 中國; 主張; 內閣; 組織; 地方,1566,515,55,36,50,36,ok,
strict,5,long_period_manual,long_period_manual_p002,core,cross,50,joint_count,30,10,lixian,立憲,xianfa,憲法,0.00162644445554,0.00766283524904,0.000345214464486,0.0984742590526,0.204819277108,0.271944283791,17,國會; 國; 國家; 主張; 政府; 人; 法律; 組織; 不能; 人民; 議員; 不可; 地方; 議會; 制度; 國民; 共和,1566,34761,55,846,50,50,ok,
strict,5,long_period_manual,long_period_manual_p002,core,cross,50,joint_count,30,10,lixian,立憲,zhixian,制憲,0,0,0,0.078068113312,0.123595505618,0.164743169294,11,國民; 國會; 人; 主張; 自治; 政府; 不能; 組織; 人民; 議員; 國,1566,7920,55,270,50,50,ok,
strict,5,long_period_manual,long_period_manual_p002,core,cross,50,joint_count,30,10,xianzheng,憲政,xianfa,憲法,0,0,0,0.103193566798,0.194444444444,0.282611984898,14,國會; 問題; 國; 國家; 主張; 政府; 人; 兩; 組織; 不能; 北京; 地方; 國民; 共和,515,34761,36,846,36,50,ok,
strict,5,long_period_manual,long_period_manual_p002,core,cross,50,joint_count,30,10,xianzheng,憲政,zhixian,制憲,0,0,0,0.131027248039,0.178082191781,0.328172653954,13,國會; 國民; 主張; 人; 兩; 問題; 進行; 北京; 組織; 自治; 政府; 不能; 國,515,7920,36,270,36,50,ok,
strict,5,long_period_manual,long_period_manual_p002,core,intra,50,joint_count,30,10,xianfa,憲法,zhixian,制憲,0.00584605655775,0.00279048358793,0.0122474747475,0.266949685416,0.315789473684,0.642439092776,24,國會; 問題; 省; 選舉; 主張; 議員; 人; 總統; 政府; 新; 兩; 組織; 不能; 約法; 討論; 機關; 人民; 北京; 國; 公布,34761,7920,846,270,50,50,ok,
strict,5,long_period_manual,long_period_manual_p002,core,intra,100,joint_count,30,10,lixian,立憲,xianzheng,憲政,0,0,0,0.160475370232,0.216216216216,0.327334931114,16,國; 實行; 國民; 政府; 國會; 共和; 人; 精神; 自治; 不能; 國家; 中國; 主張; 內閣; 組織; 地方,1566,515,55,36,54,36,ok,
strict,5,long_period_manual,long_period_manual_p002,core,cross,100,joint_count,30,10,lixian,立憲,xianfa,憲法,0.00162644445554,0.00766283524904,0.000345214464486,0.106453710077,0.203125,0.286511890562,26,國會; 國; 國家; 主張; 政府; 人; 法律; 組織; 不能; 人民; 議員; 不可; 地方; 議會; 制度; 國民; 共和; 實行; 中國; 民國,1566,34761,55,846,54,100,ok,
strict,5,long_period_manual,long_period_manual_p002,core,cross,100,joint_count,30,10,lixian,立憲,zhixian,制憲,0,0,0,0.0805520902551,0.115942028986,0.175587858772,16,國民; 國會; 人; 主張; 自治; 政府; 不能; 組織; 人民; 議員; 國; 實行; 希望; 不可; 政治; 法律,1566,7920,55,270,54,100,ok,
strict,5,long_period_manual,long_period_manual_p002,core,cross,100,joint_count,30,10,xianzheng,憲政,xianfa,憲法,0,0,0,0.110624912852,0.19298245614,0.316243686613,22,國會; 問題; 國; 國家; 主張; 政府; 人; 兩; 組織; 不能; 北京; 地方; 國民; 共和; 實行; 中國; 進行; 施行; 內閣; 代表,515,34761,36,846,36,100,ok,
strict,5,long_period_manual,long_period_manual_p002,core,cross,100,joint_count,30,10,xianzheng,憲政,zhixian,制憲,0,0,0,0.127126753517,0.142857142857,0.339578125913,17,國會; 國民; 主張; 人; 兩; 問題; 進行; 北京; 組織; 自治; 政府; 不能; 國; 前途; 代表; 實行; 派,515,7920,36,270,36,100,ok,
strict,5,long_period_manual,long_period_manual_p002,core,intra,100,joint_count,30,10,xianfa,憲法,zhixian,制憲,0.00584605655775,0.00279048358793,0.0122474747475,0.321771728316,0.418439716312,0.688216125224,59,國會; 問題; 省; 選舉; 主張; 議員; 人; 總統; 政府; 新; 兩; 組織; 不能; 約法; 討論; 機關; 人民; 北京; 國; 公布,34761,7920,846,270,100,100,ok,
strict,5,long_period_manual,long_period_manual_p002,core,intra,0,joint_count,30,10,lixian,立憲,xianzheng,憲政,0,0,0,0.160475370232,0.216216216216,0.327334931114,16,國; 實行; 國民; 政府; 國會; 共和; 人; 精神; 自治; 不能; 國家; 中國; 主張; 內閣; 組織; 地方,1566,515,55,36,54,36,ok,
strict,5,long_period_manual,long_period_manual_p002,core,cross,0,joint_count,30,10,lixian,立憲,xianfa,憲法,0.00162644445554,0.00766283524904,0.000345214464486,0.0931454744778,0.0539906103286,0.304086485072,46,國會; 國; 國家; 主張; 政府; 人; 法律; 組織; 不能; 人民; 議員; 不可; 地方; 議會; 制度; 國民; 共和; 實行; 中國; 民國,1566,34761,55,846,54,844,ok,
strict,5,long_period_manual,long_period_manual_p002,core,cross,0,joint_count,30,10,lixian,立憲,zhixian,制憲,0,0,0,0.0806759883312,0.0875420875421,0.189547201455,26,國民; 國會; 人; 主張; 自治; 政府; 不能; 組織; 人民; 議員; 國; 實行; 希望; 不可; 政治; 法律; 國家; 議會; 中國; 維持,1566,7920,55,270,54,269,ok,
strict,5,long_period_manual,long_period_manual_p002,core,cross,0,joint_count,30,10,xianzheng,憲政,xianfa,憲法,0,0,0,0.0873045345226,0.0328638497653,0.320646452274,28,國會; 問題; 國; 國家; 主張; 政府; 人; 兩; 組織; 不能; 北京; 地方; 國民; 共和; 實行; 中國; 進行; 施行; 內閣; 代表,515,34761,36,846,36,844,ok,
strict,5,long_period_manual,long_period_manual_p002,core,cross,0,joint_count,30,10,xianzheng,憲政,zhixian,制憲,0,0,0,0.11480306873,0.0739436619718,0.341802765374,21,國會; 國民; 主張; 人; 兩; 問題; 進行; 北京; 組織; 自治; 政府; 不能; 國; 前途; 代表; 實行; 派; 國家; 中國; 地方,515,7920,36,270,36,269,ok,
strict,5,long_period_manual,long_period_manual_p002,core,intra,0,joint_count,30,10,xianfa,憲法,zhixian,制憲,0.00584605655775,0.00279048358793,0.0122474747475,0.300431352219,0.235294117647,0.706244480179,212,國會; 問題; 省; 選舉; 主張; 議員; 人; 總統; 政府; 新; 兩; 組織; 不能; 約法; 討論; 機關; 人民; 北京; 國; 公布,34761,7920,846,270,844,269,ok,
full,10,long_period_manual,long_period_manual_p003,core,intra,20,joint_count,30,10,lixian,立憲,xianzheng,憲政,0.00299886382577,0.00867302688638,0.00103691414351,0.100773708692,0.212121212121,0.27670834041,7,黨; 政府; 國; 政治; 人民; 內閣; 主張,1153,9644,58,320,20,20,ok,
full,10,long_period_manual,long_period_manual_p003,core,cross,20,joint_count,30,10,lixian,立憲,xianfa,憲法,0.00439361150078,0.0294882914137,0.000654626670261,0.0733686958813,0.176470588235,0.246132516546,6,政府; 問題; 國; 人民; 人; 國家,1153,51938,58,1306,20,20,ok,
full,10,long_period_manual,long_period_manual_p003,core,cross,20,joint_count,30,10,lixian,立憲,zhixian,制憲,0,0,0,0.0921847047226,0.142857142857,0.124473421943,5,主張; 問題; 人; 國; 人民,1153,1760,58,90,20,20,ok,
full,10,long_period_manual,long_period_manual_p003,core,cross,20,joint_count,30,10,xianzheng,憲政,xianfa,憲法,0.00571924574536,0.0132725010369,0.00246447687628,0.0683873132784,0.0810810810811,0.125936512966,3,政府; 國; 人民,9644,51938,320,1306,20,20,ok,
full,10,long_period_manual,long_period_manual_p003,core,cross,20,joint_count,30,10,xianzheng,憲政,zhixian,制憲,0,0,0,0.0466087312799,0.0810810810811,0.0688411083042,3,國; 人民; 主張,9644,1760,320,90,20,20,ok,
full,10,long_period_manual,long_period_manual_p003,core,intra,20,joint_count,30,10,xianfa,憲法,zhixian,制憲,0.00847200247455,0.00155955177327,0.0460227272727,0.161213856758,0.290322580645,0.46084361903,9,規定; 國會; 問題; 國; 省; 人民; 人; 議員; 公布,51938,1760,1306,90,20,20,ok,
full,10,long_period_manual,long_period_manual_p003,core,intra,50,joint_count,30,10,lixian,立憲,xianzheng,憲政,0.00299886382577,0.00867302688638,0.00103691414351,0.15777329249,0.282051282051,0.351759506928,22,黨; 政府; 國; 政治; 人民; 革命; 內閣; 主張; 人; 國民; 國家; 省; 組織; 問題; 不能; 日本; 自治; 新; 基礎; 實行,1153,9644,58,320,50,50,ok,
full,10,long_period_manual,long_period_manual_p003,core,cross,50,joint_count,30,10,lixian,立憲,xianfa,憲法,0.00439361150078,0.0294882914137,0.000654626670261,0.128776515404,0.234567901235,0.374429191225,19,新; 國會; 政府; 問題; 國; 省; 人民; 人; 議員; 國家; 組織; 不能; 主張; 實行; 國民; 政治; 中國; 成立; 制度,1153,51938,58,1306,50,50,ok,
full,10,long_period_manual,long_period_manual_p003,core,cross,50,joint_count,30,10,lixian,立憲,zhixian,制憲,0,0,0,0.142392805622,0.204819277108,0.241907414376,17,主張; 問題; 人; 國民; 國; 國會; 人民; 不能; 政府; 省; 議員; 組織; 自治; 運動; 實行; 成立; 國家,1153,1760,58,90,50,50,ok,
full,10,long_period_manual,long_period_manual_p003,core,cross,50,joint_count,30,10,xianzheng,憲政,xianfa,憲法,0.00571924574536,0.0132725010369,0.00246447687628,0.190212870719,0.282051282051,0.324411587507,22,政府; 國; 人民; 人; 省; 問題; 國家; 新; 國民大會; 選舉; 組織; 規定; 不能; 主張; 實行; 國民; 政治; 兩; 中國; 中央,9644,51938,320,1306,50,50,ok,
full,10,long_period_manual,long_period_manual_p003,core,cross,50,joint_count,30,10,xianzheng,憲政,zhixian,制憲,0,0,0,0.123029637815,0.204819277108,0.255625421741,17,國; 政府; 人民; 實行; 主張; 人; 國民; 省; 組織; 兩; 問題; 不能; 國民大會; 自治; 國家; 選舉; 規定,9644,1760,320,90,50,50,ok,
full,10,long_period_manual,long_period_manual_p003,core,intra,50,joint_count,30,10,xianfa,憲法,zhixian,制憲,0.00847200247455,0.00155955177327,0.0460227272727,0.22252813878,0.408450704225,0.601687922418,29,規定; 國會; 政府; 問題; 國; 省; 人民; 人; 制定; 議員; 修改; 修正; 國民大會; 公布; 國家; 選舉; 組織; 不能; 主張; 討論,51938,1760,1306,90,50,50,ok,
full,10,long_period_manual,long_period_manual_p003,core,intra,100,joint_count,30,10,lixian,立憲,xianzheng,憲政,0.00299886382577,0.00867302688638,0.00103691414351,0.179929610371,0.3,0.378444850862,36,黨; 政府; 國; 政治; 人民; 革命; 內閣; 主張; 人; 國民; 國家; 省; 組織; 問題; 不能; 日本; 自治; 新; 基礎; 實行,1153,9644,58,320,56,100,ok,
full,10,long_period_manual,long_period_manual_p003,core,cross,100,joint_count,30,10,lixian,立憲,xianfa,憲法,0.00439361150078,0.0294882914137,0.000654626670261,0.134257049829,0.21875,0.383686210471,28,新; 國會; 政府; 問題; 國; 省; 人民; 人; 議員; 國家; 組織; 不能; 主張; 實行; 決定; 國民; 政治; 中國; 成立; 制度,1153,51938,58,1306,56,100,ok,
full,10,long_period_manual,long_period_manual_p003,core,cross,100,joint_count,30,10,lixian,立憲,zhixian,制憲,0,0,0,0.130042821399,0.150793650794,0.23949105471,19,主張; 問題; 人; 國民; 國; 國會; 人民; 不能; 政府; 省; 議員; 組織; 自治; 運動; 實行; 成立; 國家; 一致; 要求,1153,1760,58,90,56,89,ok,
full,10,long_period_manual,long_period_manual_p003,core,cross,100,joint_count,30,10,xianzheng,憲政,xianfa,憲法,0.00571924574536,0.0132725010369,0.00246447687628,0.221403716281,0.307189542484,0.386682505361,47,政府; 國; 人民; 人; 省; 問題; 國家; 新; 國民大會; 選舉; 組織; 規定; 不能; 主張; 實行; 國民; 政治; 兩; 代表; 約法,9644,51938,320,1306,100,100,ok,
full,10,long_period_manual,long_period_manual_p003,core,cross,100,joint_count,30,10,xianzheng,憲政,zhixian,制憲,0,0,0,0.158131115593,0.251655629139,0.310882370283,38,國; 政府; 人民; 實行; 主張; 人; 國民; 省; 組織; 兩; 問題; 不能; 國民大會; 自治; 國家; 選舉; 規定; 運動; 成立; 進行,9644,1760,320,90,100,89,ok,
full,10,long_period_manual,long_period_manual_p003,core,intra,100,joint_count,30,10,xianfa,憲法,zhixian,制憲,0.00847200247455,0.00155955177327,0.0460227272727,0.225693919656,0.340425531915,0.609162276741,48,規定; 國會; 政府; 問題; 國; 省; 人民; 人; 制定; 議員; 修改; 修正; 國民大會; 公布; 國家; 選舉; 組織; 不能; 主張; 通過,51938,1760,1306,90,100,89,ok,
full,10,long_period_manual,long_period_manual_p003,core,intra,0,joint_count,30,10,lixian,立憲,xianzheng,憲政,0.00299886382577,0.00867302688638,0.00103691414351,0.164100950896,0.147239263804,0.377824257015,48,黨; 政府; 國; 政治; 人民; 革命; 內閣; 主張; 人; 國民; 國家; 省; 組織; 問題; 不能; 日本; 自治; 新; 基礎; 實行,1153,9644,58,320,56,318,ok,
full,10,long_period_manual,long_period_manual_p003,core,cross,0,joint_count,30,10,lixian,立憲,xianfa,憲法,0.00439361150078,0.0294882914137,0.000654626670261,0.104458015315,0.0374045801527,0.378823434698,49,新; 國會; 政府; 問題; 國; 省; 人民; 人; 議員; 國家; 組織; 不能; 主張; 實行; 決定; 國民; 政治; 中國; 成立; 制度,1153,51938,58,1306,56,1303,ok,
full,10,long_period_manual,long_period_manual_p003,core,cross,0,joint_count,30,10,lixian,立憲,zhixian,制憲,0,0,0,0.130042821399,0.150793650794,0.23949105471,19,主張; 問題; 人; 國民; 國; 國會; 人民; 不能; 政府; 省; 議員; 組織; 自治; 運動; 實行; 成立; 國家; 一致; 要求,1153,1760,58,90,56,89,ok,
full,10,long_period_manual,long_period_manual_p003,core,cross,0,joint_count,30,10,xianzheng,憲政,xianfa,憲法,0.00571924574536,0.0132725010369,0.00246447687628,0.250994208165,0.188416422287,0.481896363594,257,政府; 國; 人民; 人; 省; 問題; 國家; 新; 國民大會; 選舉; 組織; 規定; 不能; 主張; 實行; 國民; 政治; 兩; 代表; 約法,9644,51938,320,1306,318,1303,ok,
full,10,long_period_manual,long_period_manual_p003,core,cross,0,joint_count,30,10,xianzheng,憲政,zhixian,制憲,0,0,0,0.152806056599,0.169540229885,0.319810947827,59,國; 政府; 人民; 實行; 主張; 人; 國民; 省; 組織; 兩; 問題; 不能; 國民大會; 自治; 國家; 選舉; 規定; 運動; 成立; 進行,9644,1760,320,90,318,89,ok,
full,10,long_period_manual,long_period_manual_p003,core,intra,0,joint_count,30,10,xianfa,憲法,zhixian,制憲,0.00847200247455,0.00155955177327,0.0460227272727,0.174600774923,0.0617848970252,0.597001532256,81,規定; 國會; 政府; 問題; 國; 省; 人民; 人; 制定; 議員; 修改; 修正; 國民大會; 公布; 國家; 選舉; 組織; 不能; 主張; 通過,51938,1760,1306,90,1303,89,ok,
full,1,long_period_manual,long_period_manual_p003,core,intra,20,joint_count,30,10,lixian,立憲,xianzheng,憲政,0,0,0,0.0106821119168,0.0285714285714,0.0099260583282,1,擁護,325,1299,16,57,16,20,ok,
full,1,long_period_manual,long_period_manual_p003,core,cross,20,joint_count,30,10,lixian,立憲,xianfa,憲法,0,0,0,0.0230099285433,0.0588235294118,0.0158365665513,2,問題; 國,325,4495,16,196,16,20,ok,
full,1,long_period_manual,long_period_manual_p003,core,cross,20,joint_count,30,10,lixian,立憲,zhixian,制憲,0,0,0,0.00931677018634,0.030303030303,0.00508157654403,1,問題,325,252,16,18,16,18,ok,
full,1,long_period_manual,long_period_manual_p003,core,cross,20,joint_count,30,10,xianzheng,憲政,xianfa,憲法,0,0,0,0.0186508263979,0.0526315789474,0.0284550806917,2,實行; 恢復,1299,4495,57,196,20,20,ok,
full,1,long_period_manual,long_period_manual_p003,core,cross,20,joint_count,30,10,xianzheng,憲政,zhixian,制憲,0,0,0,0,0,0,0,,1299,252,57,18,20,18,ok,
full,1,long_period_manual,long_period_manual_p003,core,intra,20,joint_count,30,10,xianfa,憲法,zhixian,制憲,0,0,0,0.039336201598,0.0555555555556,0.053899339493,2,問題; 省,4495,252,196,18,20,18,ok,
full,1,long_period_manual,long_period_manual_p003,core,intra,50,joint_count,30,10,lixian,立憲,xianzheng,憲政,0,0,0,0.0359664003502,0.118644067797,0.0519287340206,7,擁護; 破壞; 問題; 國; 國家; 日本; 政治,325,1299,16,57,16,50,ok,
full,1,long_period_manual,long_period_manual_p003,core,cross,50,joint_count,30,10,lixian,立憲,xianfa,憲法,0,0,0,0.0269086538264,0.0645161290323,0.0256483167569,4,問題; 國; 國家; 擁護,325,4495,16,196,16,50,ok,
full,1,long_period_manual,long_period_manual_p003,core,cross,50,joint_count,30,10,lixian,立憲,zhixian,制憲,0,0,0,0.00931677018634,0.030303030303,0.00508157654403,1,問題,325,252,16,18,16,18,ok,
full,1,long_period_manual,long_period_manual_p003,core,cross,50,joint_count,30,10,xianzheng,憲政,xianfa,憲法,0,0,0,0.0513345440962,0.123595505618,0.0830997976393,11,實行; 恢復; 問題; 實施; 國; 施行; 改革; 國家; 擁護; 完成; 反對,1299,4495,57,196,50,50,ok,
full,1,long_period_manual,long_period_manual_p003,core,cross,50,joint_count,30,10,xianzheng,憲政,zhixian,制憲,0,0,0,0.0194908512331,0.0625,0.0188758089973,4,籌備; 問題; 進行; 運動,1299,252,57,18,50,18,ok,
full,1,long_period_manual,long_period_manual_p003,core,intra,50,joint_count,30,10,xianfa,憲法,zhixian,制憲,0,0,0,0.0388415211801,0.0461538461538,0.0562849964509,3,問題; 省; 國會,4495,252,196,18,50,18,ok,
full,1,long_period_manual,long_period_manual_p003,core,intra,100,joint_count,30,10,lixian,立憲,xianzheng,憲政,0,0,0,0.0354646806413,0.106060606061,0.0518745443234,7,擁護; 破壞; 問題; 國; 國家; 日本; 政治,325,1299,16,57,16,57,ok,
full,1,long_period_manual,long_period_manual_p003,core,cross,100,joint_count,30,10,lixian,立憲,xianfa,憲法,0,0,0,0.0293315091544,0.0545454545455,0.0483570797243,6,問題; 國; 國家; 擁護; 破壞; 政治,325,4495,16,196,16,100,ok,
full,1,long_period_manual,long_period_manual_p003,core,cross,100,joint_count,30,10,lixian,立憲,zhixian,制憲,0,0,0,0.00931677018634,0.030303030303,0.00508157654403,1,問題,325,252,16,18,16,18,ok,
full,1,long_period_manual,long_period_manual_p003,core,cross,100,joint_count,30,10,xianzheng,憲政,xianfa,憲法,0,0,0,0.0548027503253,0.105633802817,0.0874792590529,15,實行; 恢復; 問題; 實施; 國; 施行; 改革; 國家; 擁護; 完成; 反對; 破壞; 省; 政治; 推行,1299,4495,57,196,57,100,ok,
full,1,long_period_manual,long_period_manual_p003,core,cross,100,joint_count,30,10,xianzheng,憲政,zhixian,制憲,0,0,0,0.0232374950768,0.0869565217391,0.0248316395824,6,籌備; 問題; 進行; 運動; 機關; 省,1299,252,57,18,57,18,ok,
full,1,long_period_manual,long_period_manual_p003,core,intra,100,joint_count,30,10,xianfa,憲法,zhixian,制憲,0,0,0,0.0374922408442,0.0350877192982,0.0599389952212,4,問題; 省; 國會; 自治,4495,252,196,18,100,18,ok,
full,1,long_period_manual,long_period_manual_p003,core,intra,0,joint_count,30,10,lixian,立憲,xianzheng,憲政,0,0,0,0.0354646806413,0.106060606061,0.0518745443234,7,擁護; 破壞; 問題; 國; 國家; 日本; 政治,325,1299,16,57,16,57,ok,
full,1,long_period_manual,long_period_manual_p003,core,cross,0,joint_count,30,10,lixian,立憲,xianfa,憲法,0,0,0,0.0300346723402,0.0443349753695,0.0518771672613,9,問題; 國; 國家; 擁護; 破壞; 政治; 紀念日; 政府; 民主,325,4495,16,196,16,196,ok,
full,1,long_period_manual,long_period_manual_p003,core,cross,0,joint_count,30,10,lixian,立憲,zhixian,制憲,0,0,0,0.00931677018634,0.030303030303,0.00508157654403,1,問題,325,252,16,18,16,18,ok,
full,1,long_period_manual,long_period_manual_p003,core,cross,0,joint_count,30,10,xianzheng,憲政,xianfa,憲法,0,0,0,0.0575464906204,0.10480349345,0.0897909325959,24,實行; 恢復; 問題; 實施; 國; 施行; 改革; 國家; 擁護; 完成; 反對; 破壞; 省; 政治; 推行; 論; 主張; 改革案; 人; 制度,1299,4495,57,196,57,196,ok,
full,1,long_period_manual,long_period_manual_p003,core,cross,0,joint_count,30,10,xianzheng,憲政,zhixian,制憲,0,0,0,0.0232374950768,0.0869565217391,0.0248316395824,6,籌備; 問題; 進行; 運動; 機關; 省,1299,252,57,18,57,18,ok,
full,1,long_period_manual,long_period_manual_p003,core,intra,0,joint_count,30,10,xianfa,憲法,zhixian,制憲,0,0,0,0.0385859519409,0.0439024390244,0.0647169766803,9,問題; 省; 國會; 自治; 委員; 湘省; 機關; 程序; 運動,4495,252,196,18,196,18,ok,
full,20,long_period_manual,long_period_manual_p003,core,intra,20,joint_count,30,10,lixian,立憲,xianzheng,憲政,0.00455542068175,0.0125673249551,0.00165125495376,0.189546914996,0.333333333333,0.449100242736,10,黨; 政府; 國; 人民; 政治; 革命; 人; 內閣; 國民; 國家,2785,21196,126,611,20,20,ok,
full,20,long_period_manual,long_period_manual_p003,core,cross,20,joint_count,30,10,lixian,立憲,xianfa,憲法,0.00368190119776,0.0233393177738,0.000580839447041,0.115829803169,0.25,0.349940430578,8,政府; 問題; 人; 國; 人民; 國家; 組織; 主張,2785,111907,126,2316,20,20,ok,
full,20,long_period_manual,long_period_manual_p003,core,cross,20,joint_count,30,10,lixian,立憲,zhixian,制憲,0,0,0,0.13515957011,0.176470588235,0.21717337907,6,人; 國民; 問題; 主張; 國; 人民,2785,4493,126,189,20,20,ok,
full,20,long_period_manual,long_period_manual_p003,core,cross,20,joint_count,30,10,xianzheng,憲政,xianfa,憲法,0.00556434063793,0.0127854312134,0.00242165369459,0.128682803335,0.142857142857,0.249843813195,5,政府; 人; 國; 人民; 國家,21196,111907,611,2316,20,20,ok,
full,20,long_period_manual,long_period_manual_p003,core,cross,20,joint_count,30,10,xianzheng,憲政,zhixian,制憲,0.00235685395211,0.00108511039819,0.00511907411529,0.07870008233,0.111111111111,0.174115488252,4,國; 人民; 人; 國民,21196,4493,611,189,20,20,ok,
full,20,long_period_manual,long_period_manual_p003,core,intra,20,joint_count,30,10,xianfa,憲法,zhixian,制憲,0.00762604343337,0.00152805454529,0.038059203205,0.224646984854,0.379310344828,0.551579114264,11,規定; 國會; 問題; 人; 國; 省; 人民; 議員; 選舉; 制定; 主張,111907,4493,2316,189,20,20,ok,
full,20,long_period_manual,long_period_manual_p003,core,intra,50,joint_count,30,10,lixian,立憲,xianzheng,憲政,0.00455542068175,0.0125673249551,0.00165125495376,0.197244136479,0.298701298701,0.485283273772,23,黨; 政府; 國; 人民; 政治; 革命; 人; 內閣; 國民; 國家; 主張; 實行; 組織; 兩; 不能; 問題; 基礎; 中國; 擁護; 政友會,2785,21196,126,611,50,50,ok,
full,20,long_period_manual,long_period_manual_p003,core,cross,50,joint_count,30,10,lixian,立憲,xianfa,憲法,0.00368190119776,0.0233393177738,0.000580839447041,0.163529974953,0.298701298701,0.484135921363,23,政府; 國會; 新; 問題; 人; 國; 人民; 議員; 國家; 法律; 組織; 不能; 主張; 兩; 國民; 決定; 實行; 政治; 反對; 成立,2785,111907,126,2316,50,50,ok,
full,20,long_period_manual,long_period_manual_p003,core,cross,50,joint_count,30,10,lixian,立憲,zhixian,制憲,0,0,0,0.163828553528,0.190476190476,0.298053957089,16,人; 國民; 問題; 主張; 國; 人民; 國會; 不能; 政府; 議員; 兩; 國家; 成立; 組織; 實行; 運動,2785,4493,126,189,50,50,ok,
full,20,long_period_manual,long_period_manual_p003,core,cross,50,joint_count,30,10,xianzheng,憲政,xianfa,憲法,0.00556434063793,0.0127854312134,0.00242165369459,0.216847223814,0.282051282051,0.411658885841,22,政府; 人; 國; 人民; 國家; 問題; 省; 規定; 選舉; 組織; 不能; 主張; 兩; 國民; 代表; 國民大會; 實行; 政治; 總理; 中央,21196,111907,611,2316,50,50,ok,
full,20,long_period_manual,long_period_manual_p003,core,cross,50,joint_count,30,10,xianzheng,憲政,zhixian,制憲,0.00235685395211,0.00108511039819,0.00511907411529,0.161420440536,0.234567901235,0.34514528144,19,國; 人民; 政府; 人; 國民; 國家; 主張; 實行; 組織; 兩; 國民大會; 不能; 問題; 省; 自治; 規定; 代表; 選舉; 運動,21196,4493,611,189,50,50,ok,
full,20,long_period_manual,long_period_manual_p003,core,intra,50,joint_count,30,10,xianfa,憲法,zhixian,制憲,0.00762604343337,0.00152805454529,0.038059203205,0.263722336112,0.428571428571,0.666062573137,30,規定; 國會; 政府; 問題; 人; 國; 省; 人民; 議員; 國家; 選舉; 制定; 通過; 組織; 不能; 主張; 兩; 國民; 代表; 討論,111907,4493,2316,189,50,50,ok,
full,20,long_period_manual,long_period_manual_p003,core,intra,100,joint_count,30,10,lixian,立憲,xianzheng,憲政,0.00455542068175,0.0125673249551,0.00165125495376,0.244449394037,0.360544217687,0.538796476837,53,黨; 政府; 國; 人民; 政治; 革命; 人; 內閣; 國民; 國家; 主張; 實行; 組織; 派; 兩; 不能; 問題; 省; 自治; 基礎,2785,21196,126,611,100,100,ok,
full,20,long_period_manual,long_period_manual_p003,core,cross,100,joint_count,30,10,lixian,立憲,xianfa,憲法,0.00368190119776,0.0233393177738,0.000580839447041,0.180024663414,0.298701298701,0.510581035804,46,政府; 國會; 新; 問題; 人; 國; 人民; 議員; 國家; 法律; 省; 組織; 不能; 主張; 兩; 國民; 提出; 機關; 決定; 實行,2785,111907,126,2316,100,100,ok,
full,20,long_period_manual,long_period_manual_p003,core,cross,100,joint_count,30,10,lixian,立憲,zhixian,制憲,0,0,0,0.171336942386,0.204819277108,0.343586228638,34,人; 國民; 問題; 主張; 國; 人民; 國會; 不能; 政府; 議員; 兩; 國家; 成立; 組織; 實行; 運動; 權; 省; 自治; 法,2785,4493,126,189,100,100,ok,
full,20,long_period_manual,long_period_manual_p003,core,cross,100,joint_count,30,10,xianzheng,憲政,xianfa,憲法,0.00556434063793,0.0127854312134,0.00242165369459,0.270199747461,0.351351351351,0.50510372279,52,政府; 人; 國; 人民; 國家; 問題; 省; 規定; 選舉; 組織; 不能; 主張; 新; 兩; 國民; 代表; 國民大會; 機關; 決定; 實行,21196,111907,611,2316,100,100,ok,
full,20,long_period_manual,long_period_manual_p003,core,cross,100,joint_count,30,10,xianzheng,憲政,zhixian,制憲,0.00235685395211,0.00108511039819,0.00511907411529,0.197096327377,0.282051282051,0.402914393532,44,國; 人民; 政府; 人; 國民; 國家; 主張; 實行; 組織; 兩; 國民大會; 不能; 問題; 省; 自治; 規定; 代表; 選舉; 運動; 施行,21196,4493,611,189,100,100,ok,
full,20,long_period_manual,long_period_manual_p003,core,intra,100,joint_count,30,10,xianfa,憲法,zhixian,制憲,0.00762604343337,0.00152805454529,0.038059203205,0.278424061149,0.428571428571,0.694789484883,60,規定; 國會; 政府; 問題; 人; 國; 省; 人民; 議員; 國家; 選舉; 修改; 制定; 通過; 組織; 不能; 主張; 兩; 國民; 代表,111907,4493,2316,189,100,100,ok,
full,20,long_period_manual,long_period_manual_p003,core,intra,0,joint_count,30,10,lixian,立憲,xianzheng,憲政,0.00455542068175,0.0125673249551,0.00165125495376,0.235625466975,0.182552504039,0.550062266548,113,黨; 政府; 國; 人民; 政治; 革命; 人; 內閣; 國民; 國家; 主張; 實行; 組織; 派; 兩; 不能; 問題; 省; 自治; 基礎,2785,21196,126,611,124,608,ok,
full,20,long_period_manual,long_period_manual_p003,core,cross,0,joint_count,30,10,lixian,立憲,xianfa,憲法,0.00368190119776,0.0233393177738,0.000580839447041,0.152581766983,0.0513373597929,0.52260978092,119,政府; 國會; 新; 問題; 人; 國; 人民; 議員; 國家; 法律; 省; 組織; 不能; 主張; 兩; 國民; 提出; 機關; 決定; 實行,2785,111907,126,2316,124,2313,ok,
full,20,long_period_manual,long_period_manual_p003,core,cross,0,joint_count,30,10,lixian,立憲,zhixian,制憲,0,0,0,0.184931285687,0.219607843137,0.367055541948,56,人; 國民; 問題; 主張; 國; 人民; 國會; 不能; 政府; 議員; 兩; 國家; 成立; 組織; 實行; 運動; 權; 省; 自治; 法,2785,4493,126,189,124,187,ok,
full,20,long_period_manual,long_period_manual_p003,core,cross,0,joint_count,30,10,xianzheng,憲政,xianfa,憲法,0.00556434063793,0.0127854312134,0.00242165369459,0.312998592714,0.221153846154,0.614243574497,529,政府; 人; 國; 人民; 國家; 問題; 省; 規定; 選舉; 組織; 不能; 主張; 新; 兩; 國民; 代表; 國民大會; 機關; 決定; 實行,21196,111907,611,2316,608,2313,ok,
full,20,long_period_manual,long_period_manual_p003,core,cross,0,joint_count,30,10,xianzheng,憲政,zhixian,制憲,0.00235685395211,0.00108511039819,0.00511907411529,0.212499102646,0.195488721805,0.446245581011,130,國; 人民; 政府; 人; 國民; 國家; 主張; 實行; 組織; 兩; 國民大會; 不能; 問題; 省; 自治; 規定; 代表; 選舉; 運動; 施行,21196,4493,611,189,608,187,ok,
full,20,long_period_manual,long_period_manual_p003,core,intra,0,joint_count,30,10,xianfa,憲法,zhixian,制憲,0.00762604343337,0.00152805454529,0.038059203205,0.229209697978,0.0771219302025,0.704488213023,179,規定; 國會; 政府; 問題; 人; 國; 省; 人民; 議員; 國家; 選舉; 修改; 制定; 通過; 組織; 不能; 主張; 兩; 國民; 代表,111907,4493,2316,189,2313,187,ok,
full,5,long_period_manual,long_period_manual_p003,core,intra,20,joint_count,30,10,lixian,立憲,xianzheng,憲政,0,0,0,0.0433489216628,0.111111111111,0.149344583782,4,政府; 國; 政治; 主張,549,4487,31,153,20,20,ok,
full,5,long_period_manual,long_period_manual_p003,core,cross,20,joint_count,30,10,lixian,立憲,xianfa,憲法,0,0,0,0.0447456964932,0.111111111111,0.138218225791,4,問題; 政府; 國; 國家,549,23582,31,707,20,20,ok,
full,5,long_period_manual,long_period_manual_p003,core,cross,20,joint_count,30,10,lixian,立憲,zhixian,制憲,0,0,0,0.0420754704754,0.0810810810811,0.0383221543034,3,主張; 問題; 國民,549,787,31,51,20,20,ok,
full,5,long_period_manual,long_period_manual_p003,core,cross,20,joint_count,30,10,xianzheng,憲政,xianfa,憲法,0.00612452197396,0.0140405616225,0.00267152913239,0.0385510635345,0.0526315789474,0.0505291268369,2,政府; 國,4487,23582,153,707,20,20,ok,
full,5,long_period_manual,long_period_manual_p003,core,cross,20,joint_count,30,10,xianzheng,憲政,zhixian,制憲,0,0,0,0.0109216350534,0.025641025641,0.0152991335494,1,主張,4487,787,153,51,20,20,ok,
full,5,long_period_manual,long_period_manual_p003,core,intra,20,joint_count,30,10,xianfa,憲法,zhixian,制憲,0.00649950597964,0.00118734628106,0.0355781448539,0.101019380111,0.176470588235,0.30167427306,6,規定; 國會; 問題; 省; 公布; 人,23582,787,707,51,20,20,ok,
full,5,long_period_manual,long_period_manual_p003,core,intra,50,joint_count,30,10,lixian,立憲,xianzheng,憲政,0,0,0,0.107974848497,0.227272727273,0.209466885262,15,政府; 國; 政治; 實行; 擁護; 革命; 主張; 國家; 內閣; 人民; 人; 問題; 國民; 日本; 不能,549,4487,31,153,31,50,ok,
full,5,long_period_manual,long_period_manual_p003,core,cross,50,joint_count,30,10,lixian,立憲,xianfa,憲法,0,0,0,0.0697545371458,0.157142857143,0.212465780768,11,問題; 政府; 國; 人民; 人; 國家; 實行; 主張; 不能; 政治; 國民,549,23582,31,707,31,50,ok,
full,5,long_period_manual,long_period_manual_p003,core,cross,50,joint_count,30,10,lixian,立憲,zhixian,制憲,0,0,0,0.0679307719892,0.125,0.089689794491,9,主張; 問題; 國民; 人; 國; 不能; 國家; 人民; 政府,549,787,31,51,31,50,ok,
full,5,long_period_manual,long_period_manual_p003,core,cross,50,joint_count,30,10,xianzheng,憲政,xianfa,憲法,0.00612452197396,0.0140405616225,0.00267152913239,0.141749934469,0.25,0.195982013572,20,政府; 國; 人民; 省; 問題; 國民大會; 人; 國家; 新; 實行; 主張; 不能; 施行; 組織; 恢復; 政治; 國民; 中國; 制度; 實施,4487,23582,153,707,50,50,ok,
full,5,long_period_manual,long_period_manual_p003,core,cross,50,joint_count,30,10,xianzheng,憲政,zhixian,制憲,0,0,0,0.0810641455158,0.162790697674,0.13582243757,14,國; 主張; 國家; 人; 人民; 政府; 省; 問題; 自治; 國民; 不能; 兩; 國民大會; 進行,4487,787,153,51,50,50,ok,
full,5,long_period_manual,long_period_manual_p003,core,intra,50,joint_count,30,10,xianfa,憲法,zhixian,制憲,0.00649950597964,0.00118734628106,0.0355781448539,0.184160153965,0.315789473684,0.421175793562,24,規定; 國會; 問題; 國; 省; 修改; 制定; 公布; 修正; 人民; 政府; 起草; 國民大會; 人; 國家; 議員; 討論; 約法; 選舉; 主張,23582,787,707,51,50,50,ok,
full,5,long_period_manual,long_period_manual_p003,core,intra,100,joint_count,30,10,lixian,立憲,xianzheng,憲政,0,0,0,0.108126896305,0.18018018018,0.213757664242,20,政府; 國; 政治; 實行; 擁護; 革命; 主張; 國家; 內閣; 人民; 人; 問題; 國民; 日本; 不能; 政黨; 東京; 要求; 本義; 發達,549,4487,31,153,31,100,ok,
full,5,long_period_manual,long_period_manual_p003,core,cross,100,joint_count,30,10,lixian,立憲,xianfa,憲法,0,0,0,0.0715024375831,0.129310344828,0.214809921703,15,問題; 政府; 國; 人民; 人; 國家; 實行; 主張; 不能; 政治; 國民; 議會; 內閣; 宣布; 精神,549,23582,31,707,31,100,ok,
full,5,long_period_manual,long_period_manual_p003,core,cross,100,joint_count,30,10,lixian,立憲,zhixian,制憲,0,0,0,0.0679307719892,0.125,0.089689794491,9,主張; 問題; 國民; 人; 國; 不能; 國家; 人民; 政府,549,787,31,51,31,50,ok,
full,5,long_period_manual,long_period_manual_p003,core,cross,100,joint_count,30,10,xianzheng,憲政,xianfa,憲法,0.00612452197396,0.0140405616225,0.00267152913239,0.163234455403,0.25,0.247602825519,40,政府; 國; 人民; 省; 問題; 國民大會; 人; 國家; 新; 實行; 主張; 不能; 施行; 組織; 恢復; 政治; 成立; 國會; 國民; 中國,4487,23582,153,707,100,100,ok,
full,5,long_period_manual,long_period_manual_p003,core,cross,100,joint_count,30,10,xianzheng,憲政,zhixian,制憲,0,0,0,0.0933787318296,0.171875,0.160298665847,22,國; 主張; 國家; 人; 人民; 政府; 省; 問題; 自治; 國民; 不能; 兩; 國民大會; 進行; 機關; 成立; 運動; 國會; 選舉; 程序,4487,787,153,51,100,50,ok,
full,5,long_period_manual,long_period_manual_p003,core,intra,100,joint_count,30,10,xianfa,憲法,zhixian,制憲,0.00649950597964,0.00118734628106,0.0355781448539,0.184473942538,0.260504201681,0.44111851313,31,規定; 國會; 問題; 國; 省; 修改; 制定; 公布; 修正; 人民; 政府; 起草; 國民大會; 人; 國家; 議員; 討論; 約法; 選舉; 主張,23582,787,707,51,100,50,ok,
full,5,long_period_manual,long_period_manual_p003,core,intra,0,joint_count,30,10,lixian,立憲,xianzheng,憲政,0,0,0,0.105915530528,0.14375,0.216746691306,23,政府; 國; 政治; 實行; 擁護; 革命; 主張; 國家; 內閣; 人民; 人; 問題; 國民; 日本; 不能; 政黨; 東京; 要求; 本義; 發達,549,4487,31,153,31,152,ok,
full,5,long_period_manual,long_period_manual_p003,core,cross,0,joint_count,30,10,lixian,立憲,xianfa,憲法,0,0,0,0.0616134052006,0.0351617440225,0.21750846705,25,問題; 政府; 國; 人民; 人; 國家; 實行; 主張; 不能; 政治; 國民; 議會; 內閣; 宣布; 精神; 要求; 革命; 擁護; 共和; 日本,549,23582,31,707,31,705,ok,
full,5,long_period_manual,long_period_manual_p003,core,cross,0,joint_count,30,10,lixian,立憲,zhixian,制憲,0,0,0,0.0679307719892,0.125,0.089689794491,9,主張; 問題; 國民; 人; 國; 不能; 國家; 人民; 政府,549,787,31,51,31,50,ok,
full,5,long_period_manual,long_period_manual_p003,core,cross,0,joint_count,30,10,xianzheng,憲政,xianfa,憲法,0.00612452197396,0.0140405616225,0.00267152913239,0.172284661487,0.154986522911,0.302891468415,115,政府; 國; 人民; 省; 問題; 國民大會; 人; 國家; 新; 實行; 主張; 不能; 施行; 組織; 恢復; 政治; 成立; 國會; 國民; 中國,4487,23582,153,707,152,705,ok,
full,5,long_period_manual,long_period_manual_p003,core,cross,0,joint_count,30,10,xianzheng,憲政,zhixian,制憲,0,0,0,0.0940683354972,0.154285714286,0.164762113581,27,國; 主張; 國家; 人; 人民; 政府; 省; 問題; 自治; 國民; 不能; 兩; 國民大會; 進行; 機關; 成立; 運動; 國會; 選舉; 程序,4487,787,153,51,152,50,ok,
full,5,long_period_manual,long_period_manual_p003,core,intra,0,joint_count,30,10,xianfa,憲法,zhixian,制憲,0.00649950597964,0.00118734628106,0.0355781448539,0.144557902946,0.0618846694796,0.43673623261,44,規定; 國會; 問題; 國; 省; 修改; 制定; 公布; 修正; 人民; 政府; 起草; 國民大會; 人; 國家; 議員; 討論; 約法; 選舉; 主張,23582,787,707,51,705,50,ok,
regex-only,10,long_period_manual,long_period_manual_p003,core,intra,20,joint_count,30,10,lixian,立憲,xianzheng,憲政,0.00469356738724,0.0134069400631,0.00164314710999,0.112266516458,0.212121212121,0.292049093464,7,政府; 黨; 政治; 內閣; 國; 人民; 人,1268,10346,60,319,20,20,ok,
regex-only,10,long_period_manual,long_period_manual_p003,core,cross,20,joint_count,30,10,lixian,立憲,xianfa,憲法,0.0039611789599,0.0299684542587,0.000523581851,0.0586385170289,0.142857142857,0.186314593656,5,政府; 問題; 國; 人; 人民,1268,72577,60,1513,20,20,ok,
regex-only,10,long_period_manual,long_period_manual_p003,core,cross,20,joint_count,30,10,lixian,立憲,zhixian,制憲,0,0,0,0.086673638381,0.142857142857,0.105453233235,5,問題; 主張; 人; 人民; 國,1268,2129,60,100,20,20,ok,
regex-only,10,long_period_manual,long_period_manual_p003,core,cross,20,joint_count,30,10,xianzheng,憲政,xianfa,憲法,0.00591192983787,0.0156582254011,0.00223211210163,0.0752421644186,0.111111111111,0.13125657398,4,政府; 國; 人; 人民,10346,72577,319,1513,20,20,ok,
regex-only,10,long_period_manual,long_period_manual_p003,core,cross,20,joint_count,30,10,xianzheng,憲政,zhixian,制憲,0,0,0,0.0798614836539,0.142857142857,0.136277544434,5,國; 自治; 國民; 人民; 人,10346,2129,319,100,20,20,ok,
regex-only,10,long_period_manual,long_period_manual_p003,core,intra,20,joint_count,30,10,xianfa,憲法,zhixian,制憲,0.00852743717158,0.00146051779489,0.0497886331611,0.195983333445,0.379310344828,0.525613863283,11,規定; 會議; 國會; 問題; 省; 國; 起草; 人; 人民; 代表; 議員,72577,2129,1513,100,20,20,ok,
regex-only,10,long_period_manual,long_period_manual_p003,core,intra,50,joint_count,30,10,lixian,立憲,xianzheng,憲政,0.00469356738724,0.0134069400631,0.00164314710999,0.178223386766,0.315789473684,0.374796758692,24,政府; 黨; 政治; 內閣; 國; 國民; 人民; 革命; 人; 主張; 國家; 自治; 省; 組織; 問題; 政黨; 日本; 不能; 新; 中國,1268,10346,60,319,50,50,ok,
regex-only,10,long_period_manual,long_period_manual_p003,core,cross,50,joint_count,30,10,lixian,立憲,xianfa,憲法,0.0039611789599,0.0299684542587,0.000523581851,0.117960187521,0.234567901235,0.328623635713,19,政府; 新; 國會; 問題; 省; 國; 人; 人民; 議員; 國民; 國家; 組織; 兩; 主張; 政治; 不能; 中國; 自治; 實行,1268,72577,60,1513,50,50,ok,
regex-only,10,long_period_manual,long_period_manual_p003,core,cross,50,joint_count,30,10,lixian,立憲,zhixian,制憲,0,0,0,0.129166292235,0.190476190476,0.209529555786,16,問題; 主張; 人; 國民; 人民; 國; 國會; 政府; 不能; 省; 自治; 議員; 組織; 運動; 兩; 實行,1268,2129,60,100,50,50,ok,
regex-only,10,long_period_manual,long_period_manual_p003,core,cross,50,joint_count,30,10,xianzheng,憲政,xianfa,憲法,0.00591192983787,0.0156582254011,0.00223211210163,0.177412217518,0.282051282051,0.284262180586,22,政府; 國; 人; 人民; 省; 問題; 代表; 國民大會; 新; 選舉; 國民; 會議; 國家; 組織; 兩; 主張; 政治; 不能; 中國; 中央,10346,72577,319,1513,50,50,ok,
regex-only,10,long_period_manual,long_period_manual_p003,core,cross,50,joint_count,30,10,xianzheng,憲政,zhixian,制憲,0,0,0,0.133181984873,0.219512195122,0.25747638592,18,國; 政府; 自治; 國民; 人民; 人; 主張; 實行; 省; 組織; 兩; 問題; 國民大會; 代表; 不能; 選舉; 成立; 會議,10346,2129,319,100,50,50,ok,
regex-only,10,long_period_manual,long_period_manual_p003,core,intra,50,joint_count,30,10,xianfa,憲法,zhixian,制憲,0.00852743717158,0.00146051779489,0.0497886331611,0.245212493092,0.428571428571,0.643658074238,30,規定; 會議; 政府; 國會; 問題; 省; 委員會; 國; 草案; 起草; 人; 人民; 代表; 選舉; 議員; 國民大會; 制定; 修正; 國民; 討論,72577,2129,1513,100,50,50,ok,
regex-only,10,long_period_manual,long_period_manual_p003,core,intra,100,joint_count,30,10,lixian,立憲,xianzheng,憲政,0.00469356738724,0.0134069400631,0.00164314710999,0.193753616878,0.305785123967,0.388527451491,37,政府; 黨; 政治; 內閣; 國; 國民; 人民; 革命; 人; 主張; 國家; 自治; 省; 組織; 問題; 政黨; 日本; 不能; 新; 中國,1268,10346,60,319,58,100,ok,
regex-only,10,long_period_manual,long_period_manual_p003,core,cross,100,joint_count,30,10,lixian,立憲,xianfa,憲法,0.0039611789599,0.0299684542587,0.000523581851,0.1234114182,0.215384615385,0.339013271886,28,政府; 新; 國會; 問題; 省; 國; 人; 人民; 議員; 國民; 國家; 組織; 兩; 主張; 政治; 不能; 決定; 中國; 自治; 實行,1268,72577,60,1513,58,100,ok,
regex-only,10,long_period_manual,long_period_manual_p003,core,cross,100,joint_count,30,10,lixian,立憲,zhixian,制憲,0,0,0,0.122045080673,0.14598540146,0.216858949916,20,問題; 主張; 人; 國民; 人民; 國; 國會; 政府; 不能; 省; 自治; 議員; 組織; 運動; 兩; 實行; 成立; 國家; 一致; 要求,1268,2129,60,100,58,99,ok,
regex-only,10,long_period_manual,long_period_manual_p003,core,cross,100,joint_count,30,10,xianzheng,憲政,xianfa,憲法,0.00591192983787,0.0156582254011,0.00223211210163,0.231964217966,0.360544217687,0.396046206873,53,政府; 國; 人; 人民; 省; 問題; 代表; 國民大會; 新; 選舉; 國民; 會議; 國家; 組織; 規定; 兩; 大會; 主張; 政治; 不能,10346,72577,319,1513,100,100,ok,
regex-only,10,long_period_manual,long_period_manual_p003,core,cross,100,joint_count,30,10,xianzheng,憲政,zhixian,制憲,0,0,0,0.167508877057,0.267515923567,0.308224177479,42,國; 政府; 自治; 國民; 人民; 人; 主張; 實行; 省; 組織; 兩; 問題; 國民大會; 代表; 不能; 選舉; 成立; 會議; 運動; 規定,10346,2129,319,100,100,99,ok,
regex-only,10,long_period_manual,long_period_manual_p003,core,intra,100,joint_count,30,10,xianfa,憲法,zhixian,制憲,0.00852743717158,0.00146051779489,0.0497886331611,0.256316849372,0.381944444444,0.658861510523,55,規定; 會議; 政府; 國會; 問題; 省; 委員會; 國; 草案; 起草; 人; 人民; 代表; 選舉; 議員; 國民大會; 制定; 修正; 國民; 討論,72577,2129,1513,100,100,99,ok,
regex-only,10,long_period_manual,long_period_manual_p003,core,intra,0,joint_count,30,10,lixian,立憲,xianzheng,憲政,0.00469356738724,0.0134069400631,0.00164314710999,0.17969426335,0.153846153846,0.392616712023,50,政府; 黨; 政治; 內閣; 國; 國民; 人民; 革命; 人; 主張; 國家; 自治; 省; 組織; 問題; 政黨; 日本; 不能; 新; 中國,1268,10346,60,319,58,317,ok,
regex-only,10,long_period_manual,long_period_manual_p003,core,cross,0,joint_count,30,10,lixian,立憲,xianfa,憲法,0.0039611789599,0.0299684542587,0.000523581851,0.0983101202981,0.0336189848385,0.34337437011,51,政府; 新; 國會; 問題; 省; 國; 人; 人民; 議員; 國民; 國家; 組織; 兩; 主張; 政治; 不能; 決定; 中國; 自治; 實行,1268,72577,60,1513,58,1510,ok,
regex-only,10,long_period_manual,long_period_manual_p003,core,cross,0,joint_count,30,10,lixian,立憲,zhixian,制憲,0,0,0,0.122045080673,0.14598540146,0.216858949916,20,問題; 主張; 人; 國民; 人民; 國; 國會; 政府; 不能; 省; 自治; 議員; 組織; 運動; 兩; 實行; 成立; 國家; 一致; 要求,1268,2129,60,100,58,99,ok,
regex-only,10,long_period_manual,long_period_manual_p003,core,cross,0,joint_count,30,10,xianzheng,憲政,xianfa,憲法,0.00591192983787,0.0156582254011,0.00223211210163,0.243780164109,0.166666666667,0.462854808984,261,政府; 國; 人; 人民; 省; 問題; 代表; 國民大會; 新; 選舉; 國民; 會議; 國家; 組織; 規定; 兩; 大會; 主張; 政治; 不能,10346,72577,319,1513,317,1510,ok,
regex-only,10,long_period_manual,long_period_manual_p003,core,cross,0,joint_count,30,10,xianzheng,憲政,zhixian,制憲,0,0,0,0.162141460718,0.181818181818,0.317030681646,64,國; 政府; 自治; 國民; 人民; 人; 主張; 實行; 省; 組織; 兩; 問題; 國民大會; 代表; 不能; 選舉; 成立; 會議; 運動; 規定,10346,2129,319,100,317,99,ok,
regex-only,10,long_period_manual,long_period_manual_p003,core,intra,0,joint_count,30,10,xianfa,憲法,zhixian,制憲,0.00852743717158,0.00146051779489,0.0497886331611,0.197021523489,0.0620462046205,0.645626981705,94,規定; 會議; 政府; 國會; 問題; 省; 委員會; 國; 草案; 起草; 人; 人民; 代表; 選舉; 議員; 國民大會; 制定; 修正; 國民; 討論,72577,2129,1513,100,1510,99,ok,
regex-only,1,long_period_manual,long_period_manual_p003,core,intra,20,joint_count,30,10,lixian,立憲,xianzheng,憲政,0,0,0,0.0107480099262,0.0285714285714,0.0100385009802,1,擁護,325,1334,16,60,16,20,ok,
regex-only,1,long_period_manual,long_period_manual_p003,core,cross,20,joint_count,30,10,lixian,立憲,xianfa,憲法,0,0,0,0.0215486834,0.0588235294118,0.0101388087705,2,問題; 國,325,7433,16,262,16,20,ok,
regex-only,1,long_period_manual,long_period_manual_p003,core,cross,20,joint_count,30,10,lixian,立憲,zhixian,制憲,0,0,0,0.00947948797868,0.0285714285714,0.00485249454272,1,問題,325,294,16,22,16,20,ok,
regex-only,1,long_period_manual,long_period_manual_p003,core,cross,20,joint_count,30,10,xianzheng,憲政,xianfa,憲法,0,0,0,0.0174563107562,0.0526315789474,0.0189311070474,2,印度; 實行,1334,7433,60,262,20,20,ok,
regex-only,1,long_period_manual,long_period_manual_p003,core,cross,20,joint_count,30,10,xianzheng,憲政,zhixian,制憲,0,0,0,0,0,0,0,,1334,294,60,22,20,20,ok,
regex-only,1,long_period_manual,long_period_manual_p003,core,intra,20,joint_count,30,10,xianfa,憲法,zhixian,制憲,0,0,0,0.0635159071936,0.111111111111,0.0949176883697,4,會議; 問題; 省; 委員會,7433,294,262,22,20,20,ok,
regex-only,1,long_period_manual,long_period_manual_p003,core,intra,50,joint_count,30,10,lixian,立憲,xianzheng,憲政,0,0,0,0.0383843470481,0.137931034483,0.056295311648,8,擁護; 破壞; 問題; 國; 國家; 日本; 政治; 政府,325,1334,16,60,16,50,ok,
regex-only,1,long_period_manual,long_period_manual_p003,core,cross,50,joint_count,30,10,lixian,立憲,xianfa,憲法,0,0,0,0.0220523558579,0.047619047619,0.0116118556902,3,問題; 國; 日本,325,7433,16,262,16,50,ok,
regex-only,1,long_period_manual,long_period_manual_p003,core,cross,50,joint_count,30,10,lixian,立憲,zhixian,制憲,0,0,0,0.00931677018634,0.027027027027,0.00483441379372,1,問題,325,294,16,22,16,22,ok,
regex-only,1,long_period_manual,long_period_manual_p003,core,cross,50,joint_count,30,10,xianzheng,憲政,xianfa,憲法,0,0,0,0.0407759591059,0.0989010989011,0.0501648143082,9,印度; 問題; 實行; 國; 恢復; 改革; 中國; 實施; 日本,1334,7433,60,262,50,50,ok,
regex-only,1,long_period_manual,long_period_manual_p003,core,cross,50,joint_count,30,10,xianzheng,憲政,zhixian,制憲,0,0,0,0.0191033138402,0.0588235294118,0.0176173530451,4,籌備; 問題; 進行; 運動,1334,294,60,22,50,22,ok,
regex-only,1,long_period_manual,long_period_manual_p003,core,intra,50,joint_count,30,10,xianfa,憲法,zhixian,制憲,0,0,0,0.0627556008129,0.0909090909091,0.100252944572,6,會議; 問題; 省; 委員會; 江蘇省; 國會,7433,294,262,22,50,22,ok,
regex-only,1,long_period_manual,long_period_manual_p003,core,intra,100,joint_count,30,10,lixian,立憲,xianzheng,憲政,0,0,0,0.0375782581226,0.117647058824,0.0562004149776,8,擁護; 破壞; 問題; 國; 國家; 日本; 政治; 政府,325,1334,16,60,16,60,ok,
regex-only,1,long_period_manual,long_period_manual_p003,core,cross,100,joint_count,30,10,lixian,立憲,xianfa,憲法,0,0,0,0.0294337548642,0.0740740740741,0.036095885317,8,問題; 國; 日本; 政府; 國家; 破壞; 擁護; 政治,325,7433,16,262,16,100,ok,
regex-only,1,long_period_manual,long_period_manual_p003,core,cross,100,joint_count,30,10,lixian,立憲,zhixian,制憲,0,0,0,0.00931677018634,0.027027027027,0.00483441379372,1,問題,325,294,16,22,16,22,ok,
regex-only,1,long_period_manual,long_period_manual_p003,core,cross,100,joint_count,30,10,xianzheng,憲政,xianfa,憲法,0,0,0,0.0555646272585,0.12676056338,0.0645615559825,18,印度; 問題; 實行; 國; 恢復; 改革; 中國; 實施; 日本; 施行; 反對; 完成; 省; 政府; 國家; 破壞; 擁護; 政治,1334,7433,60,262,60,100,ok,
regex-only,1,long_period_manual,long_period_manual_p003,core,cross,100,joint_count,30,10,xianzheng,憲政,zhixian,制憲,0,0,0,0.0226140283634,0.0789473684211,0.0235740641673,6,籌備; 問題; 進行; 運動; 機關; 省,1334,294,60,22,60,22,ok,
regex-only,1,long_period_manual,long_period_manual_p003,core,intra,100,joint_count,30,10,xianfa,憲法,zhixian,制憲,0,0,0,0.0591710465674,0.0608695652174,0.102374648959,7,會議; 問題; 省; 委員會; 江蘇省; 國會; 自治,7433,294,262,22,100,22,ok,
regex-only,1,long_period_manual,long_period_manual_p003,core,intra,0,joint_count,30,10,lixian,立憲,xianzheng,憲政,0,0,0,0.0375782581226,0.117647058824,0.0562004149776,8,擁護; 破壞; 問題; 國; 國家; 日本; 政治; 政府,325,1334,16,60,16,60,ok,
regex-only,1,long_period_manual,long_period_manual_p003,core,cross,0,joint_count,30,10,lixian,立憲,xianfa,憲法,0,0,0,0.0285913677054,0.0411985018727,0.0370286134662,11,問題; 國; 日本; 政府; 國家; 破壞; 擁護; 政治; 紀念日; 民主; 要求,325,7433,16,262,16,262,ok,
regex-only,1,long_period_manual,long_period_manual_p003,core,cross,0,joint_count,30,10,lixian,立憲,zhixian,制憲,0,0,0,0.00931677018634,0.027027027027,0.00483441379372,1,問題,325,294,16,22,16,22,ok,
regex-only,1,long_period_manual,long_period_manual_p003,core,cross,0,joint_count,30,10,xianzheng,憲政,xianfa,憲法,0,0,0,0.057607233473,0.102739726027,0.0671297987628,30,印度; 問題; 實行; 國; 恢復; 改革; 中國; 實施; 日本; 施行; 反對; 完成; 省; 政府; 國家; 破壞; 擁護; 政治; 英國; 主張,1334,7433,60,262,60,262,ok,
regex-only,1,long_period_manual,long_period_manual_p003,core,cross,0,joint_count,30,10,xianzheng,憲政,zhixian,制憲,0,0,0,0.0226140283634,0.0789473684211,0.0235740641673,6,籌備; 問題; 進行; 運動; 機關; 省,1334,294,60,22,60,22,ok,
regex-only,1,long_period_manual,long_period_manual_p003,core,intra,0,joint_count,30,10,xianfa,憲法,zhixian,制憲,0,0,0,0.057742585874,0.0557620817844,0.108342002248,15,會議; 問題; 省; 委員會; 江蘇省; 國會; 自治; 委員; 湘省; 參加; 機關; 研究會; 國民; 程序; 運動,7433,294,262,22,262,22,ok,
regex-only,20,long_period_manual,long_period_manual_p003,core,intra,20,joint_count,30,10,lixian,立憲,xianzheng,憲政,0.00458893578798,0.0125247198418,0.00168134153356,0.206304156249,0.333333333333,0.453156550078,10,政府; 黨; 政治; 內閣; 人民; 國; 國民; 革命; 人; 國家,3034,22601,132,603,20,20,ok,
regex-only,20,long_period_manual,long_period_manual_p003,core,cross,20,joint_count,30,10,lixian,立憲,xianfa,憲法,0.0033072636265,0.0234014502307,0.000467406617424,0.0998059907782,0.212121212121,0.301934534909,7,政府; 人; 問題; 國; 人民; 國民; 國家,3034,151902,132,2653,20,20,ok,
regex-only,20,long_period_manual,long_period_manual_p003,core,cross,20,joint_count,30,10,lixian,立憲,zhixian,制憲,0,0,0,0.146640861262,0.212121212121,0.245944616302,7,人; 國民; 問題; 主張; 國; 政府; 人民,3034,5240,132,200,20,20,ok,
regex-only,20,long_period_manual,long_period_manual_p003,core,cross,20,joint_count,30,10,xianzheng,憲政,xianfa,憲法,0.00556380661389,0.0144241405248,0.00214612052508,0.127444579694,0.176470588235,0.241299959738,6,政府; 人; 國; 人民; 國民; 國家,22601,151902,603,2653,20,20,ok,
regex-only,20,long_period_manual,long_period_manual_p003,core,cross,20,joint_count,30,10,xianzheng,憲政,zhixian,制憲,0.00211348108256,0.0010176540861,0.0043893129771,0.126621200577,0.176470588235,0.229041724603,6,政府; 人民; 國; 國民; 自治; 人,22601,5240,603,200,20,20,ok,
regex-only,20,long_period_manual,long_period_manual_p003,core,intra,20,joint_count,30,10,xianfa,憲法,zhixian,制憲,0.00825863992812,0.00153388368817,0.044465648855,0.326650788996,0.6,0.72247145053,15,政府; 規定; 會議; 國會; 人; 省; 問題; 國; 人民; 代表; 委員會; 議員; 選舉; 國民; 起草,151902,5240,2653,200,20,20,ok,
regex-only,20,long_period_manual,long_period_manual_p003,core,intra,50,joint_count,30,10,lixian,立憲,xianzheng,憲政,0.00458893578798,0.0125247198418,0.00168134153356,0.217146485942,0.315789473684,0.497913215006,24,政府; 黨; 政治; 內閣; 人民; 國; 國民; 革命; 人; 國家; 中國; 主張; 實行; 自治; 兩; 組織; 政黨; 不能; 問題; 擁護,3034,22601,132,603,50,50,ok,
regex-only,20,long_period_manual,long_period_manual_p003,core,cross,50,joint_count,30,10,lixian,立憲,xianfa,憲法,0.0033072636265,0.0234014502307,0.000467406617424,0.141458642833,0.25,0.41018077554,20,政府; 國會; 新; 人; 問題; 國; 人民; 議員; 國民; 兩; 國家; 法律; 組織; 不能; 政治; 主張; 決定; 自治; 中國; 實行,3034,151902,132,2653,50,50,ok,
regex-only,20,long_period_manual,long_period_manual_p003,core,cross,50,joint_count,30,10,lixian,立憲,zhixian,制憲,0,0,0,0.155940120732,0.190476190476,0.277934274627,16,人; 國民; 問題; 主張; 國; 政府; 人民; 國會; 議員; 不能; 兩; 國家; 組織; 成立; 自治; 實行,3034,5240,132,200,50,50,ok,
regex-only,20,long_period_manual,long_period_manual_p003,core,cross,50,joint_count,30,10,xianzheng,憲政,xianfa,憲法,0.00556380661389,0.0144241405248,0.00214612052508,0.211565536334,0.298701298701,0.386303541285,23,政府; 人; 國; 人民; 代表; 國民; 省; 問題; 兩; 會議; 選舉; 國家; 國民大會; 規定; 組織; 不能; 政治; 主張; 中央; 自治,22601,151902,603,2653,50,50,ok,
regex-only,20,long_period_manual,long_period_manual_p003,core,cross,50,joint_count,30,10,xianzheng,憲政,zhixian,制憲,0.00211348108256,0.0010176540861,0.0043893129771,0.17551718761,0.25,0.346824965545,20,政府; 人民; 國; 國民; 自治; 人; 國家; 主張; 代表; 兩; 國民大會; 組織; 實行; 不能; 省; 問題; 會議; 選舉; 規定; 運動,22601,5240,603,200,50,50,ok,
regex-only,20,long_period_manual,long_period_manual_p003,core,intra,50,joint_count,30,10,xianfa,憲法,zhixian,制憲,0.00825863992812,0.00153388368817,0.044465648855,0.305034877185,0.492537313433,0.724581138142,33,政府; 規定; 會議; 國會; 人; 省; 問題; 草案; 國; 人民; 代表; 委員會; 議員; 選舉; 國民; 起草; 兩; 國家; 國民大會; 討論,151902,5240,2653,200,50,50,ok,
regex-only,20,long_period_manual,long_period_manual_p003,core,intra,100,joint_count,30,10,lixian,立憲,xianzheng,憲政,0.00458893578798,0.0125247198418,0.00168134153356,0.26246050359,0.379310344828,0.540755621089,55,政府; 黨; 政治; 內閣; 人民; 國; 國民; 革命; 人; 國家; 中國; 主張; 實行; 自治; 兩; 組織; 派; 政黨; 不能; 問題,3034,22601,132,603,100,100,ok,
regex-only,20,long_period_manual,long_period_manual_p003,core,cross,100,joint_count,30,10,lixian,立憲,xianfa,憲法,0.0033072636265,0.0234014502307,0.000467406617424,0.165969299156,0.25786163522,0.462746771824,41,政府; 國會; 新; 人; 問題; 國; 人民; 議員; 會議; 選舉; 國民; 兩; 國家; 法律; 省; 組織; 不能; 提出; 政治; 主張,3034,151902,132,2653,100,100,ok,
regex-only,20,long_period_manual,long_period_manual_p003,core,cross,100,joint_count,30,10,lixian,立憲,zhixian,制憲,0,0,0,0.169410557764,0.204819277108,0.341109928151,34,人; 國民; 問題; 主張; 國; 政府; 人民; 國會; 議員; 不能; 兩; 國家; 組織; 成立; 自治; 運動; 實行; 會議; 選舉; 權,3034,5240,132,200,100,100,ok,
regex-only,20,long_period_manual,long_period_manual_p003,core,cross,100,joint_count,30,10,xianzheng,憲政,xianfa,憲法,0.00556380661389,0.0144241405248,0.00214612052508,0.258534406535,0.342281879195,0.490204910145,51,政府; 人; 國; 人民; 代表; 國民; 省; 問題; 兩; 會議; 選舉; 國家; 國民大會; 規定; 組織; 新; 不能; 政治; 主張; 大會,22601,151902,603,2653,100,100,ok,
regex-only,20,long_period_manual,long_period_manual_p003,core,cross,100,joint_count,30,10,xianzheng,憲政,zhixian,制憲,0.00211348108256,0.0010176540861,0.0043893129771,0.220334607863,0.324503311258,0.406684229077,49,政府; 人民; 國; 國民; 自治; 人; 國家; 主張; 代表; 兩; 國民大會; 組織; 實行; 不能; 省; 問題; 會議; 選舉; 規定; 運動,22601,5240,603,200,100,100,ok,
regex-only,20,long_period_manual,long_period_manual_p003,core,intra,100,joint_count,30,10,xianfa,憲法,zhixian,制憲,0.00825863992812,0.00153388368817,0.044465648855,0.326858037702,0.503759398496,0.74887360125,67,政府; 規定; 會議; 國會; 人; 省; 問題; 草案; 國; 人民; 代表; 委員會; 議員; 選舉; 國民; 起草; 兩; 國家; 通過; 國民大會,151902,5240,2653,200,100,100,ok,
regex-only,20,long_period_manual,long_period_manual_p003,core,intra,0,joint_count,30,10,lixian,立憲,xianzheng,憲政,0.00458893578798,0.0125247198418,0.00168134153356,0.254320587925,0.1986863711,0.559659565953,121,政府; 黨; 政治; 內閣; 人民; 國; 國民; 革命; 人; 國家; 中國; 主張; 實行; 自治; 兩; 組織; 派; 政黨; 不能; 問題,3034,22601,132,603,130,600,ok,
regex-only,20,long_period_manual,long_period_manual_p003,core,cross,0,joint_count,30,10,lixian,立憲,xianfa,憲法,0.0033072636265,0.0234014502307,0.000467406617424,0.153171405402,0.0478703354693,0.490785415784,127,政府; 國會; 新; 人; 問題; 國; 人民; 議員; 會議; 選舉; 國民; 兩; 國家; 法律; 省; 組織; 不能; 提出; 政治; 主張,3034,151902,132,2653,130,2650,ok,
regex-only,20,long_period_manual,long_period_manual_p003,core,cross,0,joint_count,30,10,lixian,立憲,zhixian,制憲,0,0,0,0.185672302498,0.233082706767,0.359616625621,62,人; 國民; 問題; 主張; 國; 政府; 人民; 國會; 議員; 不能; 兩; 國家; 組織; 成立; 自治; 運動; 實行; 會議; 選舉; 權,3034,5240,132,200,130,198,ok,
regex-only,20,long_period_manual,long_period_manual_p003,core,cross,0,joint_count,30,10,xianzheng,憲政,xianfa,憲法,0.00556380661389,0.0144241405248,0.00214612052508,0.307164814606,0.199704688077,0.589391747037,541,政府; 人; 國; 人民; 代表; 國民; 省; 問題; 兩; 會議; 選舉; 國家; 國民大會; 規定; 組織; 新; 不能; 政治; 主張; 大會,22601,151902,603,2653,600,2650,ok,
regex-only,20,long_period_manual,long_period_manual_p003,core,cross,0,joint_count,30,10,xianzheng,憲政,zhixian,制憲,0.00211348108256,0.0010176540861,0.0043893129771,0.230890815883,0.220183486239,0.44857464367,144,政府; 人民; 國; 國民; 自治; 人; 國家; 主張; 代表; 兩; 國民大會; 組織; 實行; 不能; 省; 問題; 會議; 選舉; 規定; 運動,22601,5240,603,200,600,198,ok,
regex-only,20,long_period_manual,long_period_manual_p003,core,intra,0,joint_count,30,10,xianfa,憲法,zhixian,制憲,0.00825863992812,0.00153388368817,0.044465648855,0.252320991846,0.0726930320151,0.746015740071,193,政府; 規定; 會議; 國會; 人; 省; 問題; 草案; 國; 人民; 代表; 委員會; 議員; 選舉; 國民; 起草; 兩; 國家; 通過; 國民大會,151902,5240,2653,200,2650,198,ok,
regex-only,5,long_period_manual,long_period_manual_p003,core,intra,20,joint_count,30,10,lixian,立憲,xianzheng,憲政,0,0,0,0.0515735928361,0.111111111111,0.173137908989,4,政府; 政治; 內閣; 國,604,4849,32,159,20,20,ok,
regex-only,5,long_period_manual,long_period_manual_p003,core,cross,20,joint_count,30,10,lixian,立憲,xianfa,憲法,0,0,0,0.0330786833342,0.0810810810811,0.0926701256957,3,政府; 問題; 國,604,34386,32,847,20,20,ok,
regex-only,5,long_period_manual,long_period_manual_p003,core,cross,20,joint_count,30,10,lixian,立憲,zhixian,制憲,0,0,0,0.0390124721691,0.0810810810811,0.0391176910395,3,主張; 問題; 國民,604,960,32,58,20,20,ok,
regex-only,5,long_period_manual,long_period_manual_p003,core,cross,20,joint_count,30,10,xianzheng,憲政,xianfa,憲法,0.00526613503588,0.0140235100021,0.0019775490025,0.0334220357921,0.0526315789474,0.0489994802971,2,政府; 國,4849,34386,159,847,20,20,ok,
regex-only,5,long_period_manual,long_period_manual_p003,core,cross,20,joint_count,30,10,xianzheng,憲政,zhixian,制憲,0,0,0,0.0139603641993,0.025641025641,0.0226574558035,1,自治,4849,960,159,58,20,20,ok,
regex-only,5,long_period_manual,long_period_manual_p003,core,intra,20,joint_count,30,10,xianfa,憲法,zhixian,制憲,0.00713604221876,0.0011923457221,0.0427083333333,0.127664688716,0.212121212121,0.335521868306,7,規定; 會議; 國會; 問題; 起草; 省; 公布,34386,960,847,58,20,20,ok,
regex-only,5,long_period_manual,long_period_manual_p003,core,intra,50,joint_count,30,10,lixian,立憲,xianzheng,憲政,0,0,0,0.11873932133,0.242424242424,0.233623784208,16,政府; 政治; 內閣; 國; 革命; 實行; 擁護; 國家; 主張; 國民; 人民; 人; 問題; 日本; 政黨; 不能,604,4849,32,159,32,50,ok,
regex-only,5,long_period_manual,long_period_manual_p003,core,cross,50,joint_count,30,10,lixian,立憲,xianfa,憲法,0,0,0,0.0583587836941,0.154929577465,0.181820939726,11,政府; 問題; 國; 人民; 人; 國民; 國家; 實行; 政治; 不能; 主張,604,34386,32,847,32,50,ok,
regex-only,5,long_period_manual,long_period_manual_p003,core,cross,50,joint_count,30,10,lixian,立憲,zhixian,制憲,0,0,0,0.0563234911849,0.108108108108,0.0701806165281,8,主張; 問題; 國民; 人; 不能; 國; 人民; 國家,604,960,32,58,32,50,ok,
regex-only,5,long_period_manual,long_period_manual_p003,core,cross,50,joint_count,30,10,xianzheng,憲政,xianfa,憲法,0.00526613503588,0.0140235100021,0.0019775490025,0.111023527083,0.204819277108,0.153547830881,17,政府; 國; 人民; 省; 問題; 新; 國民大會; 人; 國民; 國家; 組織; 中國; 實行; 政治; 不能; 主張; 兩,4849,34386,159,847,50,50,ok,
regex-only,5,long_period_manual,long_period_manual_p003,core,cross,50,joint_count,30,10,xianzheng,憲政,zhixian,制憲,0,0,0,0.0759723826674,0.149425287356,0.126142247801,13,自治; 主張; 國民; 國; 人; 人民; 國家; 省; 問題; 不能; 兩; 國民大會; 進行,4849,960,159,58,50,50,ok,
regex-only,5,long_period_manual,long_period_manual_p003,core,intra,50,joint_count,30,10,xianfa,憲法,zhixian,制憲,0.00713604221876,0.0011923457221,0.0427083333333,0.210854486848,0.369863013699,0.478347927638,27,規定; 會議; 國會; 問題; 起草; 省; 委員會; 國; 修改; 制定; 草案; 修正; 公布; 人民; 國民大會; 討論; 選舉; 議員; 代表; 人,34386,960,847,58,50,50,ok,
regex-only,5,long_period_manual,long_period_manual_p003,core,intra,100,joint_count,30,10,lixian,立憲,xianzheng,憲政,0,0,0,0.119308867774,0.2,0.237707319724,22,政府; 政治; 內閣; 國; 革命; 實行; 擁護; 國家; 主張; 國民; 人民; 人; 問題; 日本; 政黨; 不能; 主義; 東京; 議會; 要求,604,4849,32,159,32,100,ok,
regex-only,5,long_period_manual,long_period_manual_p003,core,cross,100,joint_count,30,10,lixian,立憲,xianfa,憲法,0,0,0,0.0622798365507,0.137931034483,0.191085629382,16,政府; 問題; 國; 人民; 人; 國民; 國家; 實行; 政治; 不能; 主張; 議會; 宣布; 內閣; 精神; 日本,604,34386,32,847,32,100,ok,
regex-only,5,long_period_manual,long_period_manual_p003,core,cross,100,joint_count,30,10,lixian,立憲,zhixian,制憲,0,0,0,0.0589352760713,0.1125,0.0809308803575,9,主張; 問題; 國民; 人; 不能; 國; 人民; 國家; 政府,604,960,32,58,32,57,ok,
regex-only,5,long_period_manual,long_period_manual_p003,core,cross,100,joint_count,30,10,xianzheng,憲政,xianfa,憲法,0.00526613503588,0.0140235100021,0.0019775490025,0.160963980482,0.282051282051,0.229779057297,44,政府; 國; 人民; 省; 問題; 新; 國民大會; 人; 國民; 國家; 組織; 中國; 實行; 政治; 會議; 選舉; 不能; 主張; 兩; 成立,4849,34386,159,847,100,100,ok,
regex-only,5,long_period_manual,long_period_manual_p003,core,cross,100,joint_count,30,10,xianzheng,憲政,zhixian,制憲,0,0,0,0.0982779238589,0.189393939394,0.164653814618,25,自治; 主張; 國民; 國; 人; 人民; 國家; 省; 問題; 政府; 不能; 兩; 國民大會; 進行; 成立; 機關; 運動; 會議; 選舉; 國會,4849,960,159,58,100,57,ok,
regex-only,5,long_period_manual,long_period_manual_p003,core,intra,100,joint_count,30,10,xianfa,憲法,zhixian,制憲,0.00713604221876,0.0011923457221,0.0427083333333,0.210001252939,0.297520661157,0.495024818199,36,規定; 會議; 國會; 問題; 起草; 省; 委員會; 國; 修改; 制定; 草案; 修正; 公布; 人民; 政府; 國民大會; 討論; 選舉; 議員; 代表,34386,960,847,58,100,57,ok,
regex-only,5,long_period_manual,long_period_manual_p003,core,intra,0,joint_count,30,10,lixian,立憲,xianzheng,憲政,0,0,0,0.114892256523,0.144578313253,0.238651282011,24,政府; 政治; 內閣; 國; 革命; 實行; 擁護; 國家; 主張; 國民; 人民; 人; 問題; 日本; 政黨; 不能; 主義; 東京; 議會; 要求,604,4849,32,159,32,158,ok,
regex-only,5,long_period_manual,long_period_manual_p003,core,cross,0,joint_count,30,10,lixian,立憲,xianfa,憲法,0,0,0,0.0534851251208,0.0317647058824,0.192430248017,27,政府; 問題; 國; 人民; 人; 國民; 國家; 實行; 政治; 不能; 主張; 議會; 宣布; 內閣; 精神; 日本; 要求; 革命; 擁護; 共和,604,34386,32,847,32,845,ok,
regex-only,5,long_period_manual,long_period_manual_p003,core,cross,0,joint_count,30,10,lixian,立憲,zhixian,制憲,0,0,0,0.0589352760713,0.1125,0.0809308803575,9,主張; 問題; 國民; 人; 不能; 國; 人民; 國家; 政府,604,960,32,58,32,57,ok,
regex-only,5,long_period_manual,long_period_manual_p003,core,cross,0,joint_count,30,10,xianzheng,憲政,xianfa,憲法,0.00526613503588,0.0140235100021,0.0019775490025,0.167269504774,0.139772727273,0.285160670875,123,政府; 國; 人民; 省; 問題; 新; 國民大會; 人; 國民; 國家; 組織; 中國; 實行; 政治; 會議; 選舉; 不能; 主張; 兩; 成立,4849,34386,159,847,158,845,ok,
regex-only,5,long_period_manual,long_period_manual_p003,core,cross,0,joint_count,30,10,xianzheng,憲政,zhixian,制憲,0,0,0,0.100900302705,0.181318681319,0.172120743389,33,自治; 主張; 國民; 國; 人; 人民; 國家; 省; 問題; 政府; 不能; 兩; 國民大會; 進行; 成立; 機關; 運動; 會議; 選舉; 國會,4849,960,159,58,158,57,ok,
regex-only,5,long_period_manual,long_period_manual_p003,core,intra,0,joint_count,30,10,xianfa,憲法,zhixian,制憲,0.00713604221876,0.0011923457221,0.0427083333333,0.162688052152,0.0611764705882,0.490213907402,52,規定; 會議; 國會; 問題; 起草; 省; 委員會; 國; 修改; 制定; 草案; 修正; 公布; 人民; 政府; 國民大會; 討論; 選舉; 議員; 代表,34386,960,847,58,845,57,ok,
strict,10,long_period_manual,long_period_manual_p003,core,intra,20,joint_count,30,10,lixian,立憲,xianzheng,憲政,0.00288306098719,0.00823723228995,0.00100908173562,0.103157749388,0.212121212121,0.259037838368,7,黨; 政府; 政治; 國; 人民; 內閣; 主張,1214,9910,59,317,20,20,ok,
strict,10,long_period_manual,long_period_manual_p003,core,cross,20,joint_count,30,10,lixian,立憲,xianfa,憲法,0.00438162447842,0.0288303130148,0.000665918301338,0.075370304877,0.176470588235,0.240109341245,6,政府; 問題; 國; 人民; 人; 國家,1214,52559,59,1299,20,20,ok,
strict,10,long_period_manual,long_period_manual_p003,core,cross,20,joint_count,30,10,lixian,立憲,zhixian,制憲,0,0,0,0.0909525609543,0.142857142857,0.118813049997,5,主張; 問題; 人; 人民; 國,1214,1801,59,92,20,20,ok,
strict,10,long_period_manual,long_period_manual_p003,core,cross,20,joint_count,30,10,xianzheng,憲政,xianfa,憲法,0.00552090368931,0.0127144298688,0.00239730588482,0.0673191836859,0.0810810810811,0.115946390437,3,政府; 國; 人民,9910,52559,317,1299,20,20,ok,
strict,10,long_period_manual,long_period_manual_p003,core,cross,20,joint_count,30,10,xianzheng,憲政,zhixian,制憲,0,0,0,0.0629078641597,0.111111111111,0.0878457132754,4,國; 自治; 人民; 主張,9910,1801,317,92,20,20,ok,
strict,10,long_period_manual,long_period_manual_p003,core,intra,20,joint_count,30,10,xianfa,憲法,zhixian,制憲,0.00832539054864,0.00154112521167,0.0449750138812,0.174557602941,0.333333333333,0.475717634093,10,規定; 國會; 問題; 國; 省; 人民; 人; 議員; 選舉; 公布,52559,1801,1299,92,20,20,ok,
strict,10,long_period_manual,long_period_manual_p003,core,intra,50,joint_count,30,10,lixian,立憲,xianzheng,憲政,0.00288306098719,0.00823723228995,0.00100908173562,0.169272325448,0.315789473684,0.338635600148,24,黨; 政府; 政治; 國; 人民; 革命; 內閣; 主張; 人; 國民; 國家; 自治; 省; 組織; 問題; 不能; 日本; 新; 基礎; 實行,1214,9910,59,317,50,50,ok,
strict,10,long_period_manual,long_period_manual_p003,core,cross,50,joint_count,30,10,lixian,立憲,xianfa,憲法,0.00438162447842,0.0288303130148,0.000665918301338,0.130074871462,0.234567901235,0.372533265024,19,新; 政府; 國會; 問題; 國; 省; 人民; 人; 議員; 國家; 組織; 不能; 主張; 政治; 實行; 國民; 自治; 中國; 成立,1214,52559,59,1299,50,50,ok,
strict,10,long_period_manual,long_period_manual_p003,core,cross,50,joint_count,30,10,lixian,立憲,zhixian,制憲,0,0,0,0.133104343441,0.190476190476,0.21746682335,16,主張; 問題; 人; 人民; 國民; 國; 國會; 不能; 政府; 省; 自治; 議員; 組織; 運動; 實行; 成立,1214,1801,59,92,50,50,ok,
strict,10,long_period_manual,long_period_manual_p003,core,cross,50,joint_count,30,10,xianzheng,憲政,xianfa,憲法,0.00552090368931,0.0127144298688,0.00239730588482,0.196692664108,0.315789473684,0.293651185024,24,政府; 國; 人民; 人; 省; 問題; 國家; 選舉; 新; 國民大會; 組織; 不能; 主張; 政治; 實行; 國民; 兩; 自治; 中國; 地方,9910,52559,317,1299,50,50,ok,
strict,10,long_period_manual,long_period_manual_p003,core,cross,50,joint_count,30,10,xianzheng,憲政,zhixian,制憲,0,0,0,0.119322824583,0.190476190476,0.229829961386,16,國; 自治; 人民; 政府; 實行; 主張; 人; 國民; 省; 組織; 問題; 兩; 不能; 國民大會; 選舉; 成立,9910,1801,317,92,50,50,ok,
strict,10,long_period_manual,long_period_manual_p003,core,intra,50,joint_count,30,10,xianfa,憲法,zhixian,制憲,0.00832539054864,0.00154112521167,0.0449750138812,0.217747315219,0.408450704225,0.603465587084,29,規定; 國會; 政府; 問題; 國; 省; 人民; 人; 制定; 議員; 選舉; 修改; 國民大會; 修正; 公布; 組織; 不能; 主張; 討論; 起草,52559,1801,1299,92,50,50,ok,
strict,10,long_period_manual,long_period_manual_p003,core,intra,100,joint_count,30,10,lixian,立憲,xianzheng,憲政,0.00288306098719,0.00823723228995,0.00100908173562,0.186887383947,0.319327731092,0.360515356899,38,黨; 政府; 政治; 國; 人民; 革命; 內閣; 主張; 人; 國民; 國家; 自治; 省; 組織; 問題; 不能; 日本; 新; 基礎; 實行,1214,9910,59,317,57,100,ok,
strict,10,long_period_manual,long_period_manual_p003,core,cross,100,joint_count,30,10,lixian,立憲,xianfa,憲法,0.00438162447842,0.0288303130148,0.000665918301338,0.133517820846,0.207692307692,0.376443209553,27,新; 政府; 國會; 問題; 國; 省; 人民; 人; 議員; 國家; 組織; 不能; 主張; 政治; 實行; 決定; 國民; 自治; 中國; 成立,1214,52559,59,1299,57,100,ok,
strict,10,long_period_manual,long_period_manual_p003,core,cross,100,joint_count,30,10,lixian,立憲,zhixian,制憲,0,0,0,0.124766212883,0.147286821705,0.225037362987,19,主張; 問題; 人; 人民; 國民; 國; 國會; 不能; 政府; 省; 自治; 議員; 組織; 運動; 實行; 成立; 國家; 一致; 要求,1214,1801,59,92,57,91,ok,
strict,10,long_period_manual,long_period_manual_p003,core,cross,100,joint_count,30,10,xianzheng,憲政,xianfa,憲法,0.00552090368931,0.0127144298688,0.00239730588482,0.227783017461,0.324503311258,0.384056623861,49,政府; 國; 人民; 人; 省; 問題; 國家; 選舉; 新; 國民大會; 組織; 規定; 不能; 主張; 政治; 實行; 國民; 兩; 代表; 自治,9910,52559,317,1299,100,100,ok,
strict,10,long_period_manual,long_period_manual_p003,core,cross,100,joint_count,30,10,xianzheng,憲政,zhixian,制憲,0,0,0,0.159576232558,0.256578947368,0.28745563802,39,國; 自治; 人民; 政府; 實行; 主張; 人; 國民; 省; 組織; 問題; 兩; 不能; 國民大會; 選舉; 國家; 成立; 規定; 運動; 進行,9910,1801,317,92,100,91,ok,
strict,10,long_period_manual,long_period_manual_p003,core,intra,100,joint_count,30,10,xianfa,憲法,zhixian,制憲,0.00832539054864,0.00154112521167,0.0449750138812,0.223398700704,0.335664335664,0.606628281426,48,規定; 國會; 政府; 問題; 國; 省; 人民; 人; 制定; 議員; 選舉; 修改; 國民大會; 修正; 公布; 國家; 組織; 不能; 主張; 通過,52559,1801,1299,92,100,91,ok,
strict,10,long_period_manual,long_period_manual_p003,core,intra,0,joint_count,30,10,lixian,立憲,xianzheng,憲政,0.00288306098719,0.00823723228995,0.00100908173562,0.170246808303,0.151702786378,0.360527253524,49,黨; 政府; 政治; 國; 人民; 革命; 內閣; 主張; 人; 國民; 國家; 自治; 省; 組織; 問題; 不能; 日本; 新; 基礎; 實行,1214,9910,59,317,57,315,ok,
strict,10,long_period_manual,long_period_manual_p003,core,cross,0,joint_count,30,10,lixian,立憲,xianfa,憲法,0.00438162447842,0.0288303130148,0.000665918301338,0.106434525021,0.0383729854183,0.378012974853,50,新; 政府; 國會; 問題; 國; 省; 人民; 人; 議員; 國家; 組織; 不能; 主張; 政治; 實行; 決定; 國民; 自治; 中國; 成立,1214,52559,59,1299,57,1296,ok,
strict,10,long_period_manual,long_period_manual_p003,core,cross,0,joint_count,30,10,lixian,立憲,zhixian,制憲,0,0,0,0.124766212883,0.147286821705,0.225037362987,19,主張; 問題; 人; 人民; 國民; 國; 國會; 不能; 政府; 省; 自治; 議員; 組織; 運動; 實行; 成立; 國家; 一致; 要求,1214,1801,59,92,57,91,ok,
strict,10,long_period_manual,long_period_manual_p003,core,cross,0,joint_count,30,10,xianzheng,憲政,xianfa,憲法,0.00552090368931,0.0127144298688,0.00239730588482,0.250368601225,0.185430463576,0.459179845539,252,政府; 國; 人民; 人; 省; 問題; 國家; 選舉; 新; 國民大會; 組織; 規定; 不能; 主張; 政治; 實行; 國民; 兩; 代表; 自治,9910,52559,317,1299,315,1296,ok,
strict,10,long_period_manual,long_period_manual_p003,core,cross,0,joint_count,30,10,xianzheng,憲政,zhixian,制憲,0,0,0,0.154370336589,0.176811594203,0.296389741249,61,國; 自治; 人民; 政府; 實行; 主張; 人; 國民; 省; 組織; 問題; 兩; 不能; 國民大會; 選舉; 國家; 成立; 規定; 運動; 進行,9910,1801,317,92,315,91,ok,
strict,10,long_period_manual,long_period_manual_p003,core,intra,0,joint_count,30,10,xianfa,憲法,zhixian,制憲,0.00832539054864,0.00154112521167,0.0449750138812,0.176069734548,0.0644666155027,0.596750051626,84,規定; 國會; 政府; 問題; 國; 省; 人民; 人; 制定; 議員; 選舉; 修改; 國民大會; 修正; 公布; 國家; 組織; 不能; 主張; 通過,52559,1801,1299,92,1296,91,ok,
strict,1,long_period_manual,long_period_manual_p003,core,intra,20,joint_count,30,10,lixian,立憲,xianzheng,憲政,0,0,0,0.0106971897489,0.0285714285714,0.0100780057199,1,擁護,325,1314,16,58,16,20,ok,
strict,1,long_period_manual,long_period_manual_p003,core,cross,20,joint_count,30,10,lixian,立憲,xianfa,憲法,0,0,0,0.0231023026175,0.0588235294118,0.0158317543878,2,問題; 國,325,4552,16,198,16,20,ok,
strict,1,long_period_manual,long_period_manual_p003,core,cross,20,joint_count,30,10,lixian,立憲,zhixian,制憲,0,0,0,0.00931677018634,0.030303030303,0.00508157654403,1,問題,325,252,16,18,16,18,ok,
strict,1,long_period_manual,long_period_manual_p003,core,cross,20,joint_count,30,10,xianzheng,憲政,xianfa,憲法,0,0,0,0.0185384559752,0.0526315789474,0.028006681404,2,實行; 恢復,1314,4552,58,198,20,20,ok,
strict,1,long_period_manual,long_period_manual_p003,core,cross,20,joint_count,30,10,xianzheng,憲政,zhixian,制憲,0,0,0,0,0,0,0,,1314,252,58,18,20,18,ok,
strict,1,long_period_manual,long_period_manual_p003,core,intra,20,joint_count,30,10,xianfa,憲法,zhixian,制憲,0,0,0,0.0389827927516,0.0555555555556,0.0538829614206,2,問題; 省,4552,252,198,18,20,18,ok,
strict,1,long_period_manual,long_period_manual_p003,core,intra,50,joint_count,30,10,lixian,立憲,xianzheng,憲政,0,0,0,0.0386465074967,0.137931034483,0.0565235326407,8,擁護; 破壞; 問題; 國; 國家; 日本; 政治; 政府,325,1314,16,58,16,50,ok,
strict,1,long_period_manual,long_period_manual_p003,core,cross,50,joint_count,30,10,lixian,立憲,xianfa,憲法,0,0,0,0.0304938440504,0.0819672131148,0.0338775975726,5,問題; 國; 政府; 國家; 擁護,325,4552,16,198,16,50,ok,
strict,1,long_period_manual,long_period_manual_p003,core,cross,50,joint_count,30,10,lixian,立憲,zhixian,制憲,0,0,0,0.00931677018634,0.030303030303,0.00508157654403,1,問題,325,252,16,18,16,18,ok,
strict,1,long_period_manual,long_period_manual_p003,core,cross,50,joint_count,30,10,xianzheng,憲政,xianfa,憲法,0,0,0,0.0545744469396,0.136363636364,0.0829709400725,12,實行; 恢復; 問題; 實施; 國; 施行; 改革; 國家; 政府; 擁護; 完成; 反對,1314,4552,58,198,50,50,ok,
strict,1,long_period_manual,long_period_manual_p003,core,cross,50,joint_count,30,10,xianzheng,憲政,zhixian,制憲,0,0,0,0.0193065405831,0.0625,0.0185931245281,4,籌備; 問題; 進行; 運動,1314,252,58,18,50,18,ok,
strict,1,long_period_manual,long_period_manual_p003,core,intra,50,joint_count,30,10,xianfa,憲法,zhixian,制憲,0,0,0,0.0385028172793,0.0461538461538,0.0562500060078,3,問題; 省; 國會,4552,252,198,18,50,18,ok,
strict,1,long_period_manual,long_period_manual_p003,core,intra,100,joint_count,30,10,lixian,立憲,xianzheng,憲政,0,0,0,0.0380206510326,0.121212121212,0.0564545466541,8,擁護; 破壞; 問題; 國; 國家; 日本; 政治; 政府,325,1314,16,58,16,58,ok,
strict,1,long_period_manual,long_period_manual_p003,core,cross,100,joint_count,30,10,lixian,立憲,xianfa,憲法,0,0,0,0.0325149570231,0.0642201834862,0.056436327276,7,問題; 國; 政府; 國家; 擁護; 破壞; 政治,325,4552,16,198,16,100,ok,
strict,1,long_period_manual,long_period_manual_p003,core,cross,100,joint_count,30,10,lixian,立憲,zhixian,制憲,0,0,0,0.00931677018634,0.030303030303,0.00508157654403,1,問題,325,252,16,18,16,18,ok,
strict,1,long_period_manual,long_period_manual_p003,core,cross,100,joint_count,30,10,xianzheng,憲政,xianfa,憲法,0,0,0,0.057389803976,0.112676056338,0.0871789262334,16,實行; 恢復; 問題; 實施; 國; 施行; 改革; 國家; 政府; 擁護; 完成; 反對; 破壞; 省; 政治; 推行,1314,4552,58,198,58,100,ok,
strict,1,long_period_manual,long_period_manual_p003,core,cross,100,joint_count,30,10,xianzheng,憲政,zhixian,制憲,0,0,0,0.0229661346828,0.0857142857143,0.0244554279821,6,籌備; 問題; 進行; 運動; 機關; 省,1314,252,58,18,58,18,ok,
strict,1,long_period_manual,long_period_manual_p003,core,intra,100,joint_count,30,10,xianfa,憲法,zhixian,制憲,0,0,0,0.0374508840864,0.0350877192982,0.0607004778568,4,問題; 省; 國會; 自治,4552,252,198,18,100,18,ok,
strict,1,long_period_manual,long_period_manual_p003,core,intra,0,joint_count,30,10,lixian,立憲,xianzheng,憲政,0,0,0,0.0380206510326,0.121212121212,0.0564545466541,8,擁護; 破壞; 問題; 國; 國家; 日本; 政治; 政府,325,1314,16,58,16,58,ok,
strict,1,long_period_manual,long_period_manual_p003,core,cross,0,joint_count,30,10,lixian,立憲,xianfa,憲法,0,0,0,0.0320904505821,0.0439024390244,0.0575214908837,9,問題; 國; 政府; 國家; 擁護; 破壞; 政治; 紀念日; 民主,325,4552,16,198,16,198,ok,
strict,1,long_period_manual,long_period_manual_p003,core,cross,0,joint_count,30,10,lixian,立憲,zhixian,制憲,0,0,0,0.00931677018634,0.030303030303,0.00508157654403,1,問題,325,252,16,18,16,18,ok,
strict,1,long_period_manual,long_period_manual_p003,core,cross,0,joint_count,30,10,xianzheng,憲政,xianfa,憲法,0,0,0,0.0597838768953,0.108225108225,0.0894257292751,25,實行; 恢復; 問題; 實施; 國; 施行; 改革; 國家; 政府; 擁護; 完成; 反對; 破壞; 省; 政治; 推行; 論; 主張; 改革案; 人,1314,4552,58,198,58,198,ok,
strict,1,long_period_manual,long_period_manual_p003,core,cross,0,joint_count,30,10,xianzheng,憲政,zhixian,制憲,0,0,0,0.0229661346828,0.0857142857143,0.0244554279821,6,籌備; 問題; 進行; 運動; 機關; 省,1314,252,58,18,58,18,ok,
strict,1,long_period_manual,long_period_manual_p003,core,intra,0,joint_count,30,10,xianfa,憲法,zhixian,制憲,0,0,0,0.0384396030569,0.0434782608696,0.0654520064187,9,問題; 省; 國會; 自治; 委員; 湘省; 機關; 程序; 運動,4552,252,198,18,198,18,ok,
strict,20,long_period_manual,long_period_manual_p003,core,intra,20,joint_count,30,10,lixian,立憲,xianzheng,憲政,0.00439409486803,0.0120068610635,0.00160808637721,0.191217615752,0.333333333333,0.406689999174,10,政府; 黨; 政治; 人民; 國; 革命; 人; 國民; 內閣; 國家,2915,21765,130,607,20,20,ok,
strict,20,long_period_manual,long_period_manual_p003,core,cross,20,joint_count,30,10,lixian,立憲,xianfa,憲法,0.0036357915579,0.022641509434,0.000583838294484,0.118287142259,0.25,0.343421363562,8,政府; 人; 問題; 國; 人民; 國家; 組織; 主張,2915,113045,130,2303,20,20,ok,
strict,20,long_period_manual,long_period_manual_p003,core,cross,20,joint_count,30,10,lixian,立憲,zhixian,制憲,0,0,0,0.134661542862,0.176470588235,0.211930308061,6,人; 國民; 問題; 主張; 國; 人民,2915,4565,130,191,20,20,ok,
strict,20,long_period_manual,long_period_manual_p003,core,cross,20,joint_count,30,10,xianzheng,憲政,xianfa,憲法,0.00548357628047,0.0124971284172,0.00240612145606,0.123546601767,0.142857142857,0.224530388016,5,政府; 人; 國; 人民; 國家,21765,113045,607,2303,20,20,ok,
strict,20,long_period_manual,long_period_manual_p003,core,cross,20,joint_count,30,10,xianzheng,憲政,zhixian,制憲,0.00230742773948,0.00105674247645,0.00503833515882,0.0987350430757,0.142857142857,0.181488580455,5,人民; 國; 自治; 人; 國民,21765,4565,607,191,20,20,ok,
strict,20,long_period_manual,long_period_manual_p003,core,intra,20,joint_count,30,10,xianfa,憲法,zhixian,制憲,0.00757150784871,0.00152151797957,0.0376779846659,0.226152905671,0.379310344828,0.548632190461,11,規定; 國會; 人; 問題; 國; 省; 人民; 議員; 選舉; 制定; 主張,113045,4565,2303,191,20,20,ok,
strict,20,long_period_manual,long_period_manual_p003,core,intra,50,joint_count,30,10,lixian,立憲,xianzheng,憲政,0.00439409486803,0.0120068610635,0.00160808637721,0.199473423293,0.298701298701,0.447156266365,23,政府; 黨; 政治; 人民; 國; 革命; 人; 國民; 內閣; 國家; 主張; 實行; 派; 組織; 兩; 不能; 問題; 政黨; 中國; 擁護,2915,21765,130,607,50,50,ok,
strict,20,long_period_manual,long_period_manual_p003,core,cross,50,joint_count,30,10,lixian,立憲,xianfa,憲法,0.0036357915579,0.022641509434,0.000583838294484,0.164923199776,0.298701298701,0.480120514787,23,政府; 國會; 新; 人; 問題; 國; 人民; 議員; 國家; 法律; 組織; 不能; 主張; 國民; 兩; 政治; 決定; 實行; 反對; 成立,2915,113045,130,2303,50,50,ok,
strict,20,long_period_manual,long_period_manual_p003,core,cross,50,joint_count,30,10,lixian,立憲,zhixian,制憲,0,0,0,0.154353682829,0.176470588235,0.282015247694,15,人; 國民; 問題; 主張; 國; 人民; 不能; 政府; 國會; 議員; 兩; 國家; 成立; 組織; 實行,2915,4565,130,191,50,50,ok,
strict,20,long_period_manual,long_period_manual_p003,core,cross,50,joint_count,30,10,xianzheng,憲政,xianfa,憲法,0.00548357628047,0.0124971284172,0.00240612145606,0.226370482371,0.315789473684,0.396957002842,24,政府; 人; 國; 人民; 國家; 問題; 省; 選舉; 規定; 組織; 不能; 主張; 國民; 兩; 代表; 國民大會; 政治; 實行; 自治; 地方,21765,113045,607,2303,50,50,ok,
strict,20,long_period_manual,long_period_manual_p003,core,cross,50,joint_count,30,10,xianzheng,憲政,zhixian,制憲,0.00230742773948,0.00105674247645,0.00503833515882,0.163998887277,0.234567901235,0.319938806342,19,人民; 國; 自治; 政府; 人; 國民; 國家; 主張; 實行; 組織; 兩; 不能; 國民大會; 問題; 省; 選舉; 規定; 代表; 運動,21765,4565,607,191,50,50,ok,
strict,20,long_period_manual,long_period_manual_p003,core,intra,50,joint_count,30,10,xianfa,憲法,zhixian,制憲,0.00757150784871,0.00152151797957,0.0376779846659,0.264037073056,0.428571428571,0.66777195572,30,規定; 國會; 政府; 人; 問題; 國; 省; 人民; 議員; 國家; 選舉; 制定; 通過; 組織; 不能; 主張; 國民; 兩; 代表; 討論,113045,4565,2303,191,50,50,ok,
strict,20,long_period_manual,long_period_manual_p003,core,intra,100,joint_count,30,10,lixian,立憲,xianzheng,憲政,0.00439409486803,0.0120068610635,0.00160808637721,0.252588805872,0.379310344828,0.508315122643,55,政府; 黨; 政治; 人民; 國; 革命; 人; 國民; 內閣; 國家; 主張; 實行; 派; 組織; 自治; 兩; 不能; 問題; 政黨; 選舉,2915,21765,130,607,100,100,ok,
strict,20,long_period_manual,long_period_manual_p003,core,cross,100,joint_count,30,10,lixian,立憲,xianfa,憲法,0.0036357915579,0.022641509434,0.000583838294484,0.184621440559,0.298701298701,0.508818969095,46,政府; 國會; 新; 人; 問題; 國; 人民; 議員; 國家; 法律; 選舉; 省; 組織; 不能; 主張; 國民; 兩; 政治; 提出; 機關,2915,113045,130,2303,100,100,ok,
strict,20,long_period_manual,long_period_manual_p003,core,cross,100,joint_count,30,10,lixian,立憲,zhixian,制憲,0,0,0,0.171153579517,0.204819277108,0.341300275475,34,人; 國民; 問題; 主張; 國; 人民; 不能; 政府; 國會; 議員; 兩; 國家; 成立; 組織; 實行; 運動; 自治; 選舉; 權; 省,2915,4565,130,191,100,100,ok,
strict,20,long_period_manual,long_period_manual_p003,core,cross,100,joint_count,30,10,xianzheng,憲政,xianfa,憲法,0.00548357628047,0.0124971284172,0.00240612145606,0.271936593443,0.360544217687,0.49654730668,53,政府; 人; 國; 人民; 國家; 問題; 省; 選舉; 規定; 組織; 不能; 主張; 國民; 兩; 新; 代表; 國民大會; 政治; 機關; 決定,21765,113045,607,2303,100,100,ok,
strict,20,long_period_manual,long_period_manual_p003,core,cross,100,joint_count,30,10,xianzheng,憲政,zhixian,制憲,0.00230742773948,0.00105674247645,0.00503833515882,0.199412297882,0.282051282051,0.377520186503,44,人民; 國; 自治; 政府; 人; 國民; 國家; 主張; 實行; 組織; 兩; 不能; 國民大會; 問題; 省; 選舉; 規定; 代表; 運動; 完成,21765,4565,607,191,100,100,ok,
strict,20,long_period_manual,long_period_manual_p003,core,intra,100,joint_count,30,10,xianfa,憲法,zhixian,制憲,0.00757150784871,0.00152151797957,0.0376779846659,0.281667808984,0.438848920863,0.693272468052,61,規定; 國會; 政府; 人; 問題; 國; 省; 人民; 議員; 國家; 選舉; 修改; 制定; 通過; 組織; 不能; 主張; 國民; 兩; 代表,113045,4565,2303,191,100,100,ok,
strict,20,long_period_manual,long_period_manual_p003,core,intra,0,joint_count,30,10,lixian,立憲,xianzheng,憲政,0.00439409486803,0.0120068610635,0.00160808637721,0.244069879815,0.190243902439,0.528219454149,117,政府; 黨; 政治; 人民; 國; 革命; 人; 國民; 內閣; 國家; 主張; 實行; 派; 組織; 自治; 兩; 不能; 問題; 政黨; 選舉,2915,21765,130,607,128,604,ok,
strict,20,long_period_manual,long_period_manual_p003,core,cross,0,joint_count,30,10,lixian,立憲,xianfa,憲法,0.0036357915579,0.022641509434,0.000583838294484,0.159712887904,0.0533622559653,0.524981523632,123,政府; 國會; 新; 人; 問題; 國; 人民; 議員; 國家; 法律; 選舉; 省; 組織; 不能; 主張; 國民; 兩; 政治; 提出; 機關,2915,113045,130,2303,128,2300,ok,
strict,20,long_period_manual,long_period_manual_p003,core,cross,0,joint_count,30,10,lixian,立憲,zhixian,制憲,0,0,0,0.186179110567,0.228682170543,0.366051728897,59,人; 國民; 問題; 主張; 國; 人民; 不能; 政府; 國會; 議員; 兩; 國家; 成立; 組織; 實行; 運動; 自治; 選舉; 權; 省,2915,4565,130,191,128,189,ok,
strict,20,long_period_manual,long_period_manual_p003,core,cross,0,joint_count,30,10,xianzheng,憲政,xianfa,憲法,0.00548357628047,0.0124971284172,0.00240612145606,0.315578517558,0.223251895535,0.589702413575,530,政府; 人; 國; 人民; 國家; 問題; 省; 選舉; 規定; 組織; 不能; 主張; 國民; 兩; 新; 代表; 國民大會; 政治; 機關; 決定,21765,113045,607,2303,604,2300,ok,
strict,20,long_period_manual,long_period_manual_p003,core,cross,0,joint_count,30,10,xianzheng,憲政,zhixian,制憲,0.00230742773948,0.00105674247645,0.00503833515882,0.217462652695,0.201515151515,0.428005783189,133,人民; 國; 自治; 政府; 人; 國民; 國家; 主張; 實行; 組織; 兩; 不能; 國民大會; 問題; 省; 選舉; 規定; 代表; 運動; 完成,21765,4565,607,191,604,189,ok,
strict,20,long_period_manual,long_period_manual_p003,core,intra,0,joint_count,30,10,xianfa,憲法,zhixian,制憲,0.00757150784871,0.00152151797957,0.0376779846659,0.23307864715,0.0788903337668,0.703742418091,182,規定; 國會; 政府; 人; 問題; 國; 省; 人民; 議員; 國家; 選舉; 修改; 制定; 通過; 組織; 不能; 主張; 國民; 兩; 代表,113045,4565,2303,191,2300,189,ok,
strict,5,long_period_manual,long_period_manual_p003,core,intra,20,joint_count,30,10,lixian,立憲,xianzheng,憲政,0,0,0,0.0470642570705,0.111111111111,0.15256986785,4,政府; 政治; 國; 主張,584,4644,32,154,20,20,ok,
strict,5,long_period_manual,long_period_manual_p003,core,cross,20,joint_count,30,10,lixian,立憲,xianfa,憲法,0,0,0,0.0460950109226,0.111111111111,0.13835595204,4,問題; 政府; 國; 國家,584,23936,32,709,20,20,ok,
strict,5,long_period_manual,long_period_manual_p003,core,cross,20,joint_count,30,10,lixian,立憲,zhixian,制憲,0,0,0,0.0398342816242,0.0810810810811,0.0353505572984,3,主張; 問題; 國民,584,796,32,51,20,20,ok,
strict,5,long_period_manual,long_period_manual_p003,core,cross,20,joint_count,30,10,xianzheng,憲政,xianfa,憲法,0.00597542301964,0.0135658914729,0.00263201871658,0.0395321148153,0.0526315789474,0.0533093861961,2,政府; 國,4644,23936,154,709,20,20,ok,
strict,5,long_period_manual,long_period_manual_p003,core,cross,20,joint_count,30,10,xianzheng,憲政,zhixian,制憲,0,0,0,0.0250556091829,0.0526315789474,0.0395484818021,2,自治; 主張,4644,796,154,51,20,20,ok,
strict,5,long_period_manual,long_period_manual_p003,core,intra,20,joint_count,30,10,xianfa,憲法,zhixian,制憲,0.00664378662411,0.00121156417112,0.036432160804,0.100668368242,0.176470588235,0.299487665322,6,規定; 國會; 問題; 省; 公布; 人,23936,796,709,51,20,20,ok,
strict,5,long_period_manual,long_period_manual_p003,core,intra,50,joint_count,30,10,lixian,立憲,xianzheng,憲政,0,0,0,0.113173921803,0.242424242424,0.21102917694,16,政府; 政治; 國; 革命; 實行; 擁護; 主張; 國家; 內閣; 人民; 人; 問題; 國民; 日本; 不能; 政黨,584,4644,32,154,32,50,ok,
strict,5,long_period_manual,long_period_manual_p003,core,cross,50,joint_count,30,10,lixian,立憲,xianfa,憲法,0,0,0,0.0707083722578,0.154929577465,0.21617200724,11,問題; 政府; 國; 人民; 人; 國家; 實行; 主張; 不能; 政治; 國民,584,23936,32,709,32,50,ok,
strict,5,long_period_manual,long_period_manual_p003,core,cross,50,joint_count,30,10,lixian,立憲,zhixian,制憲,0,0,0,0.0650915744077,0.123287671233,0.0847808028068,9,主張; 問題; 國民; 國; 人; 不能; 國家; 人民; 政府,584,796,32,51,32,50,ok,
strict,5,long_period_manual,long_period_manual_p003,core,cross,50,joint_count,30,10,xianzheng,憲政,xianfa,憲法,0.00597542301964,0.0135658914729,0.00263201871658,0.146719357824,0.26582278481,0.184295097595,21,政府; 國; 人民; 問題; 省; 國民大會; 人; 國家; 實行; 新; 主張; 不能; 政治; 施行; 組織; 恢復; 地方; 國民; 中國; 自治,4644,23936,154,709,50,50,ok,
strict,5,long_period_manual,long_period_manual_p003,core,cross,50,joint_count,30,10,xianzheng,憲政,zhixian,制憲,0,0,0,0.0835115790188,0.162790697674,0.131985282047,14,自治; 國; 主張; 國家; 人; 人民; 政府; 問題; 國民; 省; 不能; 兩; 國民大會; 進行,4644,796,154,51,50,50,ok,
strict,5,long_period_manual,long_period_manual_p003,core,intra,50,joint_count,30,10,xianfa,憲法,zhixian,制憲,0.00664378662411,0.00121156417112,0.036432160804,0.186621489944,0.333333333333,0.431338361201,25,規定; 國會; 問題; 國; 省; 修改; 制定; 公布; 修正; 人民; 政府; 起草; 國民大會; 人; 國家; 議員; 選舉; 討論; 約法; 主張,23936,796,709,51,50,50,ok,
strict,5,long_period_manual,long_period_manual_p003,core,intra,100,joint_count,30,10,lixian,立憲,xianzheng,憲政,0,0,0,0.112380229481,0.189189189189,0.212640481857,21,政府; 政治; 國; 革命; 實行; 擁護; 主張; 國家; 內閣; 人民; 人; 問題; 國民; 日本; 不能; 政黨; 主義; 東京; 要求; 本義,584,4644,32,154,32,100,ok,
strict,5,long_period_manual,long_period_manual_p003,core,cross,100,joint_count,30,10,lixian,立憲,xianfa,憲法,0,0,0,0.0740784015891,0.137931034483,0.218864470312,16,問題; 政府; 國; 人民; 人; 國家; 實行; 主張; 不能; 政治; 國民; 內閣; 議會; 宣布; 精神; 革命,584,23936,32,709,32,100,ok,
strict,5,long_period_manual,long_period_manual_p003,core,cross,100,joint_count,30,10,lixian,立憲,zhixian,制憲,0,0,0,0.0650915744077,0.123287671233,0.0847808028068,9,主張; 問題; 國民; 國; 人; 不能; 國家; 人民; 政府,584,796,32,51,32,50,ok,
strict,5,long_period_manual,long_period_manual_p003,core,cross,100,joint_count,30,10,xianzheng,憲政,xianfa,憲法,0.00597542301964,0.0135658914729,0.00263201871658,0.165215578971,0.25,0.232830021949,40,政府; 國; 人民; 問題; 省; 國民大會; 人; 國家; 實行; 新; 主張; 不能; 政治; 施行; 組織; 恢復; 成立; 國會; 地方; 國民,4644,23936,154,709,100,100,ok,
strict,5,long_period_manual,long_period_manual_p003,core,cross,100,joint_count,30,10,xianzheng,憲政,zhixian,制憲,0,0,0,0.0952098632438,0.171875,0.154020050506,22,自治; 國; 主張; 國家; 人; 人民; 政府; 問題; 國民; 省; 不能; 兩; 國民大會; 進行; 成立; 機關; 運動; 國會; 選舉; 程序,4644,796,154,51,100,50,ok,
strict,5,long_period_manual,long_period_manual_p003,core,intra,100,joint_count,30,10,xianfa,憲法,zhixian,制憲,0.00664378662411,0.00121156417112,0.036432160804,0.182888056144,0.260504201681,0.438491150444,31,規定; 國會; 問題; 國; 省; 修改; 制定; 公布; 修正; 人民; 政府; 起草; 國民大會; 人; 國家; 議員; 選舉; 討論; 約法; 主張,23936,796,709,51,100,50,ok,
strict,5,long_period_manual,long_period_manual_p003,core,intra,0,joint_count,30,10,lixian,立憲,xianzheng,憲政,0,0,0,0.109885093086,0.149068322981,0.215096422085,24,政府; 政治; 國; 革命; 實行; 擁護; 主張; 國家; 內閣; 人民; 人; 問題; 國民; 日本; 不能; 政黨; 主義; 東京; 要求; 本義,584,4644,32,154,32,153,ok,
strict,5,long_period_manual,long_period_manual_p003,core,cross,0,joint_count,30,10,lixian,立憲,xianfa,憲法,0,0,0,0.0633373392086,0.0364656381487,0.220639910111,26,問題; 政府; 國; 人民; 人; 國家; 實行; 主張; 不能; 政治; 國民; 內閣; 議會; 宣布; 精神; 革命; 要求; 擁護; 共和; 主義,584,23936,32,709,32,707,ok,
strict,5,long_period_manual,long_period_manual_p003,core,cross,0,joint_count,30,10,lixian,立憲,zhixian,制憲,0,0,0,0.0650915744077,0.123287671233,0.0847808028068,9,主張; 問題; 國民; 國; 人; 不能; 國家; 人民; 政府,584,796,32,51,32,50,ok,
strict,5,long_period_manual,long_period_manual_p003,core,cross,0,joint_count,30,10,xianzheng,憲政,xianfa,憲法,0.00597542301964,0.0135658914729,0.00263201871658,0.176715116327,0.155913978495,0.296771630536,116,政府; 國; 人民; 問題; 省; 國民大會; 人; 國家; 實行; 新; 主張; 不能; 政治; 施行; 組織; 恢復; 成立; 國會; 地方; 國民,4644,23936,154,709,153,707,ok,
strict,5,long_period_manual,long_period_manual_p003,core,cross,0,joint_count,30,10,xianzheng,憲政,zhixian,制憲,0,0,0,0.0965950960377,0.16,0.159283100547,28,自治; 國; 主張; 國家; 人; 人民; 政府; 問題; 國民; 省; 不能; 兩; 國民大會; 進行; 成立; 機關; 運動; 國會; 選舉; 程序,4644,796,154,51,153,50,ok,
strict,5,long_period_manual,long_period_manual_p003,core,intra,0,joint_count,30,10,xianfa,憲法,zhixian,制憲,0.00664378662411,0.00121156417112,0.036432160804,0.142599395742,0.0602240896359,0.432506672431,43,規定; 國會; 問題; 國; 省; 修改; 制定; 公布; 修正; 人民; 政府; 起草; 國民大會; 人; 國家; 議員; 選舉; 討論; 約法; 主張,23936,796,709,51,707,50,ok,
full,10,long_period_manual,long_period_manual_p004,core,intra,20,joint_count,30,10,lixian,立憲,xianzheng,憲政,0,0,0,0.0903180426972,0.178571428571,0.262543713849,5,問題; 政府; 中國; 國家; 政治,132,1737,13,97,13,20,ok,
full,10,long_period_manual,long_period_manual_p004,core,cross,20,joint_count,30,10,lixian,立憲,xianfa,憲法,0,0,0,0.0689212328767,0.178571428571,0.373139370374,5,政府; 國家; 問題; 印度; 成立,132,3637,13,189,13,20,ok,
full,10,long_period_manual,long_period_manual_p004,core,cross,20,joint_count,30,10,lixian,立憲,zhixian,制憲,0,0,0,0.0232558139535,0.0769230769231,0.130868430672,1,問題,132,6,13,1,13,1,low_support,zhixian_strength<30; zhixian_neighbors<10
full,10,long_period_manual,long_period_manual_p004,core,cross,20,joint_count,30,10,xianzheng,憲政,xianfa,憲法,0.0111400328524,0.0161197466897,0.00769865273577,0.134984511723,0.176470588235,0.207352720964,6,政府; 國; 國家; 人民; 問題; 國民大會,1737,3637,97,189,20,20,ok,
full,10,long_period_manual,long_period_manual_p004,core,cross,20,joint_count,30,10,xianzheng,憲政,zhixian,制憲,0,0,0,0.0316580925999,0.05,0.316035240684,1,問題,1737,6,97,1,20,1,low_support,zhixian_strength<30; zhixian_neighbors<10
full,10,long_period_manual,long_period_manual_p004,core,intra,20,joint_count,30,10,xianfa,憲法,zhixian,制憲,0,0,0,0.0109311740891,0.05,0.154689697789,1,問題,3637,6,189,1,20,1,low_support,zhixian_strength<30; zhixian_neighbors<10
full,10,long_period_manual,long_period_manual_p004,core,intra,50,joint_count,30,10,lixian,立憲,xianzheng,憲政,0,0,0,0.0800800643036,0.105263157895,0.254328105289,6,問題; 政府; 中國; 國家; 政治; 革命,132,1737,13,97,13,50,ok,
full,10,long_period_manual,long_period_manual_p004,core,cross,50,joint_count,30,10,lixian,立憲,xianfa,憲法,0,0,0,0.0736377025037,0.145454545455,0.38880477233,8,政府; 國家; 問題; 印度; 成立; 政治; 主張; 中國,132,3637,13,189,13,50,ok,
full,10,long_period_manual,long_period_manual_p004,core,cross,50,joint_count,30,10,lixian,立憲,zhixian,制憲,0,0,0,0.0232558139535,0.0769230769231,0.130868430672,1,問題,132,6,13,1,13,1,low_support,zhixian_strength<30; zhixian_neighbors<10
full,10,long_period_manual,long_period_manual_p004,core,cross,50,joint_count,30,10,xianzheng,憲政,xianfa,憲法,0.0111400328524,0.0161197466897,0.00769865273577,0.149840882992,0.190476190476,0.300302979567,16,政府; 國; 國家; 人民; 問題; 國民大會; 實施; 政治; 人; 召集; 要求; 國民; 討論; 實行; 大會; 中國,1737,3637,97,189,50,50,ok,
full,10,long_period_manual,long_period_manual_p004,core,cross,50,joint_count,30,10,xianzheng,憲政,zhixian,制憲,0,0,0,0.0263591433278,0.02,0.295947373398,1,問題,1737,6,97,1,50,1,low_support,zhixian_strength<30; zhixian_neighbors<10
full,10,long_period_manual,long_period_manual_p004,core,intra,50,joint_count,30,10,xianfa,憲法,zhixian,制憲,0,0,0,0.00934579439252,0.02,0.14147424916,1,問題,3637,6,189,1,50,1,low_support,zhixian_strength<30; zhixian_neighbors<10
full,10,long_period_manual,long_period_manual_p004,core,intra,100,joint_count,30,10,lixian,立憲,xianzheng,憲政,0,0,0,0.0795585617658,0.09,0.265640316822,9,問題; 政府; 中國; 國家; 政治; 革命; 主張; 政黨; 成立,132,1737,13,97,13,96,ok,
full,10,long_period_manual,long_period_manual_p004,core,cross,100,joint_count,30,10,lixian,立憲,xianfa,憲法,0,0,0,0.0701669097391,0.0970873786408,0.384048662082,10,政府; 國家; 問題; 印度; 成立; 政治; 主張; 中國; 政黨; 挪威,132,3637,13,189,13,100,ok,
full,10,long_period_manual,long_period_manual_p004,core,cross,100,joint_count,30,10,lixian,立憲,zhixian,制憲,0,0,0,0.0232558139535,0.0769230769231,0.130868430672,1,問題,132,6,13,1,13,1,low_support,zhixian_strength<30; zhixian_neighbors<10
full,10,long_period_manual,long_period_manual_p004,core,cross,100,joint_count,30,10,xianzheng,憲政,xianfa,憲法,0.0111400328524,0.0161197466897,0.00769865273577,0.166690918614,0.217391304348,0.319894345057,35,政府; 國; 國家; 人民; 問題; 國民大會; 實施; 政治; 人; 召集; 要求; 國民; 討論; 實行; 大會; 中國; 基礎; 主張; 制定; 政黨,1737,3637,97,189,96,100,ok,
full,10,long_period_manual,long_period_manual_p004,core,cross,100,joint_count,30,10,xianzheng,憲政,zhixian,制憲,0,0,0,0.0237670825906,0.0104166666667,0.291101618456,1,問題,1737,6,97,1,96,1,low_support,zhixian_strength<30; zhixian_neighbors<10
full,10,long_period_manual,long_period_manual_p004,core,intra,100,joint_count,30,10,xianfa,憲法,zhixian,制憲,0,0,0,0.00824427480916,0.01,0.135792025294,1,問題,3637,6,189,1,100,1,low_support,zhixian_strength<30; zhixian_neighbors<10
full,10,long_period_manual,long_period_manual_p004,core,intra,0,joint_count,30,10,lixian,立憲,xianzheng,憲政,0,0,0,0.0795585617658,0.09,0.265640316822,9,問題; 政府; 中國; 國家; 政治; 革命; 主張; 政黨; 成立,132,1737,13,97,13,96,ok,
full,10,long_period_manual,long_period_manual_p004,core,cross,0,joint_count,30,10,lixian,立憲,xianfa,憲法,0,0,0,0.0651183301485,0.0578947368421,0.381563524637,11,政府; 國家; 問題; 印度; 成立; 政治; 主張; 中國; 政黨; 挪威; 紀念,132,3637,13,189,13,188,ok,
full,10,long_period_manual,long_period_manual_p004,core,cross,0,joint_count,30,10,lixian,立憲,zhixian,制憲,0,0,0,0.0232558139535,0.0769230769231,0.130868430672,1,問題,132,6,13,1,13,1,low_support,zhixian_strength<30; zhixian_neighbors<10
full,10,long_period_manual,long_period_manual_p004,core,cross,0,joint_count,30,10,xianzheng,憲政,xianfa,憲法,0.0111400328524,0.0161197466897,0.00769865273577,0.16466317685,0.193277310924,0.326012777294,46,政府; 國; 國家; 人民; 問題; 國民大會; 實施; 政治; 人; 召集; 要求; 國民; 討論; 實行; 大會; 中國; 基礎; 主張; 制定; 政黨,1737,3637,97,189,96,188,ok,
full,10,long_period_manual,long_period_manual_p004,core,cross,0,joint_count,30,10,xianzheng,憲政,zhixian,制憲,0,0,0,0.0237670825906,0.0104166666667,0.291101618456,1,問題,1737,6,97,1,96,1,low_support,zhixian_strength<30; zhixian_neighbors<10
full,10,long_period_manual,long_period_manual_p004,core,intra,0,joint_count,30,10,xianfa,憲法,zhixian,制憲,0,0,0,0.00750834260289,0.00531914893617,0.133767082262,1,問題,3637,6,189,1,188,1,low_support,zhixian_strength<30; zhixian_neighbors<10
full,1,long_period_manual,long_period_manual_p004,core,intra,20,joint_count,30,10,lixian,立憲,xianzheng,憲政,0,0,0,0,0,0,0,,63,289,8,16,8,16,low_support,lixian_neighbors<10
full,1,long_period_manual,long_period_manual_p004,core,cross,20,joint_count,30,10,lixian,立憲,xianfa,憲法,0,0,0,0.0248366013072,0.0769230769231,0.0334704701999,2,成立; 國家,63,406,8,27,8,20,low_support,lixian_neighbors<10
full,1,long_period_manual,long_period_manual_p004,core,cross,20,joint_count,30,10,lixian,立憲,zhixian,制憲,0,0,0,0,0,0,0,,63,4,8,1,8,1,low_support,zhixian_strength<30; lixian_neighbors<10; zhixian_neighbors<10
full,1,long_period_manual,long_period_manual_p004,core,cross,20,joint_count,30,10,xianzheng,憲政,xianfa,憲法,0,0,0,0.0425531914894,0.0909090909091,0.103207551498,3,問題; 實施; 實行,289,406,16,27,16,20,ok,
full,1,long_period_manual,long_period_manual_p004,core,cross,20,joint_count,30,10,xianzheng,憲政,zhixian,制憲,0,0,0,0.0644567219153,0.0625,0.238183433769,1,問題,289,4,16,1,16,1,low_support,zhixian_strength<30; zhixian_neighbors<10
full,1,long_period_manual,long_period_manual_p004,core,intra,20,joint_count,30,10,xianfa,憲法,zhixian,制憲,0,0,0,0.0221642764016,0.05,0.120758861346,1,問題,406,4,27,1,20,1,low_support,zhixian_strength<30; zhixian_neighbors<10
full,1,long_period_manual,long_period_manual_p004,core,intra,50,joint_count,30,10,lixian,立憲,xianzheng,憲政,0,0,0,0,0,0,0,,63,289,8,16,8,16,low_support,lixian_neighbors<10
full,1,long_period_manual,long_period_manual_p004,core,cross,50,joint_count,30,10,lixian,立憲,xianfa,憲法,0,0,0,0.0239596469105,0.0606060606061,0.0333762912206,2,成立; 國家,63,406,8,27,8,27,low_support,lixian_neighbors<10
full,1,long_period_manual,long_period_manual_p004,core,cross,50,joint_count,30,10,lixian,立憲,zhixian,制憲,0,0,0,0,0,0,0,,63,4,8,1,8,1,low_support,zhixian_strength<30; lixian_neighbors<10; zhixian_neighbors<10
full,1,long_period_manual,long_period_manual_p004,core,cross,50,joint_count,30,10,xianzheng,憲政,xianfa,憲法,0,0,0,0.0463917525773,0.102564102564,0.10388124185,4,問題; 實施; 實行; 討論,289,406,16,27,16,27,ok,
full,1,long_period_manual,long_period_manual_p004,core,cross,50,joint_count,30,10,xianzheng,憲政,zhixian,制憲,0,0,0,0.0644567219153,0.0625,0.238183433769,1,問題,289,4,16,1,16,1,low_support,zhixian_strength<30; zhixian_neighbors<10
full,1,long_period_manual,long_period_manual_p004,core,intra,50,joint_count,30,10,xianfa,憲法,zhixian,制憲,0,0,0,0.0213836477987,0.037037037037,0.120419070891,1,問題,406,4,27,1,27,1,low_support,zhixian_strength<30; zhixian_neighbors<10
full,1,long_period_manual,long_period_manual_p004,core,intra,100,joint_count,30,10,lixian,立憲,xianzheng,憲政,0,0,0,0,0,0,0,,63,289,8,16,8,16,low_support,lixian_neighbors<10
full,1,long_period_manual,long_period_manual_p004,core,cross,100,joint_count,30,10,lixian,立憲,xianfa,憲法,0,0,0,0.0239596469105,0.0606060606061,0.0333762912206,2,成立; 國家,63,406,8,27,8,27,low_support,lixian_neighbors<10
full,1,long_period_manual,long_period_manual_p004,core,cross,100,joint_count,30,10,lixian,立憲,zhixian,制憲,0,0,0,0,0,0,0,,63,4,8,1,8,1,low_support,zhixian_strength<30; lixian_neighbors<10; zhixian_neighbors<10
full,1,long_period_manual,long_period_manual_p004,core,cross,100,joint_count,30,10,xianzheng,憲政,xianfa,憲法,0,0,0,0.0463917525773,0.102564102564,0.10388124185,4,問題; 實施; 實行; 討論,289,406,16,27,16,27,ok,
full,1,long_period_manual,long_period_manual_p004,core,cross,100,joint_count,30,10,xianzheng,憲政,zhixian,制憲,0,0,0,0.0644567219153,0.0625,0.238183433769,1,問題,289,4,16,1,16,1,low_support,zhixian_strength<30; zhixian_neighbors<10
full,1,long_period_manual,long_period_manual_p004,core,intra,100,joint_count,30,10,xianfa,憲法,zhixian,制憲,0,0,0,0.0213836477987,0.037037037037,0.120419070891,1,問題,406,4,27,1,27,1,low_support,zhixian_strength<30; zhixian_neighbors<10
full,1,long_period_manual,long_period_manual_p004,core,intra,0,joint_count,30,10,lixian,立憲,xianzheng,憲政,0,0,0,0,0,0,0,,63,289,8,16,8,16,low_support,lixian_neighbors<10
full,1,long_period_manual,long_period_manual_p004,core,cross,0,joint_count,30,10,lixian,立憲,xianfa,憲法,0,0,0,0.0239596469105,0.0606060606061,0.0333762912206,2,成立; 國家,63,406,8,27,8,27,low_support,lixian_neighbors<10
full,1,long_period_manual,long_period_manual_p004,core,cross,0,joint_count,30,10,lixian,立憲,zhixian,制憲,0,0,0,0,0,0,0,,63,4,8,1,8,1,low_support,zhixian_strength<30; lixian_neighbors<10; zhixian_neighbors<10
full,1,long_period_manual,long_period_manual_p004,core,cross,0,joint_count,30,10,xianzheng,憲政,xianfa,憲法,0,0,0,0.0463917525773,0.102564102564,0.10388124185,4,問題; 實施; 實行; 討論,289,406,16,27,16,27,ok,
full,1,long_period_manual,long_period_manual_p004,core,cross,0,joint_count,30,10,xianzheng,憲政,zhixian,制憲,0,0,0,0.0644567219153,0.0625,0.238183433769,1,問題,289,4,16,1,16,1,low_support,zhixian_strength<30; zhixian_neighbors<10
full,1,long_period_manual,long_period_manual_p004,core,intra,0,joint_count,30,10,xianfa,憲法,zhixian,制憲,0,0,0,0.0213836477987,0.037037037037,0.120419070891,1,問題,406,4,27,1,27,1,low_support,zhixian_strength<30; zhixian_neighbors<10
full,20,long_period_manual,long_period_manual_p004,core,intra,20,joint_count,30,10,lixian,立憲,xianzheng,憲政,0,0,0,0.140643362342,0.290322580645,0.407634463416,9,問題; 政府; 國民黨; 政治; 國; 中國; 國家; 重慶; 組織,359,4174,28,201,20,20,ok,
full,20,long_period_manual,long_period_manual_p004,core,cross,20,joint_count,30,10,lixian,立憲,xianfa,憲法,0.00721426086875,0.0362116991643,0.00143725815368,0.0729486768842,0.142857142857,0.395350802553,5,政府; 國; 國家; 問題; 印度,359,9045,28,403,20,20,ok,
full,20,long_period_manual,long_period_manual_p004,core,cross,20,joint_count,30,10,lixian,立憲,zhixian,制憲,0,0,0,0.0387513455328,0.05,0.2202834233,1,問題,359,18,28,2,20,1,low_support,zhixian_strength<30; zhixian_neighbors<10
full,20,long_period_manual,long_period_manual_p004,core,cross,20,joint_count,30,10,xianzheng,憲政,xianfa,憲法,0.0084629706685,0.0124580737901,0.0057490326147,0.170925237389,0.212121212121,0.292684755439,7,政府; 國; 人民; 國家; 問題; 國民大會; 人,4174,9045,201,403,20,20,ok,
full,20,long_period_manual,long_period_manual_p004,core,cross,20,joint_count,30,10,xianzheng,憲政,zhixian,制憲,0,0,0,0.0352358765288,0.05,0.312239610108,1,問題,4174,18,201,2,20,1,low_support,zhixian_strength<30; zhixian_neighbors<10
full,20,long_period_manual,long_period_manual_p004,core,intra,20,joint_count,30,10,xianfa,憲法,zhixian,制憲,0.0223049868373,0.000995024875622,0.5,0.0147376256048,0.05,0.174603989271,1,問題,9045,18,403,2,20,1,low_support,zhixian_strength<30; zhixian_neighbors<10
full,20,long_period_manual,long_period_manual_p004,core,intra,50,joint_count,30,10,lixian,立憲,xianzheng,憲政,0,0,0,0.154618114707,0.262295081967,0.419172824459,16,問題; 政府; 國民黨; 人民; 政治; 國; 中國; 國家; 重慶; 組織; 方面; 民主; 日本; 革命; 通過; 兩,359,4174,28,201,27,50,ok,
full,20,long_period_manual,long_period_manual_p004,core,cross,50,joint_count,30,10,lixian,立憲,xianfa,憲法,0.00721426086875,0.0362116991643,0.00143725815368,0.109849659745,0.222222222222,0.475660123404,14,政府; 國; 人民; 國家; 問題; 通過; 印度; 成立; 政治; 兩; 國王; 主張; 中國; 組織,359,9045,28,403,27,50,ok,
full,20,long_period_manual,long_period_manual_p004,core,cross,50,joint_count,30,10,lixian,立憲,zhixian,制憲,0,0,0,0.0354679802956,0.037037037037,0.216038026039,1,問題,359,18,28,2,27,1,low_support,zhixian_strength<30; zhixian_neighbors<10
full,20,long_period_manual,long_period_manual_p004,core,cross,50,joint_count,30,10,xianzheng,憲政,xianfa,憲法,0.0084629706685,0.0124580737901,0.0057490326147,0.178459783884,0.219512195122,0.37715979883,18,政府; 國; 人民; 國家; 問題; 國民大會; 人; 政治; 通過; 實施; 兩; 要求; 大會; 國民; 討論; 召集; 中國; 組織,4174,9045,201,403,50,50,ok,
full,20,long_period_manual,long_period_manual_p004,core,cross,50,joint_count,30,10,xianzheng,憲政,zhixian,制憲,0,0,0,0.0275125056844,0.02,0.283561387357,1,問題,4174,18,201,2,50,1,low_support,zhixian_strength<30; zhixian_neighbors<10
full,20,long_period_manual,long_period_manual_p004,core,intra,50,joint_count,30,10,xianfa,憲法,zhixian,制憲,0.0223049868373,0.000995024875622,0.5,0.0119789460947,0.02,0.1560227979,1,問題,9045,18,403,2,50,1,low_support,zhixian_strength<30; zhixian_neighbors<10
full,20,long_period_manual,long_period_manual_p004,core,intra,100,joint_count,30,10,lixian,立憲,xianzheng,憲政,0,0,0,0.146182031428,0.18691588785,0.433736150953,20,問題; 政府; 國民黨; 人民; 政治; 國; 中國; 國家; 重慶; 組織; 方面; 民主; 日本; 革命; 通過; 兩; 主張; 成立; 政黨; 印度,359,4174,28,201,27,100,ok,
full,20,long_period_manual,long_period_manual_p004,core,cross,100,joint_count,30,10,lixian,立憲,xianfa,憲法,0.00721426086875,0.0362116991643,0.00143725815368,0.105415731806,0.154545454545,0.46720225577,17,政府; 國; 人民; 國家; 問題; 通過; 印度; 成立; 政治; 兩; 國王; 主張; 中國; 組織; 政黨; 方面; 日本,359,9045,28,403,27,100,ok,
full,20,long_period_manual,long_period_manual_p004,core,cross,100,joint_count,30,10,lixian,立憲,zhixian,制憲,0,0,0,0.0354679802956,0.037037037037,0.216038026039,1,問題,359,18,28,2,27,1,low_support,zhixian_strength<30; zhixian_neighbors<10
full,20,long_period_manual,long_period_manual_p004,core,cross,100,joint_count,30,10,xianzheng,憲政,xianfa,憲法,0.0084629706685,0.0124580737901,0.0057490326147,0.213711319137,0.26582278481,0.425999770748,42,政府; 國; 人民; 國家; 問題; 國民大會; 人; 政治; 通過; 實施; 兩; 要求; 大會; 國民; 討論; 自由; 召集; 主張; 成立; 中國,4174,9045,201,403,100,100,ok,
full,20,long_period_manual,long_period_manual_p004,core,cross,100,joint_count,30,10,xianzheng,憲政,zhixian,制憲,0,0,0,0.0228603816361,0.01,0.271666027829,1,問題,4174,18,201,2,100,1,low_support,zhixian_strength<30; zhixian_neighbors<10
full,20,long_period_manual,long_period_manual_p004,core,intra,100,joint_count,30,10,xianfa,憲法,zhixian,制憲,0.0223049868373,0.000995024875622,0.5,0.0100594421582,0.01,0.147016372515,1,問題,9045,18,403,2,100,1,low_support,zhixian_strength<30; zhixian_neighbors<10
full,20,long_period_manual,long_period_manual_p004,core,intra,0,joint_count,30,10,lixian,立憲,xianzheng,憲政,0,0,0,0.131313529943,0.101941747573,0.427798674439,21,問題; 政府; 國民黨; 人民; 政治; 國; 中國; 國家; 重慶; 組織; 方面; 民主; 日本; 革命; 通過; 兩; 主張; 成立; 政黨; 印度,359,4174,28,201,27,200,ok,
full,20,long_period_manual,long_period_manual_p004,core,cross,0,joint_count,30,10,lixian,立憲,xianfa,憲法,0.00721426086875,0.0362116991643,0.00143725815368,0.0909737667752,0.0621890547264,0.46317027301,25,政府; 國; 人民; 國家; 問題; 通過; 印度; 成立; 政治; 兩; 國王; 主張; 中國; 組織; 政黨; 方面; 日本; 紀念; 國民黨; 挪威,359,9045,28,403,27,400,ok,
full,20,long_period_manual,long_period_manual_p004,core,cross,0,joint_count,30,10,lixian,立憲,zhixian,制憲,0,0,0,0.0354679802956,0.037037037037,0.216038026039,1,問題,359,18,28,2,27,1,low_support,zhixian_strength<30; zhixian_neighbors<10
full,20,long_period_manual,long_period_manual_p004,core,cross,0,joint_count,30,10,xianzheng,憲政,xianfa,憲法,0.0084629706685,0.0124580737901,0.0057490326147,0.234587596698,0.268498942918,0.478015457989,127,政府; 國; 人民; 國家; 問題; 國民大會; 人; 政治; 通過; 實施; 兩; 要求; 大會; 國民; 討論; 自由; 召集; 主張; 成立; 中國,4174,9045,201,403,200,400,ok,
full,20,long_period_manual,long_period_manual_p004,core,cross,0,joint_count,30,10,xianzheng,憲政,zhixian,制憲,0,0,0,0.0198751642576,0.005,0.267150481111,1,問題,4174,18,201,2,200,1,low_support,zhixian_strength<30; zhixian_neighbors<10
full,20,long_period_manual,long_period_manual_p004,core,intra,0,joint_count,30,10,xianfa,憲法,zhixian,制憲,0.0223049868373,0.000995024875622,0.5,0.00739109335921,0.0025,0.139250698714,1,問題,9045,18,403,2,400,1,low_support,zhixian_strength<30; zhixian_neighbors<10
full,5,long_period_manual,long_period_manual_p004,core,intra,20,joint_count,30,10,lixian,立憲,xianzheng,憲政,0,0,0,0.0253565768621,0.0869565217391,0.0881259986275,2,政府; 中國,61,743,5,46,5,20,low_support,lixian_neighbors<10
full,5,long_period_manual,long_period_manual_p004,core,cross,20,joint_count,30,10,lixian,立憲,xianfa,憲法,0,0,0,0.0383141762452,0.0869565217391,0.265471814701,2,政府; 成立,61,1575,5,93,5,20,low_support,lixian_neighbors<10
full,5,long_period_manual,long_period_manual_p004,core,cross,20,joint_count,30,10,lixian,立憲,zhixian,制憲,0,0,0,0,0,0,0,,61,0,5,0,5,0,low_support,zhixian_strength<30; lixian_neighbors<10; zhixian_neighbors<10
full,5,long_period_manual,long_period_manual_p004,core,cross,20,joint_count,30,10,xianzheng,憲政,xianfa,憲法,0.0110929373472,0.0161507402423,0.00761904761905,0.0802972615786,0.142857142857,0.182372093358,5,政府; 國家; 問題; 國民大會; 實施,743,1575,46,93,20,20,ok,
full,5,long_period_manual,long_period_manual_p004,core,cross,20,joint_count,30,10,xianzheng,憲政,zhixian,制憲,0,0,0,0,0,0,0,,743,0,46,0,20,0,low_support,zhixian_strength<30; zhixian_neighbors<10
full,5,long_period_manual,long_period_manual_p004,core,intra,20,joint_count,30,10,xianfa,憲法,zhixian,制憲,0,0,0,0,0,0,0,,1575,0,93,0,20,0,low_support,zhixian_strength<30; zhixian_neighbors<10
full,5,long_period_manual,long_period_manual_p004,core,intra,50,joint_count,30,10,lixian,立憲,xianzheng,憲政,0,0,0,0.0221914008322,0.0416666666667,0.0866754829013,2,政府; 中國,61,743,5,46,5,45,low_support,lixian_neighbors<10
full,5,long_period_manual,long_period_manual_p004,core,cross,50,joint_count,30,10,lixian,立憲,xianfa,憲法,0,0,0,0.0385314431116,0.0576923076923,0.26549360325,3,政府; 成立; 政治,61,1575,5,93,5,50,low_support,lixian_neighbors<10
full,5,long_period_manual,long_period_manual_p004,core,cross,50,joint_count,30,10,lixian,立憲,zhixian,制憲,0,0,0,0,0,0,0,,61,0,5,0,5,0,low_support,zhixian_strength<30; lixian_neighbors<10; zhixian_neighbors<10
full,5,long_period_manual,long_period_manual_p004,core,cross,50,joint_count,30,10,xianzheng,憲政,xianfa,憲法,0.0110929373472,0.0161507402423,0.00761904761905,0.0971437302713,0.144578313253,0.209967150437,12,政府; 國家; 問題; 國民大會; 實施; 實行; 制定; 召集; 基礎; 國; 日本; 討論,743,1575,46,93,45,50,ok,
full,5,long_period_manual,long_period_manual_p004,core,cross,50,joint_count,30,10,xianzheng,憲政,zhixian,制憲,0,0,0,0,0,0,0,,743,0,46,0,45,0,low_support,zhixian_strength<30; zhixian_neighbors<10
full,5,long_period_manual,long_period_manual_p004,core,intra,50,joint_count,30,10,xianfa,憲法,zhixian,制憲,0,0,0,0,0,0,0,,1575,0,93,0,50,0,low_support,zhixian_strength<30; zhixian_neighbors<10
full,5,long_period_manual,long_period_manual_p004,core,intra,100,joint_count,30,10,lixian,立憲,xianzheng,憲政,0,0,0,0.0221914008322,0.0416666666667,0.0866754829013,2,政府; 中國,61,743,5,46,5,45,low_support,lixian_neighbors<10
full,5,long_period_manual,long_period_manual_p004,core,cross,100,joint_count,30,10,lixian,立憲,xianfa,憲法,0,0,0,0.0373553719008,0.0430107526882,0.266506027112,4,政府; 成立; 政治; 中國,61,1575,5,93,5,92,low_support,lixian_neighbors<10
full,5,long_period_manual,long_period_manual_p004,core,cross,100,joint_count,30,10,lixian,立憲,zhixian,制憲,0,0,0,0,0,0,0,,61,0,5,0,5,0,low_support,zhixian_strength<30; lixian_neighbors<10; zhixian_neighbors<10
full,5,long_period_manual,long_period_manual_p004,core,cross,100,joint_count,30,10,xianzheng,憲政,xianfa,憲法,0.0110929373472,0.0161507402423,0.00761904761905,0.0956451045149,0.122950819672,0.211917742223,15,政府; 國家; 問題; 國民大會; 實施; 實行; 制定; 召集; 基礎; 國; 日本; 討論; 召開; 中國; 人,743,1575,46,93,45,92,ok,
full,5,long_period_manual,long_period_manual_p004,core,cross,100,joint_count,30,10,xianzheng,憲政,zhixian,制憲,0,0,0,0,0,0,0,,743,0,46,0,45,0,low_support,zhixian_strength<30; zhixian_neighbors<10
full,5,long_period_manual,long_period_manual_p004,core,intra,100,joint_count,30,10,xianfa,憲法,zhixian,制憲,0,0,0,0,0,0,0,,1575,0,93,0,92,0,low_support,zhixian_strength<30; zhixian_neighbors<10
full,5,long_period_manual,long_period_manual_p004,core,intra,0,joint_count,30,10,lixian,立憲,xianzheng,憲政,0,0,0,0.0221914008322,0.0416666666667,0.0866754829013,2,政府; 中國,61,743,5,46,5,45,low_support,lixian_neighbors<10
full,5,long_period_manual,long_period_manual_p004,core,cross,0,joint_count,30,10,lixian,立憲,xianfa,憲法,0,0,0,0.0373553719008,0.0430107526882,0.266506027112,4,政府; 成立; 政治; 中國,61,1575,5,93,5,92,low_support,lixian_neighbors<10
full,5,long_period_manual,long_period_manual_p004,core,cross,0,joint_count,30,10,lixian,立憲,zhixian,制憲,0,0,0,0,0,0,0,,61,0,5,0,5,0,low_support,zhixian_strength<30; lixian_neighbors<10; zhixian_neighbors<10
full,5,long_period_manual,long_period_manual_p004,core,cross,0,joint_count,30,10,xianzheng,憲政,xianfa,憲法,0.0110929373472,0.0161507402423,0.00761904761905,0.0956451045149,0.122950819672,0.211917742223,15,政府; 國家; 問題; 國民大會; 實施; 實行; 制定; 召集; 基礎; 國; 日本; 討論; 召開; 中國; 人,743,1575,46,93,45,92,ok,
full,5,long_period_manual,long_period_manual_p004,core,cross,0,joint_count,30,10,xianzheng,憲政,zhixian,制憲,0,0,0,0,0,0,0,,743,0,46,0,45,0,low_support,zhixian_strength<30; zhixian_neighbors<10
full,5,long_period_manual,long_period_manual_p004,core,intra,0,joint_count,30,10,xianfa,憲法,zhixian,制憲,0,0,0,0,0,0,0,,1575,0,93,0,92,0,low_support,zhixian_strength<30; zhixian_neighbors<10
regex-only,10,long_period_manual,long_period_manual_p004,core,intra,20,joint_count,30,10,lixian,立憲,xianzheng,憲政,0,0,0,0.0927651411346,0.172413793103,0.298141966511,5,問題; 政府; 中國; 政治; 國家,150,1943,14,107,14,20,ok,
regex-only,10,long_period_manual,long_period_manual_p004,core,cross,20,joint_count,30,10,lixian,立憲,xianfa,憲法,0,0,0,0.0642086078789,0.172413793103,0.40427678267,5,政府; 問題; 印度; 國家; 成立,150,5789,14,270,14,20,ok,
regex-only,10,long_period_manual,long_period_manual_p004,core,cross,20,joint_count,30,10,lixian,立憲,zhixian,制憲,0,0,0,0,0,0,0,,150,0,14,0,14,0,low_support,zhixian_strength<30; zhixian_neighbors<10
regex-only,10,long_period_manual,long_period_manual_p004,core,cross,20,joint_count,30,10,xianzheng,憲政,xianfa,憲法,0.0101377305033,0.0174987133299,0.00587320780791,0.137710567048,0.176470588235,0.227211425123,6,政府; 國; 人民; 問題; 國民大會; 國家,1943,5789,107,270,20,20,ok,
regex-only,10,long_period_manual,long_period_manual_p004,core,cross,20,joint_count,30,10,xianzheng,憲政,zhixian,制憲,0,0,0,0,0,0,0,,1943,0,107,0,20,0,low_support,zhixian_strength<30; zhixian_neighbors<10
regex-only,10,long_period_manual,long_period_manual_p004,core,intra,20,joint_count,30,10,xianfa,憲法,zhixian,制憲,0,0,0,0,0,0,0,,5789,0,270,0,20,0,low_support,zhixian_strength<30; zhixian_neighbors<10
regex-only,10,long_period_manual,long_period_manual_p004,core,intra,50,joint_count,30,10,lixian,立憲,xianzheng,憲政,0,0,0,0.0895691321599,0.122807017544,0.298153751749,7,問題; 政府; 中國; 政治; 國家; 民主; 革命,150,1943,14,107,14,50,ok,
regex-only,10,long_period_manual,long_period_manual_p004,core,cross,50,joint_count,30,10,lixian,立憲,xianfa,憲法,0,0,0,0.0652305458066,0.122807017544,0.417229472462,7,政府; 問題; 印度; 國家; 成立; 政治; 中國,150,5789,14,270,14,50,ok,
regex-only,10,long_period_manual,long_period_manual_p004,core,cross,50,joint_count,30,10,lixian,立憲,zhixian,制憲,0,0,0,0,0,0,0,,150,0,14,0,14,0,low_support,zhixian_strength<30; zhixian_neighbors<10
regex-only,10,long_period_manual,long_period_manual_p004,core,cross,50,joint_count,30,10,xianzheng,憲政,xianfa,憲法,0.0101377305033,0.0174987133299,0.00587320780791,0.153224271563,0.204819277108,0.311631317861,17,政府; 國; 人民; 問題; 國民大會; 國家; 委員會; 國民; 政治; 召集; 要求; 人; 中國; 大會; 實施; 兩; 討論,1943,5789,107,270,50,50,ok,
regex-only,10,long_period_manual,long_period_manual_p004,core,cross,50,joint_count,30,10,xianzheng,憲政,zhixian,制憲,0,0,0,0,0,0,0,,1943,0,107,0,50,0,low_support,zhixian_strength<30; zhixian_neighbors<10
regex-only,10,long_period_manual,long_period_manual_p004,core,intra,50,joint_count,30,10,xianfa,憲法,zhixian,制憲,0,0,0,0,0,0,0,,5789,0,270,0,50,0,low_support,zhixian_strength<30; zhixian_neighbors<10
regex-only,10,long_period_manual,long_period_manual_p004,core,intra,100,joint_count,30,10,lixian,立憲,xianzheng,憲政,0,0,0,0.0867831673919,0.0961538461538,0.306022369117,10,問題; 政府; 中國; 政治; 國家; 民主; 革命; 主張; 政黨; 成立,150,1943,14,107,14,100,ok,
regex-only,10,long_period_manual,long_period_manual_p004,core,cross,100,joint_count,30,10,lixian,立憲,xianfa,憲法,0,0,0,0.0653384747215,0.0961538461538,0.4142530005,10,政府; 問題; 印度; 國家; 成立; 政治; 中國; 主張; 政黨; 紀念,150,5789,14,270,14,100,ok,
regex-only,10,long_period_manual,long_period_manual_p004,core,cross,100,joint_count,30,10,lixian,立憲,zhixian,制憲,0,0,0,0,0,0,0,,150,0,14,0,14,0,low_support,zhixian_strength<30; zhixian_neighbors<10
regex-only,10,long_period_manual,long_period_manual_p004,core,cross,100,joint_count,30,10,xianzheng,憲政,xianfa,憲法,0.0101377305033,0.0174987133299,0.00587320780791,0.174844319458,0.234567901235,0.336689952655,38,政府; 國; 人民; 問題; 國民大會; 國家; 委員會; 國民; 政治; 召集; 要求; 人; 中國; 大會; 實施; 兩; 討論; 日本; 實行; 組織,1943,5789,107,270,100,100,ok,
regex-only,10,long_period_manual,long_period_manual_p004,core,cross,100,joint_count,30,10,xianzheng,憲政,zhixian,制憲,0,0,0,0,0,0,0,,1943,0,107,0,100,0,low_support,zhixian_strength<30; zhixian_neighbors<10
regex-only,10,long_period_manual,long_period_manual_p004,core,intra,100,joint_count,30,10,xianfa,憲法,zhixian,制憲,0,0,0,0,0,0,0,,5789,0,270,0,100,0,low_support,zhixian_strength<30; zhixian_neighbors<10
regex-only,10,long_period_manual,long_period_manual_p004,core,intra,0,joint_count,30,10,lixian,立憲,xianzheng,憲政,0,0,0,0.0859024379243,0.0909090909091,0.305640022444,10,問題; 政府; 中國; 政治; 國家; 民主; 革命; 主張; 政黨; 成立,150,1943,14,107,14,106,ok,
regex-only,10,long_period_manual,long_period_manual_p004,core,cross,0,joint_count,30,10,lixian,立憲,xianfa,憲法,0,0,0,0.0578209474938,0.0442804428044,0.407311120492,12,政府; 問題; 印度; 國家; 成立; 政治; 中國; 主張; 政黨; 紀念; 挪威; 民主,150,5789,14,270,14,269,ok,
regex-only,10,long_period_manual,long_period_manual_p004,core,cross,0,joint_count,30,10,lixian,立憲,zhixian,制憲,0,0,0,0,0,0,0,,150,0,14,0,14,0,low_support,zhixian_strength<30; zhixian_neighbors<10
regex-only,10,long_period_manual,long_period_manual_p004,core,cross,0,joint_count,30,10,xianzheng,憲政,xianfa,憲法,0.0101377305033,0.0174987133299,0.00587320780791,0.182260220269,0.221498371336,0.361188626094,68,政府; 國; 人民; 問題; 國民大會; 國家; 委員會; 國民; 政治; 召集; 要求; 人; 中國; 大會; 實施; 兩; 討論; 日本; 實行; 組織,1943,5789,107,270,106,269,ok,
regex-only,10,long_period_manual,long_period_manual_p004,core,cross,0,joint_count,30,10,xianzheng,憲政,zhixian,制憲,0,0,0,0,0,0,0,,1943,0,107,0,106,0,low_support,zhixian_strength<30; zhixian_neighbors<10
regex-only,10,long_period_manual,long_period_manual_p004,core,intra,0,joint_count,30,10,xianfa,憲法,zhixian,制憲,0,0,0,0,0,0,0,,5789,0,270,0,269,0,low_support,zhixian_strength<30; zhixian_neighbors<10
regex-only,1,long_period_manual,long_period_manual_p004,core,intra,20,joint_count,30,10,lixian,立憲,xianzheng,憲政,0,0,0,0.00666666666667,0.0416666666667,0.00723047181421,1,成立,63,302,8,17,8,17,low_support,lixian_neighbors<10
regex-only,1,long_period_manual,long_period_manual_p004,core,cross,20,joint_count,30,10,lixian,立憲,xianfa,憲法,0,0,0,0.0315512708151,0.0769230769231,0.103248426629,2,成立; 政府,63,668,8,50,8,20,low_support,lixian_neighbors<10
regex-only,1,long_period_manual,long_period_manual_p004,core,cross,20,joint_count,30,10,lixian,立憲,zhixian,制憲,0,0,0,0,0,0,0,,63,4,8,1,8,1,low_support,zhixian_strength<30; lixian_neighbors<10; zhixian_neighbors<10
regex-only,1,long_period_manual,long_period_manual_p004,core,cross,20,joint_count,30,10,xianzheng,憲政,xianfa,憲法,0,0,0,0.0314135821814,0.0882352941176,0.0808454505938,3,問題; 實施; 成立,302,668,17,50,17,20,ok,
regex-only,1,long_period_manual,long_period_manual_p004,core,cross,20,joint_count,30,10,xianzheng,憲政,zhixian,制憲,0,0,0,0.0615114235501,0.0588235294118,0.225277284697,1,問題,302,4,17,1,17,1,low_support,zhixian_strength<30; zhixian_neighbors<10
regex-only,1,long_period_manual,long_period_manual_p004,core,intra,20,joint_count,30,10,xianfa,憲法,zhixian,制憲,0,0,0,0.0146551724138,0.05,0.0997329078072,1,問題,668,4,50,1,20,1,low_support,zhixian_strength<30; zhixian_neighbors<10
regex-only,1,long_period_manual,long_period_manual_p004,core,intra,50,joint_count,30,10,lixian,立憲,xianzheng,憲政,0,0,0,0.00666666666667,0.0416666666667,0.00723047181421,1,成立,63,302,8,17,8,17,low_support,lixian_neighbors<10
regex-only,1,long_period_manual,long_period_manual_p004,core,cross,50,joint_count,30,10,lixian,立憲,xianfa,憲法,0,0,0,0.0308641975309,0.0545454545455,0.104561515025,3,成立; 政府; 國家,63,668,8,50,8,50,low_support,lixian_neighbors<10
regex-only,1,long_period_manual,long_period_manual_p004,core,cross,50,joint_count,30,10,lixian,立憲,zhixian,制憲,0,0,0,0,0,0,0,,63,4,8,1,8,1,low_support,zhixian_strength<30; lixian_neighbors<10; zhixian_neighbors<10
regex-only,1,long_period_manual,long_period_manual_p004,core,cross,50,joint_count,30,10,xianzheng,憲政,xianfa,憲法,0,0,0,0.0355366428318,0.0806451612903,0.087238152927,5,問題; 實施; 成立; 實行; 討論,302,668,17,50,17,50,ok,
regex-only,1,long_period_manual,long_period_manual_p004,core,cross,50,joint_count,30,10,xianzheng,憲政,zhixian,制憲,0,0,0,0.0615114235501,0.0588235294118,0.225277284697,1,問題,302,4,17,1,17,1,low_support,zhixian_strength<30; zhixian_neighbors<10
regex-only,1,long_period_manual,long_period_manual_p004,core,intra,50,joint_count,30,10,xianfa,憲法,zhixian,制憲,0,0,0,0.0128885519333,0.02,0.0982150442986,1,問題,668,4,50,1,50,1,low_support,zhixian_strength<30; zhixian_neighbors<10
regex-only,1,long_period_manual,long_period_manual_p004,core,intra,100,joint_count,30,10,lixian,立憲,xianzheng,憲政,0,0,0,0.00666666666667,0.0416666666667,0.00723047181421,1,成立,63,302,8,17,8,17,low_support,lixian_neighbors<10
regex-only,1,long_period_manual,long_period_manual_p004,core,cross,100,joint_count,30,10,lixian,立憲,xianfa,憲法,0,0,0,0.0308641975309,0.0545454545455,0.104561515025,3,成立; 政府; 國家,63,668,8,50,8,50,low_support,lixian_neighbors<10
regex-only,1,long_period_manual,long_period_manual_p004,core,cross,100,joint_count,30,10,lixian,立憲,zhixian,制憲,0,0,0,0,0,0,0,,63,4,8,1,8,1,low_support,zhixian_strength<30; lixian_neighbors<10; zhixian_neighbors<10
regex-only,1,long_period_manual,long_period_manual_p004,core,cross,100,joint_count,30,10,xianzheng,憲政,xianfa,憲法,0,0,0,0.0355366428318,0.0806451612903,0.087238152927,5,問題; 實施; 成立; 實行; 討論,302,668,17,50,17,50,ok,
regex-only,1,long_period_manual,long_period_manual_p004,core,cross,100,joint_count,30,10,xianzheng,憲政,zhixian,制憲,0,0,0,0.0615114235501,0.0588235294118,0.225277284697,1,問題,302,4,17,1,17,1,low_support,zhixian_strength<30; zhixian_neighbors<10
regex-only,1,long_period_manual,long_period_manual_p004,core,intra,100,joint_count,30,10,xianfa,憲法,zhixian,制憲,0,0,0,0.0128885519333,0.02,0.0982150442986,1,問題,668,4,50,1,50,1,low_support,zhixian_strength<30; zhixian_neighbors<10
regex-only,1,long_period_manual,long_period_manual_p004,core,intra,0,joint_count,30,10,lixian,立憲,xianzheng,憲政,0,0,0,0.00666666666667,0.0416666666667,0.00723047181421,1,成立,63,302,8,17,8,17,low_support,lixian_neighbors<10
regex-only,1,long_period_manual,long_period_manual_p004,core,cross,0,joint_count,30,10,lixian,立憲,xianfa,憲法,0,0,0,0.0308641975309,0.0545454545455,0.104561515025,3,成立; 政府; 國家,63,668,8,50,8,50,low_support,lixian_neighbors<10
regex-only,1,long_period_manual,long_period_manual_p004,core,cross,0,joint_count,30,10,lixian,立憲,zhixian,制憲,0,0,0,0,0,0,0,,63,4,8,1,8,1,low_support,zhixian_strength<30; lixian_neighbors<10; zhixian_neighbors<10
regex-only,1,long_period_manual,long_period_manual_p004,core,cross,0,joint_count,30,10,xianzheng,憲政,xianfa,憲法,0,0,0,0.0355366428318,0.0806451612903,0.087238152927,5,問題; 實施; 成立; 實行; 討論,302,668,17,50,17,50,ok,
regex-only,1,long_period_manual,long_period_manual_p004,core,cross,0,joint_count,30,10,xianzheng,憲政,zhixian,制憲,0,0,0,0.0615114235501,0.0588235294118,0.225277284697,1,問題,302,4,17,1,17,1,low_support,zhixian_strength<30; zhixian_neighbors<10
regex-only,1,long_period_manual,long_period_manual_p004,core,intra,0,joint_count,30,10,xianfa,憲法,zhixian,制憲,0,0,0,0.0128885519333,0.02,0.0982150442986,1,問題,668,4,50,1,50,1,low_support,zhixian_strength<30; zhixian_neighbors<10
regex-only,20,long_period_manual,long_period_manual_p004,core,intra,20,joint_count,30,10,lixian,立憲,xianzheng,憲政,0,0,0,0.17348306214,0.379310344828,0.466230972045,11,問題; 政府; 政治; 國民; 中國; 人民; 國; 民主; 重慶; 國家; 組織,410,4557,31,208,20,20,ok,
regex-only,20,long_period_manual,long_period_manual_p004,core,cross,20,joint_count,30,10,lixian,立憲,xianfa,憲法,0.00510174755218,0.0292682926829,0.000889284126278,0.0918011615015,0.212121212121,0.463884023782,7,政府; 國; 人民; 問題; 國家; 印度; 兩,410,13494,31,529,20,20,ok,
regex-only,20,long_period_manual,long_period_manual_p004,core,cross,20,joint_count,30,10,lixian,立憲,zhixian,制憲,0,0,0,0.0393939393939,0.05,0.201107903786,1,問題,410,26,31,2,20,1,low_support,zhixian_strength<30; zhixian_neighbors<10
regex-only,20,long_period_manual,long_period_manual_p004,core,cross,20,joint_count,30,10,xianzheng,憲政,xianfa,憲法,0.00777893186952,0.0133859995611,0.00452052764191,0.158284075821,0.176470588235,0.298515594287,6,政府; 國; 人民; 問題; 國家; 國民大會,4557,13494,208,529,20,20,ok,
regex-only,20,long_period_manual,long_period_manual_p004,core,cross,20,joint_count,30,10,xianzheng,憲政,zhixian,制憲,0,0,0,0.0395628717665,0.05,0.28687487515,1,問題,4557,26,208,2,20,1,low_support,zhixian_strength<30; zhixian_neighbors<10
regex-only,20,long_period_manual,long_period_manual_p004,core,intra,20,joint_count,30,10,xianfa,憲法,zhixian,制憲,0.0287006607008,0.00125981917889,0.653846153846,0.0178454271093,0.05,0.178066307194,1,問題,13494,26,529,2,20,1,low_support,zhixian_strength<30; zhixian_neighbors<10
regex-only,20,long_period_manual,long_period_manual_p004,core,intra,50,joint_count,30,10,lixian,立憲,xianzheng,憲政,0,0,0,0.168515305127,0.269841269841,0.47113101177,17,問題; 政府; 政治; 國民黨; 國民; 中國; 人民; 國; 民主; 重慶; 國家; 組織; 方面; 日本; 革命; 兩; 通過,410,4557,31,208,30,50,ok,
regex-only,20,long_period_manual,long_period_manual_p004,core,cross,50,joint_count,30,10,lixian,立憲,xianfa,憲法,0.00510174755218,0.0292682926829,0.000889284126278,0.115579949003,0.230769230769,0.523706465676,15,政府; 國; 人民; 問題; 國家; 通過; 議會; 印度; 兩; 成立; 國民; 政治; 中國; 日本; 英國,410,13494,31,529,30,50,ok,
regex-only,20,long_period_manual,long_period_manual_p004,core,cross,50,joint_count,30,10,lixian,立憲,zhixian,制憲,0,0,0,0.0344878408254,0.0333333333333,0.195976600339,1,問題,410,26,31,2,30,1,low_support,zhixian_strength<30; zhixian_neighbors<10
regex-only,20,long_period_manual,long_period_manual_p004,core,cross,50,joint_count,30,10,xianzheng,憲政,xianfa,憲法,0.00777893186952,0.0133859995611,0.00452052764191,0.197326337922,0.25,0.405548142939,20,政府; 國; 人民; 問題; 國家; 國民大會; 會議; 國民; 人; 大會; 委員會; 政治; 兩; 通過; 要求; 中國; 討論; 日本; 實施; 召集,4557,13494,208,529,50,50,ok,
regex-only,20,long_period_manual,long_period_manual_p004,core,cross,50,joint_count,30,10,xianzheng,憲政,zhixian,制憲,0,0,0,0.0295812921364,0.02,0.26135311375,1,問題,4557,26,208,2,50,1,low_support,zhixian_strength<30; zhixian_neighbors<10
regex-only,20,long_period_manual,long_period_manual_p004,core,intra,50,joint_count,30,10,xianfa,憲法,zhixian,制憲,0.0287006607008,0.00125981917889,0.653846153846,0.0138043036947,0.02,0.156756634551,1,問題,13494,26,529,2,50,1,low_support,zhixian_strength<30; zhixian_neighbors<10
regex-only,20,long_period_manual,long_period_manual_p004,core,intra,100,joint_count,30,10,lixian,立憲,xianzheng,憲政,0,0,0,0.158189655324,0.192660550459,0.481021189172,21,問題; 政府; 政治; 國民黨; 國民; 中國; 人民; 國; 民主; 重慶; 國家; 組織; 方面; 日本; 革命; 兩; 通過; 成立; 主張; 政黨,410,4557,31,208,30,100,ok,
regex-only,20,long_period_manual,long_period_manual_p004,core,cross,100,joint_count,30,10,lixian,立憲,xianfa,憲法,0.00510174755218,0.0292682926829,0.000889284126278,0.120846391814,0.203703703704,0.529683516002,22,政府; 國; 人民; 問題; 國家; 通過; 議會; 印度; 兩; 成立; 國民; 政治; 中國; 日本; 英國; 組織; 主張; 國王; 政黨; 方面,410,13494,31,529,30,100,ok,
regex-only,20,long_period_manual,long_period_manual_p004,core,cross,100,joint_count,30,10,lixian,立憲,zhixian,制憲,0,0,0,0.0344878408254,0.0333333333333,0.195976600339,1,問題,410,26,31,2,30,1,low_support,zhixian_strength<30; zhixian_neighbors<10
regex-only,20,long_period_manual,long_period_manual_p004,core,cross,100,joint_count,30,10,xianzheng,憲政,xianfa,憲法,0.00777893186952,0.0133859995611,0.00452052764191,0.217136400623,0.273885350318,0.448939571431,43,政府; 國; 人民; 問題; 國家; 國民大會; 會議; 國民; 人; 大會; 委員會; 政治; 兩; 通過; 自由; 要求; 中國; 討論; 日本; 代表,4557,13494,208,529,100,100,ok,
regex-only,20,long_period_manual,long_period_manual_p004,core,cross,100,joint_count,30,10,xianzheng,憲政,zhixian,制憲,0,0,0,0.0239678802977,0.01,0.250603013153,1,問題,4557,26,208,2,100,1,low_support,zhixian_strength<30; zhixian_neighbors<10
regex-only,20,long_period_manual,long_period_manual_p004,core,intra,100,joint_count,30,10,xianfa,憲法,zhixian,制憲,0.0287006607008,0.00125981917889,0.653846153846,0.0113522537563,0.01,0.147869682095,1,問題,13494,26,529,2,100,1,low_support,zhixian_strength<30; zhixian_neighbors<10
regex-only,20,long_period_manual,long_period_manual_p004,core,intra,0,joint_count,30,10,lixian,立憲,xianzheng,憲政,0,0,0,0.143567692446,0.112676056338,0.475852486313,24,問題; 政府; 政治; 國民黨; 國民; 中國; 人民; 國; 民主; 重慶; 國家; 組織; 方面; 日本; 革命; 兩; 通過; 成立; 主張; 政黨,410,4557,31,208,30,207,ok,
regex-only,20,long_period_manual,long_period_manual_p004,core,cross,0,joint_count,30,10,lixian,立憲,xianfa,憲法,0.00510174755218,0.0292682926829,0.000889284126278,0.0963883187004,0.0530303030303,0.5130132705,28,政府; 國; 人民; 問題; 國家; 通過; 議會; 印度; 兩; 成立; 國民; 政治; 中國; 日本; 英國; 組織; 主張; 國王; 政黨; 方面,410,13494,31,529,30,526,ok,
regex-only,20,long_period_manual,long_period_manual_p004,core,cross,0,joint_count,30,10,lixian,立憲,zhixian,制憲,0,0,0,0.0344878408254,0.0333333333333,0.195976600339,1,問題,410,26,31,2,30,1,low_support,zhixian_strength<30; zhixian_neighbors<10
regex-only,20,long_period_manual,long_period_manual_p004,core,cross,0,joint_count,30,10,xianzheng,憲政,xianfa,憲法,0.00777893186952,0.0133859995611,0.00452052764191,0.242472830415,0.257289879931,0.504965538357,150,政府; 國; 人民; 問題; 國家; 國民大會; 會議; 國民; 人; 大會; 委員會; 政治; 兩; 通過; 自由; 要求; 中國; 討論; 日本; 代表,4557,13494,208,529,207,526,ok,
regex-only,20,long_period_manual,long_period_manual_p004,core,cross,0,joint_count,30,10,xianzheng,憲政,zhixian,制憲,0,0,0,0.0203278561413,0.0048309178744,0.246179160541,1,問題,4557,26,208,2,207,1,low_support,zhixian_strength<30; zhixian_neighbors<10
regex-only,20,long_period_manual,long_period_manual_p004,core,intra,0,joint_count,30,10,xianfa,憲法,zhixian,制憲,0.0287006607008,0.00125981917889,0.653846153846,0.00758124756118,0.00190114068441,0.139069773672,1,問題,13494,26,529,2,526,1,low_support,zhixian_strength<30; zhixian_neighbors<10
regex-only,5,long_period_manual,long_period_manual_p004,core,intra,20,joint_count,30,10,lixian,立憲,xianzheng,憲政,0,0,0,0.0389221556886,0.12,0.120762721992,3,政府; 中國; 政治,80,807,8,49,8,20,low_support,lixian_neighbors<10
regex-only,5,long_period_manual,long_period_manual_p004,core,cross,20,joint_count,30,10,lixian,立憲,xianfa,憲法,0,0,0,0.0445896052258,0.12,0.303475452062,3,政府; 成立; 印度,80,2552,8,143,8,20,low_support,lixian_neighbors<10
regex-only,5,long_period_manual,long_period_manual_p004,core,cross,20,joint_count,30,10,lixian,立憲,zhixian,制憲,0,0,0,0,0,0,0,,80,0,8,0,8,0,low_support,zhixian_strength<30; lixian_neighbors<10; zhixian_neighbors<10
regex-only,5,long_period_manual,long_period_manual_p004,core,cross,20,joint_count,30,10,xianzheng,憲政,xianfa,憲法,0.00905870777396,0.0161090458488,0.00509404388715,0.071560950167,0.111111111111,0.109081455561,4,政府; 問題; 國民大會; 國家,807,2552,49,143,20,20,ok,
regex-only,5,long_period_manual,long_period_manual_p004,core,cross,20,joint_count,30,10,xianzheng,憲政,zhixian,制憲,0,0,0,0,0,0,0,,807,0,49,0,20,0,low_support,zhixian_strength<30; zhixian_neighbors<10
regex-only,5,long_period_manual,long_period_manual_p004,core,intra,20,joint_count,30,10,xianfa,憲法,zhixian,制憲,0,0,0,0,0,0,0,,2552,0,143,0,20,0,low_support,zhixian_strength<30; zhixian_neighbors<10
regex-only,5,long_period_manual,long_period_manual_p004,core,intra,50,joint_count,30,10,lixian,立憲,xianzheng,憲政,0,0,0,0.0389357560026,0.0769230769231,0.124921222409,4,政府; 中國; 政治; 民主,80,807,8,49,8,48,low_support,lixian_neighbors<10
regex-only,5,long_period_manual,long_period_manual_p004,core,cross,50,joint_count,30,10,lixian,立憲,xianfa,憲法,0,0,0,0.0483479105928,0.0943396226415,0.308219197076,5,政府; 成立; 印度; 中國; 政治,80,2552,8,143,8,50,low_support,lixian_neighbors<10
regex-only,5,long_period_manual,long_period_manual_p004,core,cross,50,joint_count,30,10,lixian,立憲,zhixian,制憲,0,0,0,0,0,0,0,,80,0,8,0,8,0,low_support,zhixian_strength<30; lixian_neighbors<10; zhixian_neighbors<10
regex-only,5,long_period_manual,long_period_manual_p004,core,cross,50,joint_count,30,10,xianzheng,憲政,xianfa,憲法,0.00905870777396,0.0161090458488,0.00509404388715,0.109932606514,0.166666666667,0.217473701843,14,政府; 問題; 國民大會; 國家; 實施; 委員會; 制定; 實行; 日本; 中國; 國民; 政治; 召集; 國,807,2552,49,143,48,50,ok,
regex-only,5,long_period_manual,long_period_manual_p004,core,cross,50,joint_count,30,10,xianzheng,憲政,zhixian,制憲,0,0,0,0,0,0,0,,807,0,49,0,48,0,low_support,zhixian_strength<30; zhixian_neighbors<10
regex-only,5,long_period_manual,long_period_manual_p004,core,intra,50,joint_count,30,10,xianfa,憲法,zhixian,制憲,0,0,0,0,0,0,0,,2552,0,143,0,50,0,low_support,zhixian_strength<30; zhixian_neighbors<10
regex-only,5,long_period_manual,long_period_manual_p004,core,intra,100,joint_count,30,10,lixian,立憲,xianzheng,憲政,0,0,0,0.0389357560026,0.0769230769231,0.124921222409,4,政府; 中國; 政治; 民主,80,807,8,49,8,48,low_support,lixian_neighbors<10
regex-only,5,long_period_manual,long_period_manual_p004,core,cross,100,joint_count,30,10,lixian,立憲,xianfa,憲法,0,0,0,0.0430084287876,0.0485436893204,0.300308147913,5,政府; 成立; 印度; 中國; 政治,80,2552,8,143,8,100,low_support,lixian_neighbors<10
regex-only,5,long_period_manual,long_period_manual_p004,core,cross,100,joint_count,30,10,lixian,立憲,zhixian,制憲,0,0,0,0,0,0,0,,80,0,8,0,8,0,low_support,zhixian_strength<30; lixian_neighbors<10; zhixian_neighbors<10
regex-only,5,long_period_manual,long_period_manual_p004,core,cross,100,joint_count,30,10,xianzheng,憲政,xianfa,憲法,0.00905870777396,0.0161090458488,0.00509404388715,0.113908779857,0.147286821705,0.22167470752,19,政府; 問題; 國民大會; 國家; 實施; 委員會; 制定; 實行; 日本; 中國; 國民; 政治; 召集; 國; 要求; 討論; 基礎; 自治; 召開,807,2552,49,143,48,100,ok,
regex-only,5,long_period_manual,long_period_manual_p004,core,cross,100,joint_count,30,10,xianzheng,憲政,zhixian,制憲,0,0,0,0,0,0,0,,807,0,49,0,48,0,low_support,zhixian_strength<30; zhixian_neighbors<10
regex-only,5,long_period_manual,long_period_manual_p004,core,intra,100,joint_count,30,10,xianfa,憲法,zhixian,制憲,0,0,0,0,0,0,0,,2552,0,143,0,100,0,low_support,zhixian_strength<30; zhixian_neighbors<10
regex-only,5,long_period_manual,long_period_manual_p004,core,intra,0,joint_count,30,10,lixian,立憲,xianzheng,憲政,0,0,0,0.0389357560026,0.0769230769231,0.124921222409,4,政府; 中國; 政治; 民主,80,807,8,49,8,48,low_support,lixian_neighbors<10
regex-only,5,long_period_manual,long_period_manual_p004,core,cross,0,joint_count,30,10,lixian,立憲,xianfa,憲法,0,0,0,0.0406786590352,0.0344827586207,0.298040590292,5,政府; 成立; 印度; 中國; 政治,80,2552,8,143,8,142,low_support,lixian_neighbors<10
regex-only,5,long_period_manual,long_period_manual_p004,core,cross,0,joint_count,30,10,lixian,立憲,zhixian,制憲,0,0,0,0,0,0,0,,80,0,8,0,8,0,low_support,zhixian_strength<30; lixian_neighbors<10; zhixian_neighbors<10
regex-only,5,long_period_manual,long_period_manual_p004,core,cross,0,joint_count,30,10,xianzheng,憲政,xianfa,憲法,0.00905870777396,0.0161090458488,0.00509404388715,0.113393276956,0.137724550898,0.222969884789,23,政府; 問題; 國民大會; 國家; 實施; 委員會; 制定; 實行; 日本; 中國; 國民; 政治; 召集; 國; 要求; 討論; 基礎; 自治; 召開; 黨,807,2552,49,143,48,142,ok,
regex-only,5,long_period_manual,long_period_manual_p004,core,cross,0,joint_count,30,10,xianzheng,憲政,zhixian,制憲,0,0,0,0,0,0,0,,807,0,49,0,48,0,low_support,zhixian_strength<30; zhixian_neighbors<10
regex-only,5,long_period_manual,long_period_manual_p004,core,intra,0,joint_count,30,10,xianfa,憲法,zhixian,制憲,0,0,0,0,0,0,0,,2552,0,143,0,142,0,low_support,zhixian_strength<30; zhixian_neighbors<10
strict,10,long_period_manual,long_period_manual_p004,core,intra,20,joint_count,30,10,lixian,立憲,xianzheng,憲政,0,0,0,0.0893237400787,0.172413793103,0.278290282559,5,問題; 政府; 中國; 國家; 政治,150,1812,14,101,14,20,ok,
strict,10,long_period_manual,long_period_manual_p004,core,cross,20,joint_count,30,10,lixian,立憲,xianfa,憲法,0,0,0,0.0711934156379,0.172413793103,0.378860019149,5,政府; 國家; 問題; 成立; 印度,150,3809,14,197,14,20,ok,
strict,10,long_period_manual,long_period_manual_p004,core,cross,20,joint_count,30,10,lixian,立憲,zhixian,制憲,0,0,0,0.0204081632653,0.0714285714286,0.121416698777,1,問題,150,6,14,1,14,1,low_support,zhixian_strength<30; zhixian_neighbors<10
strict,10,long_period_manual,long_period_manual_p004,core,cross,20,joint_count,30,10,xianzheng,憲政,xianfa,憲法,0.010657944352,0.0154525386313,0.00735101076398,0.135682374,0.176470588235,0.216006077166,6,政府; 國; 國家; 人民; 問題; 國民大會,1812,3809,101,197,20,20,ok,
strict,10,long_period_manual,long_period_manual_p004,core,cross,20,joint_count,30,10,xianzheng,憲政,zhixian,制憲,0,0,0,0.0305227012591,0.05,0.312726744194,1,問題,1812,6,101,1,20,1,low_support,zhixian_strength<30; zhixian_neighbors<10
strict,10,long_period_manual,long_period_manual_p004,core,intra,20,joint_count,30,10,xianfa,憲法,zhixian,制憲,0,0,0,0.0104813664596,0.05,0.150020258733,1,問題,3809,6,197,1,20,1,low_support,zhixian_strength<30; zhixian_neighbors<10
strict,10,long_period_manual,long_period_manual_p004,core,intra,50,joint_count,30,10,lixian,立憲,xianzheng,憲政,0,0,0,0.0873223131596,0.122807017544,0.280394883948,7,問題; 政府; 中國; 國家; 政治; 民主; 革命,150,1812,14,101,14,50,ok,
strict,10,long_period_manual,long_period_manual_p004,core,cross,50,joint_count,30,10,lixian,立憲,xianfa,憲法,0,0,0,0.0764184397163,0.142857142857,0.40868498154,8,政府; 國家; 問題; 成立; 印度; 政治; 主張; 中國,150,3809,14,197,14,50,ok,
strict,10,long_period_manual,long_period_manual_p004,core,cross,50,joint_count,30,10,lixian,立憲,zhixian,制憲,0,0,0,0.0204081632653,0.0714285714286,0.121416698777,1,問題,150,6,14,1,14,1,low_support,zhixian_strength<30; zhixian_neighbors<10
strict,10,long_period_manual,long_period_manual_p004,core,cross,50,joint_count,30,10,xianzheng,憲政,xianfa,憲法,0.010657944352,0.0154525386313,0.00735101076398,0.150518033131,0.190476190476,0.306781197148,16,政府; 國; 國家; 人民; 問題; 國民大會; 政治; 實施; 要求; 人; 召集; 討論; 國民; 大會; 實行; 中國,1812,3809,101,197,50,50,ok,
strict,10,long_period_manual,long_period_manual_p004,core,cross,50,joint_count,30,10,xianzheng,憲政,zhixian,制憲,0,0,0,0.0253887654713,0.02,0.291708648702,1,問題,1812,6,101,1,50,1,low_support,zhixian_strength<30; zhixian_neighbors<10
strict,10,long_period_manual,long_period_manual_p004,core,intra,50,joint_count,30,10,xianfa,憲法,zhixian,制憲,0,0,0,0.00897457204587,0.02,0.137161907003,1,問題,3809,6,197,1,50,1,low_support,zhixian_strength<30; zhixian_neighbors<10
strict,10,long_period_manual,long_period_manual_p004,core,intra,100,joint_count,30,10,lixian,立憲,xianzheng,憲政,0,0,0,0.0852507303411,0.0961538461538,0.289506225918,10,問題; 政府; 中國; 國家; 政治; 民主; 革命; 主張; 政黨; 成立,150,1812,14,101,14,100,ok,
strict,10,long_period_manual,long_period_manual_p004,core,cross,100,joint_count,30,10,lixian,立憲,xianfa,憲法,0,0,0,0.0723643169058,0.0961538461538,0.401847928486,10,政府; 國家; 問題; 成立; 印度; 政治; 主張; 中國; 政黨; 挪威,150,3809,14,197,14,100,ok,
strict,10,long_period_manual,long_period_manual_p004,core,cross,100,joint_count,30,10,lixian,立憲,zhixian,制憲,0,0,0,0.0204081632653,0.0714285714286,0.121416698777,1,問題,150,6,14,1,14,1,low_support,zhixian_strength<30; zhixian_neighbors<10
strict,10,long_period_manual,long_period_manual_p004,core,cross,100,joint_count,30,10,xianzheng,憲政,xianfa,憲法,0.010657944352,0.0154525386313,0.00735101076398,0.17087257479,0.226993865031,0.329061973698,37,政府; 國; 國家; 人民; 問題; 國民大會; 政治; 實施; 要求; 人; 召集; 討論; 國民; 大會; 實行; 中國; 基礎; 組織; 主張; 制定,1812,3809,101,197,100,100,ok,
strict,10,long_period_manual,long_period_manual_p004,core,cross,100,joint_count,30,10,xianzheng,憲政,zhixian,制憲,0,0,0,0.0227531285552,0.01,0.286486354387,1,問題,1812,6,101,1,100,1,low_support,zhixian_strength<30; zhixian_neighbors<10
strict,10,long_period_manual,long_period_manual_p004,core,intra,100,joint_count,30,10,xianfa,憲法,zhixian,制憲,0,0,0,0.00791556728232,0.01,0.131590338992,1,問題,3809,6,197,1,100,1,low_support,zhixian_strength<30; zhixian_neighbors<10
strict,10,long_period_manual,long_period_manual_p004,core,intra,0,joint_count,30,10,lixian,立憲,xianzheng,憲政,0,0,0,0.0852507303411,0.0961538461538,0.289506225918,10,問題; 政府; 中國; 國家; 政治; 民主; 革命; 主張; 政黨; 成立,150,1812,14,101,14,100,ok,
strict,10,long_period_manual,long_period_manual_p004,core,cross,0,joint_count,30,10,lixian,立憲,xianfa,憲法,0,0,0,0.0678109172763,0.0606060606061,0.401011151443,12,政府; 國家; 問題; 成立; 印度; 政治; 主張; 中國; 政黨; 挪威; 紀念; 民主,150,3809,14,197,14,196,ok,
strict,10,long_period_manual,long_period_manual_p004,core,cross,0,joint_count,30,10,lixian,立憲,zhixian,制憲,0,0,0,0.0204081632653,0.0714285714286,0.121416698777,1,問題,150,6,14,1,14,1,low_support,zhixian_strength<30; zhixian_neighbors<10
strict,10,long_period_manual,long_period_manual_p004,core,cross,0,joint_count,30,10,xianzheng,憲政,xianfa,憲法,0.010657944352,0.0154525386313,0.00735101076398,0.172112029644,0.213114754098,0.341874666818,52,政府; 國; 國家; 人民; 問題; 國民大會; 政治; 實施; 要求; 人; 召集; 討論; 國民; 大會; 實行; 中國; 基礎; 組織; 主張; 制定,1812,3809,101,197,100,196,ok,
strict,10,long_period_manual,long_period_manual_p004,core,cross,0,joint_count,30,10,xianzheng,憲政,zhixian,制憲,0,0,0,0.0227531285552,0.01,0.286486354387,1,問題,1812,6,101,1,100,1,low_support,zhixian_strength<30; zhixian_neighbors<10
strict,10,long_period_manual,long_period_manual_p004,core,intra,0,joint_count,30,10,xianfa,憲法,zhixian,制憲,0,0,0,0.00716560509554,0.00510204081633,0.129488956447,1,問題,3809,6,197,1,196,1,low_support,zhixian_strength<30; zhixian_neighbors<10
strict,1,long_period_manual,long_period_manual_p004,core,intra,20,joint_count,30,10,lixian,立憲,xianzheng,憲政,0,0,0,0.00687285223368,0.0416666666667,0.00764187525813,1,成立,63,293,8,17,8,17,low_support,lixian_neighbors<10
strict,1,long_period_manual,long_period_manual_p004,core,cross,20,joint_count,30,10,lixian,立憲,xianfa,憲法,0,0,0,0.0420382165605,0.0769230769231,0.117885295513,2,成立; 政府,63,425,8,28,8,20,low_support,lixian_neighbors<10
strict,1,long_period_manual,long_period_manual_p004,core,cross,20,joint_count,30,10,lixian,立憲,zhixian,制憲,0,0,0,0,0,0,0,,63,4,8,1,8,1,low_support,zhixian_strength<30; lixian_neighbors<10; zhixian_neighbors<10
strict,1,long_period_manual,long_period_manual_p004,core,cross,20,joint_count,30,10,xianzheng,憲政,xianfa,憲法,0,0,0,0.0484518674704,0.121212121212,0.106196582281,4,問題; 實施; 成立; 實行,293,425,17,28,17,20,ok,
strict,1,long_period_manual,long_period_manual_p004,core,cross,20,joint_count,30,10,xianzheng,憲政,zhixian,制憲,0,0,0,0.0635208711434,0.0588235294118,0.238095238095,1,問題,293,4,17,1,17,1,low_support,zhixian_strength<30; zhixian_neighbors<10
strict,1,long_period_manual,long_period_manual_p004,core,intra,20,joint_count,30,10,xianfa,憲法,zhixian,制憲,0,0,0,0.0212234706617,0.05,0.119596781938,1,問題,425,4,28,1,20,1,low_support,zhixian_strength<30; zhixian_neighbors<10
strict,1,long_period_manual,long_period_manual_p004,core,intra,50,joint_count,30,10,lixian,立憲,xianzheng,憲政,0,0,0,0.00687285223368,0.0416666666667,0.00764187525813,1,成立,63,293,8,17,8,17,low_support,lixian_neighbors<10
strict,1,long_period_manual,long_period_manual_p004,core,cross,50,joint_count,30,10,lixian,立憲,xianfa,憲法,0,0,0,0.0455104551046,0.0909090909091,0.121014992767,3,成立; 政府; 國家,63,425,8,28,8,28,low_support,lixian_neighbors<10
strict,1,long_period_manual,long_period_manual_p004,core,cross,50,joint_count,30,10,lixian,立憲,zhixian,制憲,0,0,0,0,0,0,0,,63,4,8,1,8,1,low_support,zhixian_strength<30; lixian_neighbors<10; zhixian_neighbors<10
strict,1,long_period_manual,long_period_manual_p004,core,cross,50,joint_count,30,10,xianzheng,憲政,xianfa,憲法,0,0,0,0.0517225361272,0.125,0.106815930602,5,問題; 實施; 成立; 實行; 討論,293,425,17,28,17,28,ok,
strict,1,long_period_manual,long_period_manual_p004,core,cross,50,joint_count,30,10,xianzheng,憲政,zhixian,制憲,0,0,0,0.0635208711434,0.0588235294118,0.238095238095,1,問題,293,4,17,1,17,1,low_support,zhixian_strength<30; zhixian_neighbors<10
strict,1,long_period_manual,long_period_manual_p004,core,intra,50,joint_count,30,10,xianfa,憲法,zhixian,制憲,0,0,0,0.0204081632653,0.0357142857143,0.119219745679,1,問題,425,4,28,1,28,1,low_support,zhixian_strength<30; zhixian_neighbors<10
strict,1,long_period_manual,long_period_manual_p004,core,intra,100,joint_count,30,10,lixian,立憲,xianzheng,憲政,0,0,0,0.00687285223368,0.0416666666667,0.00764187525813,1,成立,63,293,8,17,8,17,low_support,lixian_neighbors<10
strict,1,long_period_manual,long_period_manual_p004,core,cross,100,joint_count,30,10,lixian,立憲,xianfa,憲法,0,0,0,0.0455104551046,0.0909090909091,0.121014992767,3,成立; 政府; 國家,63,425,8,28,8,28,low_support,lixian_neighbors<10
strict,1,long_period_manual,long_period_manual_p004,core,cross,100,joint_count,30,10,lixian,立憲,zhixian,制憲,0,0,0,0,0,0,0,,63,4,8,1,8,1,low_support,zhixian_strength<30; lixian_neighbors<10; zhixian_neighbors<10
strict,1,long_period_manual,long_period_manual_p004,core,cross,100,joint_count,30,10,xianzheng,憲政,xianfa,憲法,0,0,0,0.0517225361272,0.125,0.106815930602,5,問題; 實施; 成立; 實行; 討論,293,425,17,28,17,28,ok,
strict,1,long_period_manual,long_period_manual_p004,core,cross,100,joint_count,30,10,xianzheng,憲政,zhixian,制憲,0,0,0,0.0635208711434,0.0588235294118,0.238095238095,1,問題,293,4,17,1,17,1,low_support,zhixian_strength<30; zhixian_neighbors<10
strict,1,long_period_manual,long_period_manual_p004,core,intra,100,joint_count,30,10,xianfa,憲法,zhixian,制憲,0,0,0,0.0204081632653,0.0357142857143,0.119219745679,1,問題,425,4,28,1,28,1,low_support,zhixian_strength<30; zhixian_neighbors<10
strict,1,long_period_manual,long_period_manual_p004,core,intra,0,joint_count,30,10,lixian,立憲,xianzheng,憲政,0,0,0,0.00687285223368,0.0416666666667,0.00764187525813,1,成立,63,293,8,17,8,17,low_support,lixian_neighbors<10
strict,1,long_period_manual,long_period_manual_p004,core,cross,0,joint_count,30,10,lixian,立憲,xianfa,憲法,0,0,0,0.0455104551046,0.0909090909091,0.121014992767,3,成立; 政府; 國家,63,425,8,28,8,28,low_support,lixian_neighbors<10
strict,1,long_period_manual,long_period_manual_p004,core,cross,0,joint_count,30,10,lixian,立憲,zhixian,制憲,0,0,0,0,0,0,0,,63,4,8,1,8,1,low_support,zhixian_strength<30; lixian_neighbors<10; zhixian_neighbors<10
strict,1,long_period_manual,long_period_manual_p004,core,cross,0,joint_count,30,10,xianzheng,憲政,xianfa,憲法,0,0,0,0.0517225361272,0.125,0.106815930602,5,問題; 實施; 成立; 實行; 討論,293,425,17,28,17,28,ok,
strict,1,long_period_manual,long_period_manual_p004,core,cross,0,joint_count,30,10,xianzheng,憲政,zhixian,制憲,0,0,0,0.0635208711434,0.0588235294118,0.238095238095,1,問題,293,4,17,1,17,1,low_support,zhixian_strength<30; zhixian_neighbors<10
strict,1,long_period_manual,long_period_manual_p004,core,intra,0,joint_count,30,10,xianfa,憲法,zhixian,制憲,0,0,0,0.0204081632653,0.0357142857143,0.119219745679,1,問題,425,4,28,1,28,1,low_support,zhixian_strength<30; zhixian_neighbors<10
strict,20,long_period_manual,long_period_manual_p004,core,intra,20,joint_count,30,10,lixian,立憲,xianzheng,憲政,0,0,0,0.152488826124,0.333333333333,0.433136164062,10,問題; 政府; 國民黨; 政治; 國; 中國; 民主; 國家; 重慶; 組織,366,4278,28,200,20,20,ok,
strict,20,long_period_manual,long_period_manual_p004,core,cross,20,joint_count,30,10,lixian,立憲,xianfa,憲法,0.00377815028806,0.0191256830601,0.000746348224757,0.0808617778544,0.176470588235,0.440046470384,6,政府; 國; 國家; 問題; 印度; 成立,366,9379,28,410,20,20,ok,
strict,20,long_period_manual,long_period_manual_p004,core,cross,20,joint_count,30,10,lixian,立憲,zhixian,制憲,0,0,0,0.0375,0.05,0.212353351093,1,問題,366,18,28,2,20,1,low_support,zhixian_strength<30; zhixian_neighbors<10
strict,20,long_period_manual,long_period_manual_p004,core,cross,20,joint_count,30,10,xianzheng,憲政,xianfa,憲法,0.00820927275777,0.0121552127162,0.0055443010982,0.170748742391,0.212121212121,0.299231568057,7,政府; 國; 人民; 國家; 問題; 國民大會; 人,4278,9379,200,410,20,20,ok,
strict,20,long_period_manual,long_period_manual_p004,core,cross,20,joint_count,30,10,xianzheng,憲政,zhixian,制憲,0,0,0,0.0340136054422,0.05,0.304663728129,1,問題,4278,18,200,2,20,1,low_support,zhixian_strength<30; zhixian_neighbors<10
strict,20,long_period_manual,long_period_manual_p004,core,intra,20,joint_count,30,10,xianfa,憲法,zhixian,制憲,0.0219042298962,0.000959590574688,0.5,0.0149866705094,0.05,0.178461961482,1,問題,9379,18,410,2,20,1,low_support,zhixian_strength<30; zhixian_neighbors<10
strict,20,long_period_manual,long_period_manual_p004,core,intra,50,joint_count,30,10,lixian,立憲,xianzheng,憲政,0,0,0,0.156090393305,0.262295081967,0.436248064547,16,問題; 政府; 國民黨; 政治; 人民; 國; 中國; 民主; 國家; 重慶; 組織; 方面; 革命; 日本; 兩; 通過,366,4278,28,200,27,50,ok,
strict,20,long_period_manual,long_period_manual_p004,core,cross,50,joint_count,30,10,lixian,立憲,xianfa,憲法,0.00377815028806,0.0191256830601,0.000746348224757,0.109324463889,0.222222222222,0.489057211292,14,政府; 國; 人民; 國家; 問題; 通過; 印度; 成立; 政治; 兩; 主張; 國王; 組織; 中國,366,9379,28,410,27,50,ok,
strict,20,long_period_manual,long_period_manual_p004,core,cross,50,joint_count,30,10,lixian,立憲,zhixian,制憲,0,0,0,0.0343511450382,0.037037037037,0.208360688722,1,問題,366,18,28,2,27,1,low_support,zhixian_strength<30; zhixian_neighbors<10
strict,20,long_period_manual,long_period_manual_p004,core,cross,50,joint_count,30,10,xianzheng,憲政,xianfa,憲法,0.00820927275777,0.0121552127162,0.0055443010982,0.187090826704,0.234567901235,0.389955129095,19,政府; 國; 人民; 國家; 問題; 國民大會; 人; 政治; 要求; 大會; 實施; 自由; 通過; 兩; 國民; 討論; 召集; 組織; 中國,4278,9379,200,410,50,50,ok,
strict,20,long_period_manual,long_period_manual_p004,core,cross,50,joint_count,30,10,xianzheng,憲政,zhixian,制憲,0,0,0,0.0265663050697,0.02,0.276296805483,1,問題,4278,18,200,2,50,1,low_support,zhixian_strength<30; zhixian_neighbors<10
strict,20,long_period_manual,long_period_manual_p004,core,intra,50,joint_count,30,10,xianfa,憲法,zhixian,制憲,0.0219042298962,0.000959590574688,0.5,0.0121829789726,0.02,0.159291456407,1,問題,9379,18,410,2,50,1,low_support,zhixian_strength<30; zhixian_neighbors<10
strict,20,long_period_manual,long_period_manual_p004,core,intra,100,joint_count,30,10,lixian,立憲,xianzheng,憲政,0,0,0,0.147928555181,0.18691588785,0.450790388524,20,問題; 政府; 國民黨; 政治; 人民; 國; 中國; 民主; 國家; 重慶; 組織; 方面; 革命; 日本; 兩; 通過; 成立; 主張; 政黨; 印度,366,4278,28,200,27,100,ok,
strict,20,long_period_manual,long_period_manual_p004,core,cross,100,joint_count,30,10,lixian,立憲,xianfa,憲法,0.00377815028806,0.0191256830601,0.000746348224757,0.107089664092,0.165137614679,0.483035072021,18,政府; 國; 人民; 國家; 問題; 通過; 印度; 成立; 政治; 兩; 主張; 國王; 組織; 中國; 政黨; 方面; 日本; 紀念,366,9379,28,410,27,100,ok,
strict,20,long_period_manual,long_period_manual_p004,core,cross,100,joint_count,30,10,lixian,立憲,zhixian,制憲,0,0,0,0.0343511450382,0.037037037037,0.208360688722,1,問題,366,18,28,2,27,1,low_support,zhixian_strength<30; zhixian_neighbors<10
strict,20,long_period_manual,long_period_manual_p004,core,cross,100,joint_count,30,10,xianzheng,憲政,xianfa,憲法,0.00820927275777,0.0121552127162,0.0055443010982,0.222345670695,0.290322580645,0.4367524891,45,政府; 國; 人民; 國家; 問題; 國民大會; 人; 政治; 要求; 大會; 實施; 自由; 通過; 兩; 國民; 討論; 成立; 召集; 組織; 中國,4278,9379,200,410,100,100,ok,
strict,20,long_period_manual,long_period_manual_p004,core,cross,100,joint_count,30,10,xianzheng,憲政,zhixian,制憲,0,0,0,0.0220831799779,0.01,0.264529668976,1,問題,4278,18,200,2,100,1,low_support,zhixian_strength<30; zhixian_neighbors<10
strict,20,long_period_manual,long_period_manual_p004,core,intra,100,joint_count,30,10,xianfa,憲法,zhixian,制憲,0.0219042298962,0.000959590574688,0.5,0.0102478198749,0.01,0.150207327401,1,問題,9379,18,410,2,100,1,low_support,zhixian_strength<30; zhixian_neighbors<10
strict,20,long_period_manual,long_period_manual_p004,core,intra,0,joint_count,30,10,lixian,立憲,xianzheng,憲政,0,0,0,0.133024579047,0.10243902439,0.444306177726,21,問題; 政府; 國民黨; 政治; 人民; 國; 中國; 民主; 國家; 重慶; 組織; 方面; 革命; 日本; 兩; 通過; 成立; 主張; 政黨; 印度,366,4278,28,200,27,199,ok,
strict,20,long_period_manual,long_period_manual_p004,core,cross,0,joint_count,30,10,lixian,立憲,xianfa,憲法,0.00377815028806,0.0191256830601,0.000746348224757,0.0911951564623,0.0611246943765,0.477091377279,25,政府; 國; 人民; 國家; 問題; 通過; 印度; 成立; 政治; 兩; 主張; 國王; 組織; 中國; 政黨; 方面; 日本; 紀念; 重慶; 國民黨,366,9379,28,410,27,407,ok,
strict,20,long_period_manual,long_period_manual_p004,core,cross,0,joint_count,30,10,lixian,立憲,zhixian,制憲,0,0,0,0.0343511450382,0.037037037037,0.208360688722,1,問題,366,18,28,2,27,1,low_support,zhixian_strength<30; zhixian_neighbors<10
strict,20,long_period_manual,long_period_manual_p004,core,cross,0,joint_count,30,10,xianzheng,憲政,xianfa,憲法,0.00820927275777,0.0121552127162,0.0055443010982,0.238387882055,0.273109243697,0.487981545856,130,政府; 國; 人民; 國家; 問題; 國民大會; 人; 政治; 要求; 大會; 實施; 自由; 通過; 兩; 國民; 討論; 成立; 召集; 組織; 中國,4278,9379,200,410,199,407,ok,
strict,20,long_period_manual,long_period_manual_p004,core,cross,0,joint_count,30,10,xianzheng,憲政,zhixian,制憲,0,0,0,0.0192153722978,0.00502512562814,0.260018158569,1,問題,4278,18,200,2,199,1,low_support,zhixian_strength<30; zhixian_neighbors<10
strict,20,long_period_manual,long_period_manual_p004,core,intra,0,joint_count,30,10,xianfa,憲法,zhixian,制憲,0.0219042298962,0.000959590574688,0.5,0.00748389882344,0.002457002457,0.142018072083,1,問題,9379,18,410,2,407,1,low_support,zhixian_strength<30; zhixian_neighbors<10
strict,5,long_period_manual,long_period_manual_p004,core,intra,20,joint_count,30,10,lixian,立憲,xianzheng,憲政,0,0,0,0.0280373831776,0.0769230769231,0.0967598414991,2,政府; 中國,80,763,8,48,8,20,low_support,lixian_neighbors<10
strict,5,long_period_manual,long_period_manual_p004,core,cross,20,joint_count,30,10,lixian,立憲,xianfa,憲法,0,0,0,0.0439786272092,0.0769230769231,0.293319660081,2,政府; 成立,80,1651,8,98,8,20,low_support,lixian_neighbors<10
strict,5,long_period_manual,long_period_manual_p004,core,cross,20,joint_count,30,10,lixian,立憲,zhixian,制憲,0,0,0,0,0,0,0,,80,0,8,0,8,0,low_support,zhixian_strength<30; lixian_neighbors<10; zhixian_neighbors<10
strict,5,long_period_manual,long_period_manual_p004,core,cross,20,joint_count,30,10,xianzheng,憲政,xianfa,憲法,0.010691667408,0.0157273918742,0.00726832222895,0.0834343598714,0.142857142857,0.189542954635,5,政府; 問題; 國家; 國民大會; 實施,763,1651,48,98,20,20,ok,
strict,5,long_period_manual,long_period_manual_p004,core,cross,20,joint_count,30,10,xianzheng,憲政,zhixian,制憲,0,0,0,0,0,0,0,,763,0,48,0,20,0,low_support,zhixian_strength<30; zhixian_neighbors<10
strict,5,long_period_manual,long_period_manual_p004,core,intra,20,joint_count,30,10,xianfa,憲法,zhixian,制憲,0,0,0,0,0,0,0,,1651,0,98,0,20,0,low_support,zhixian_strength<30; zhixian_neighbors<10
strict,5,long_period_manual,long_period_manual_p004,core,intra,50,joint_count,30,10,lixian,立憲,xianzheng,憲政,0,0,0,0.0341530054645,0.078431372549,0.108557029378,4,政府; 中國; 民主; 政治,80,763,8,48,8,47,low_support,lixian_neighbors<10
strict,5,long_period_manual,long_period_manual_p004,core,cross,50,joint_count,30,10,lixian,立憲,xianfa,憲法,0,0,0,0.049504950495,0.0740740740741,0.304264629467,4,政府; 成立; 政治; 印度,80,1651,8,98,8,50,low_support,lixian_neighbors<10
strict,5,long_period_manual,long_period_manual_p004,core,cross,50,joint_count,30,10,lixian,立憲,zhixian,制憲,0,0,0,0,0,0,0,,80,0,8,0,8,0,low_support,zhixian_strength<30; lixian_neighbors<10; zhixian_neighbors<10
strict,5,long_period_manual,long_period_manual_p004,core,cross,50,joint_count,30,10,xianzheng,憲政,xianfa,憲法,0.010691667408,0.0157273918742,0.00726832222895,0.104167783654,0.154761904762,0.21782409468,13,政府; 問題; 國家; 國民大會; 實施; 實行; 制定; 召集; 基礎; 國; 政治; 要求; 日本,763,1651,48,98,47,50,ok,
strict,5,long_period_manual,long_period_manual_p004,core,cross,50,joint_count,30,10,xianzheng,憲政,zhixian,制憲,0,0,0,0,0,0,0,,763,0,48,0,47,0,low_support,zhixian_strength<30; zhixian_neighbors<10
strict,5,long_period_manual,long_period_manual_p004,core,intra,50,joint_count,30,10,xianfa,憲法,zhixian,制憲,0,0,0,0,0,0,0,,1651,0,98,0,50,0,low_support,zhixian_strength<30; zhixian_neighbors<10
strict,5,long_period_manual,long_period_manual_p004,core,intra,100,joint_count,30,10,lixian,立憲,xianzheng,憲政,0,0,0,0.0341530054645,0.078431372549,0.108557029378,4,政府; 中國; 民主; 政治,80,763,8,48,8,47,low_support,lixian_neighbors<10
strict,5,long_period_manual,long_period_manual_p004,core,cross,100,joint_count,30,10,lixian,立憲,xianfa,憲法,0,0,0,0.0467706013363,0.05,0.303806644945,5,政府; 成立; 政治; 印度; 中國,80,1651,8,98,8,97,low_support,lixian_neighbors<10
strict,5,long_period_manual,long_period_manual_p004,core,cross,100,joint_count,30,10,lixian,立憲,zhixian,制憲,0,0,0,0,0,0,0,,80,0,8,0,8,0,low_support,zhixian_strength<30; lixian_neighbors<10; zhixian_neighbors<10
strict,5,long_period_manual,long_period_manual_p004,core,cross,100,joint_count,30,10,xianzheng,憲政,xianfa,憲法,0.010691667408,0.0157273918742,0.00726832222895,0.108902717692,0.152,0.222919632567,19,政府; 問題; 國家; 國民大會; 實施; 實行; 制定; 召集; 基礎; 國; 政治; 要求; 日本; 討論; 召開; 中國; 人; 國民; 黨,763,1651,48,98,47,97,ok,
strict,5,long_period_manual,long_period_manual_p004,core,cross,100,joint_count,30,10,xianzheng,憲政,zhixian,制憲,0,0,0,0,0,0,0,,763,0,48,0,47,0,low_support,zhixian_strength<30; zhixian_neighbors<10
strict,5,long_period_manual,long_period_manual_p004,core,intra,100,joint_count,30,10,xianfa,憲法,zhixian,制憲,0,0,0,0,0,0,0,,1651,0,98,0,97,0,low_support,zhixian_strength<30; zhixian_neighbors<10
strict,5,long_period_manual,long_period_manual_p004,core,intra,0,joint_count,30,10,lixian,立憲,xianzheng,憲政,0,0,0,0.0341530054645,0.078431372549,0.108557029378,4,政府; 中國; 民主; 政治,80,763,8,48,8,47,low_support,lixian_neighbors<10
strict,5,long_period_manual,long_period_manual_p004,core,cross,0,joint_count,30,10,lixian,立憲,xianfa,憲法,0,0,0,0.0467706013363,0.05,0.303806644945,5,政府; 成立; 政治; 印度; 中國,80,1651,8,98,8,97,low_support,lixian_neighbors<10
strict,5,long_period_manual,long_period_manual_p004,core,cross,0,joint_count,30,10,lixian,立憲,zhixian,制憲,0,0,0,0,0,0,0,,80,0,8,0,8,0,low_support,zhixian_strength<30; lixian_neighbors<10; zhixian_neighbors<10
strict,5,long_period_manual,long_period_manual_p004,core,cross,0,joint_count,30,10,xianzheng,憲政,xianfa,憲法,0.010691667408,0.0157273918742,0.00726832222895,0.108902717692,0.152,0.222919632567,19,政府; 問題; 國家; 國民大會; 實施; 實行; 制定; 召集; 基礎; 國; 政治; 要求; 日本; 討論; 召開; 中國; 人; 國民; 黨,763,1651,48,98,47,97,ok,
strict,5,long_period_manual,long_period_manual_p004,core,cross,0,joint_count,30,10,xianzheng,憲政,zhixian,制憲,0,0,0,0,0,0,0,,763,0,48,0,47,0,low_support,zhixian_strength<30; zhixian_neighbors<10
strict,5,long_period_manual,long_period_manual_p004,core,intra,0,joint_count,30,10,xianfa,憲法,zhixian,制憲,0,0,0,0,0,0,0,,1651,0,98,0,97,0,low_support,zhixian_strength<30; zhixian_neighbors<10
full,10,long_period_manual,long_period_manual_p005,core,intra,20,joint_count,30,10,lixian,立憲,xianzheng,憲政,0,0,0,0.0764647044808,0.190476190476,0.505383186915,4,民主; 政府; 政治; 國,64,12161,6,383,5,20,low_support,lixian_neighbors<10
full,10,long_period_manual,long_period_manual_p005,core,cross,20,joint_count,30,10,lixian,立憲,xianfa,憲法,0.00475698060285,0.109375,0.000206892475025,0.0287947073365,0.136363636364,0.277343074485,3,政府; 民主; 國,64,33834,6,845,5,20,low_support,lixian_neighbors<10
full,10,long_period_manual,long_period_manual_p005,core,cross,20,joint_count,30,10,lixian,立憲,zhixian,制憲,0,0,0,0.0144912390706,0.0416666666667,0.077663982017,1,政府,64,4100,6,157,5,20,low_support,lixian_neighbors<10
full,10,long_period_manual,long_period_manual_p005,core,cross,20,joint_count,30,10,xianzheng,憲政,xianfa,憲法,0.0101063083412,0.0168571663515,0.00605899391145,0.165873143063,0.212121212121,0.391165866264,7,人民; 政府; 國民大會; 實施; 民主; 國家; 國,12161,33834,383,845,20,20,ok,
full,10,long_period_manual,long_period_manual_p005,core,cross,20,joint_count,30,10,xianzheng,憲政,zhixian,制憲,0.00481506710959,0.00279582271195,0.00829268292683,0.0909155614122,0.142857142857,0.121438596176,5,政府; 完成; 國民大會; 工作; 召開,12161,4100,383,157,20,20,ok,
full,10,long_period_manual,long_period_manual_p005,core,intra,20,joint_count,30,10,xianfa,憲法,zhixian,制憲,0.0117168396257,0.00407873736478,0.0336585365854,0.135602341658,0.25,0.244373429398,8,國民大會; 新; 政府; 問題; 選舉; 國大; 代表; 人,33834,4100,845,157,20,20,ok,
full,10,long_period_manual,long_period_manual_p005,core,intra,50,joint_count,30,10,lixian,立憲,xianzheng,憲政,0,0,0,0.0665858799686,0.078431372549,0.477930362681,4,民主; 政府; 政治; 國,64,12161,6,383,5,50,low_support,lixian_neighbors<10
full,10,long_period_manual,long_period_manual_p005,core,cross,50,joint_count,30,10,lixian,立憲,xianfa,憲法,0.00475698060285,0.109375,0.000206892475025,0.0291247457776,0.078431372549,0.275623103319,4,政府; 民主; 國; 政治,64,33834,6,845,5,50,low_support,lixian_neighbors<10
full,10,long_period_manual,long_period_manual_p005,core,cross,50,joint_count,30,10,lixian,立憲,zhixian,制憲,0,0,0,0.0237151758976,0.0576923076923,0.133650273899,3,政府; 民主; 國,64,4100,6,157,5,50,low_support,lixian_neighbors<10
full,10,long_period_manual,long_period_manual_p005,core,cross,50,joint_count,30,10,xianzheng,憲政,xianfa,憲法,0.0101063083412,0.0168571663515,0.00605899391145,0.262836996333,0.388888888889,0.494363312914,28,人民; 政府; 國民大會; 實施; 民主; 國家; 國; 問題; 代表; 國大; 實行; 制定; 通過; 中國; 完成; 選舉; 精神; 新; 召開; 成立,12161,33834,383,845,50,50,ok,
full,10,long_period_manual,long_period_manual_p005,core,cross,50,joint_count,30,10,xianzheng,憲政,zhixian,制憲,0.00481506710959,0.00279582271195,0.00829268292683,0.206971125087,0.369863013699,0.295108956997,27,政府; 完成; 國民大會; 工作; 人民; 民主; 國; 召開; 國家; 中國; 行憲; 南京; 主席; 成立; 實施; 問題; 黨; 代表; 國大; 舉行,12161,4100,383,157,50,50,ok,
full,10,long_period_manual,long_period_manual_p005,core,intra,50,joint_count,30,10,xianfa,憲法,zhixian,制憲,0.0117168396257,0.00407873736478,0.0336585365854,0.240082552815,0.408450704225,0.434647345854,29,國民大會; 新; 政府; 人民; 問題; 民主; 選舉; 國; 通過; 國大; 代表; 制定; 國家; 人; 實施; 討論; 議會; 中國; 完成; 決定,33834,4100,845,157,50,50,ok,
full,10,long_period_manual,long_period_manual_p005,core,intra,100,joint_count,30,10,lixian,立憲,xianzheng,憲政,0,0,0,0.059038019411,0.039603960396,0.463708521903,4,民主; 政府; 政治; 國,64,12161,6,383,5,100,low_support,lixian_neighbors<10
full,10,long_period_manual,long_period_manual_p005,core,cross,100,joint_count,30,10,lixian,立憲,xianfa,憲法,0.00475698060285,0.109375,0.000206892475025,0.0261855598277,0.039603960396,0.262208806763,4,政府; 民主; 國; 政治,64,33834,6,845,5,100,low_support,lixian_neighbors<10
full,10,long_period_manual,long_period_manual_p005,core,cross,100,joint_count,30,10,lixian,立憲,zhixian,制憲,0,0,0,0.0210343686559,0.0294117647059,0.130768818385,3,政府; 民主; 國,64,4100,6,157,5,100,low_support,lixian_neighbors<10
full,10,long_period_manual,long_period_manual_p005,core,cross,100,joint_count,30,10,xianzheng,憲政,xianfa,憲法,0.0101063083412,0.0168571663515,0.00605899391145,0.291814430988,0.379310344828,0.540088483343,55,人民; 政府; 國民大會; 實施; 民主; 國家; 國; 問題; 代表; 國大; 實行; 制定; 通過; 中國; 完成; 選舉; 精神; 新; 召開; 成立,12161,33834,383,845,100,100,ok,
full,10,long_period_manual,long_period_manual_p005,core,cross,100,joint_count,30,10,xianzheng,憲政,zhixian,制憲,0.00481506710959,0.00279582271195,0.00829268292683,0.212345400673,0.298701298701,0.316805333332,46,政府; 完成; 國民大會; 工作; 人民; 民主; 國; 召開; 國家; 中國; 行憲; 南京; 主席; 成立; 實施; 問題; 黨; 代表; 國大; 舉行,12161,4100,383,157,100,100,ok,
full,10,long_period_manual,long_period_manual_p005,core,intra,100,joint_count,30,10,xianfa,憲法,zhixian,制憲,0.0117168396257,0.00407873736478,0.0336585365854,0.247584012127,0.351351351351,0.472734979762,52,國民大會; 新; 政府; 人民; 問題; 民主; 選舉; 國; 通過; 國大; 代表; 制定; 國家; 人; 實施; 討論; 議會; 中國; 完成; 決定,33834,4100,845,157,100,100,ok,
full,10,long_period_manual,long_period_manual_p005,core,intra,0,joint_count,30,10,lixian,立憲,xianzheng,憲政,0,0,0,0.0478012999432,0.0104712041885,0.451399793055,4,民主; 政府; 政治; 國,64,12161,6,383,5,381,low_support,lixian_neighbors<10
full,10,long_period_manual,long_period_manual_p005,core,cross,0,joint_count,30,10,lixian,立憲,xianfa,憲法,0.00475698060285,0.109375,0.000206892475025,0.0191927490499,0.00474495848161,0.247635713506,4,政府; 民主; 國; 政治,64,33834,6,845,5,842,low_support,lixian_neighbors<10
full,10,long_period_manual,long_period_manual_p005,core,cross,0,joint_count,30,10,lixian,立憲,zhixian,制憲,0,0,0,0.0210141694099,0.025641025641,0.135353812391,4,政府; 民主; 國; 政治,64,4100,6,157,5,155,low_support,lixian_neighbors<10
full,10,long_period_manual,long_period_manual_p005,core,cross,0,joint_count,30,10,xianzheng,憲政,xianfa,憲法,0.0101063083412,0.0168571663515,0.00605899391145,0.331035270447,0.330794341676,0.589715252319,304,人民; 政府; 國民大會; 實施; 民主; 國家; 國; 問題; 代表; 國大; 實行; 制定; 通過; 中國; 完成; 選舉; 精神; 新; 召開; 成立,12161,33834,383,845,381,842,ok,
full,10,long_period_manual,long_period_manual_p005,core,cross,0,joint_count,30,10,xianzheng,憲政,zhixian,制憲,0.00481506710959,0.00279582271195,0.00829268292683,0.226107315177,0.255269320843,0.342772692063,109,政府; 完成; 國民大會; 工作; 人民; 民主; 國; 召開; 國家; 中國; 行憲; 南京; 主席; 成立; 實施; 問題; 黨; 代表; 國大; 舉行,12161,4100,383,157,381,155,ok,
full,10,long_period_manual,long_period_manual_p005,core,intra,0,joint_count,30,10,xianfa,憲法,zhixian,制憲,0.0117168396257,0.00407873736478,0.0336585365854,0.244394234287,0.167447306792,0.488740887008,143,國民大會; 新; 政府; 人民; 問題; 民主; 選舉; 國; 通過; 國大; 代表; 制定; 國家; 人; 實施; 討論; 議會; 中國; 完成; 決定,33834,4100,845,157,842,155,ok,
full,1,long_period_manual,long_period_manual_p005,core,intra,20,joint_count,30,10,lixian,立憲,xianzheng,憲政,0,0,0,0.107214480383,0.0434782608696,0.160937866419,1,民主,28,1668,4,57,4,20,low_support,lixian_strength<30; lixian_neighbors<10
full,1,long_period_manual,long_period_manual_p005,core,cross,20,joint_count,30,10,lixian,立憲,xianfa,憲法,0,0,0,0.0165361183638,0.0434782608696,0.0421312803974,1,民主,28,2829,4,116,4,20,low_support,lixian_strength<30; lixian_neighbors<10
full,1,long_period_manual,long_period_manual_p005,core,cross,20,joint_count,30,10,lixian,立憲,zhixian,制憲,0,0,0,0,0,0,0,,28,757,4,27,4,20,low_support,lixian_strength<30; lixian_neighbors<10
full,1,long_period_manual,long_period_manual_p005,core,cross,20,joint_count,30,10,xianzheng,憲政,xianfa,憲法,0,0,0,0.08586719054,0.176470588235,0.262116574364,6,實施; 民主; 實行; 完成; 問題; 施行,1668,2829,57,116,20,20,ok,
full,1,long_period_manual,long_period_manual_p005,core,cross,20,joint_count,30,10,xianzheng,憲政,zhixian,制憲,0,0,0,0.0285294987052,0.0526315789474,0.0130268337839,2,完成; 問題,1668,757,57,27,20,20,ok,
full,1,long_period_manual,long_period_manual_p005,core,intra,20,joint_count,30,10,xianfa,憲法,zhixian,制憲,0,0,0,0.0297566836401,0.111111111111,0.0273436870773,4,問題; 完成; 新; 我國,2829,757,116,27,20,20,ok,
full,1,long_period_manual,long_period_manual_p005,core,intra,50,joint_count,30,10,lixian,立憲,xianzheng,憲政,0,0,0,0.0991818095329,0.0188679245283,0.16057688901,1,民主,28,1668,4,57,4,50,low_support,lixian_strength<30; lixian_neighbors<10
full,1,long_period_manual,long_period_manual_p005,core,cross,50,joint_count,30,10,lixian,立憲,xianfa,憲法,0,0,0,0.0147343931756,0.0188679245283,0.0414916843086,1,民主,28,2829,4,116,4,50,low_support,lixian_strength<30; lixian_neighbors<10
full,1,long_period_manual,long_period_manual_p005,core,cross,50,joint_count,30,10,lixian,立憲,zhixian,制憲,0,0,0,0,0,0,0,,28,757,4,27,4,27,low_support,lixian_strength<30; lixian_neighbors<10
full,1,long_period_manual,long_period_manual_p005,core,cross,50,joint_count,30,10,xianzheng,憲政,xianfa,憲法,0,0,0,0.0841071665421,0.123595505618,0.260654372687,11,實施; 民主; 實行; 完成; 問題; 施行; 有關; 國家; 我國; 國; 精神,1668,2829,57,116,50,50,ok,
full,1,long_period_manual,long_period_manual_p005,core,cross,50,joint_count,30,10,xianzheng,憲政,zhixian,制憲,0,0,0,0.0380503144654,0.115942028986,0.0171870232335,8,完成; 問題; 工作; 成功; 我國; 史; 西德; 印度,1668,757,57,27,50,27,ok,
full,1,long_period_manual,long_period_manual_p005,core,intra,50,joint_count,30,10,xianfa,憲法,zhixian,制憲,0,0,0,0.0288774174986,0.0694444444444,0.0277277838127,5,問題; 完成; 新; 我國; 選舉,2829,757,116,27,50,27,ok,
full,1,long_period_manual,long_period_manual_p005,core,intra,100,joint_count,30,10,lixian,立憲,xianzheng,憲政,0,0,0,0.0980392156863,0.0166666666667,0.160542402222,1,民主,28,1668,4,57,4,57,low_support,lixian_strength<30; lixian_neighbors<10
full,1,long_period_manual,long_period_manual_p005,core,cross,100,joint_count,30,10,lixian,立憲,xianfa,憲法,0,0,0,0.0138131588513,0.00970873786408,0.0413578240957,1,民主,28,2829,4,116,4,100,low_support,lixian_strength<30; lixian_neighbors<10
full,1,long_period_manual,long_period_manual_p005,core,cross,100,joint_count,30,10,lixian,立憲,zhixian,制憲,0,0,0,0,0,0,0,,28,757,4,27,4,27,low_support,lixian_strength<30; lixian_neighbors<10
full,1,long_period_manual,long_period_manual_p005,core,cross,100,joint_count,30,10,xianzheng,憲政,xianfa,憲法,0,0,0,0.08635934857,0.121428571429,0.262051423413,17,實施; 民主; 實行; 完成; 問題; 施行; 有關; 國家; 我國; 國; 精神; 促成; 討論; 推行; 配合; 開始; 實現,1668,2829,57,116,57,100,ok,
full,1,long_period_manual,long_period_manual_p005,core,cross,100,joint_count,30,10,xianzheng,憲政,zhixian,制憲,0,0,0,0.0376360808709,0.105263157895,0.0171833320097,8,完成; 問題; 工作; 成功; 我國; 史; 西德; 印度,1668,757,57,27,57,27,ok,
full,1,long_period_manual,long_period_manual_p005,core,intra,100,joint_count,30,10,xianfa,憲法,zhixian,制憲,0,0,0,0.0295126173351,0.0583333333333,0.0281088277146,7,問題; 完成; 新; 我國; 選舉; 法; 波恩,2829,757,116,27,100,27,ok,
full,1,long_period_manual,long_period_manual_p005,core,intra,0,joint_count,30,10,lixian,立憲,xianzheng,憲政,0,0,0,0.0980392156863,0.0166666666667,0.160542402222,1,民主,28,1668,4,57,4,57,low_support,lixian_strength<30; lixian_neighbors<10
full,1,long_period_manual,long_period_manual_p005,core,cross,0,joint_count,30,10,lixian,立憲,xianfa,憲法,0,0,0,0.0136151916876,0.00840336134454,0.0413362854119,1,民主,28,2829,4,116,4,116,low_support,lixian_strength<30; lixian_neighbors<10
full,1,long_period_manual,long_period_manual_p005,core,cross,0,joint_count,30,10,lixian,立憲,zhixian,制憲,0,0,0,0,0,0,0,,28,757,4,27,4,27,low_support,lixian_strength<30; lixian_neighbors<10
full,1,long_period_manual,long_period_manual_p005,core,cross,0,joint_count,30,10,xianzheng,憲政,xianfa,憲法,0,0,0,0.0850344582343,0.108974358974,0.261914950015,17,實施; 民主; 實行; 完成; 問題; 施行; 有關; 國家; 我國; 國; 精神; 促成; 討論; 推行; 配合; 開始; 實現,1668,2829,57,116,57,116,ok,
full,1,long_period_manual,long_period_manual_p005,core,cross,0,joint_count,30,10,xianzheng,憲政,zhixian,制憲,0,0,0,0.0376360808709,0.105263157895,0.0171833320097,8,完成; 問題; 工作; 成功; 我國; 史; 西德; 印度,1668,757,57,27,57,27,ok,
full,1,long_period_manual,long_period_manual_p005,core,intra,0,joint_count,30,10,xianfa,憲法,zhixian,制憲,0,0,0,0.0290831943797,0.0514705882353,0.0280941889572,7,問題; 完成; 新; 我國; 選舉; 法; 波恩,2829,757,116,27,116,27,ok,
full,20,long_period_manual,long_period_manual_p005,core,intra,20,joint_count,30,10,lixian,立憲,xianzheng,憲政,0,0,0,0.115556997708,0.363636363636,0.664688141775,8,民主; 政府; 國家; 國; 人民; 政治; 中國; 黨,144,25923,11,668,10,20,ok,
full,20,long_period_manual,long_period_manual_p005,core,cross,20,joint_count,30,10,lixian,立憲,xianfa,憲法,0.00736509628868,0.166666666667,0.000325467860049,0.0546790761024,0.25,0.427979734025,6,政府; 人民; 國家; 國; 民主; 中國,144,73740,11,1530,10,20,ok,
full,20,long_period_manual,long_period_manual_p005,core,cross,20,joint_count,30,10,lixian,立憲,zhixian,制憲,0,0,0,0.0342834494831,0.111111111111,0.189354293376,3,政府; 黨; 民主,144,9190,11,315,10,20,ok,
full,20,long_period_manual,long_period_manual_p005,core,cross,20,joint_count,30,10,xianzheng,憲政,xianfa,憲法,0.00848554445541,0.014311615168,0.00503119066992,0.208425575819,0.25,0.479590165864,8,政府; 人民; 國民大會; 國家; 國; 民主; 實施; 中國,25923,73740,668,1530,20,20,ok,
full,20,long_period_manual,long_period_manual_p005,core,cross,20,joint_count,30,10,xianzheng,憲政,zhixian,制憲,0.00427605763196,0.00254600162018,0.00718171926007,0.164820372877,0.25,0.258525461135,8,政府; 完成; 國民大會; 民主; 工作; 主席; 黨; 召開,25923,9190,668,315,20,20,ok,
full,20,long_period_manual,long_period_manual_p005,core,intra,20,joint_count,30,10,xianfa,憲法,zhixian,制憲,0.0111016752852,0.00391917548142,0.0314472252448,0.189873531346,0.290322580645,0.357551694498,9,政府; 國民大會; 新; 代表; 民主; 選舉; 問題; 人; 國大,73740,9190,1530,315,20,20,ok,
full,20,long_period_manual,long_period_manual_p005,core,intra,50,joint_count,30,10,lixian,立憲,xianzheng,憲政,0,0,0,0.100223383111,0.153846153846,0.606851864388,8,民主; 政府; 國家; 國; 人民; 政治; 中國; 黨,144,25923,11,668,10,50,ok,
full,20,long_period_manual,long_period_manual_p005,core,cross,50,joint_count,30,10,lixian,立憲,xianfa,憲法,0.00736509628868,0.166666666667,0.000325467860049,0.0562648777321,0.153846153846,0.418028479976,8,政府; 人民; 國家; 國; 民主; 中國; 政治; 黨,144,73740,11,1530,10,50,ok,
full,20,long_period_manual,long_period_manual_p005,core,cross,50,joint_count,30,10,lixian,立憲,zhixian,制憲,0,0,0,0.0529986454941,0.132075471698,0.257904195566,7,政府; 黨; 民主; 人民; 國; 國家; 中國,144,9190,11,315,10,50,ok,
full,20,long_period_manual,long_period_manual_p005,core,cross,50,joint_count,30,10,xianzheng,憲政,xianfa,憲法,0.00848554445541,0.014311615168,0.00503119066992,0.333907564607,0.449275362319,0.613703349203,31,政府; 人民; 國民大會; 國家; 國; 民主; 實施; 代表; 問題; 人; 選舉; 國大; 通過; 中國; 新; 政治; 大會; 制定; 舉行; 組織,25923,73740,668,1530,50,50,ok,
full,20,long_period_manual,long_period_manual_p005,core,cross,50,joint_count,30,10,xianzheng,憲政,zhixian,制憲,0.00427605763196,0.00254600162018,0.00718171926007,0.272320403793,0.388888888889,0.45483271074,28,政府; 完成; 國民大會; 民主; 人民; 國; 工作; 國家; 主席; 黨; 召開; 行憲; 南京; 參加; 代表; 舉行; 問題; 中國; 成立; 人,25923,9190,668,315,50,50,ok,
full,20,long_period_manual,long_period_manual_p005,core,intra,50,joint_count,30,10,xianfa,憲法,zhixian,制憲,0.0111016752852,0.00391917548142,0.0314472252448,0.326982418094,0.492537313433,0.604717855645,33,政府; 國民大會; 新; 人民; 制定; 代表; 國; 民主; 選舉; 國家; 問題; 人; 通過; 國大; 規定; 中國; 討論; 議會; 實施; 意見,73740,9190,1530,315,50,50,ok,
full,20,long_period_manual,long_period_manual_p005,core,intra,100,joint_count,30,10,lixian,立憲,xianzheng,憲政,0,0,0,0.0886310255254,0.078431372549,0.579142392349,8,民主; 政府; 國家; 國; 人民; 政治; 中國; 黨,144,25923,11,668,10,100,ok,
full,20,long_period_manual,long_period_manual_p005,core,cross,100,joint_count,30,10,lixian,立憲,xianfa,憲法,0.00736509628868,0.166666666667,0.000325467860049,0.0535026279773,0.0891089108911,0.403993954298,9,政府; 人民; 國家; 國; 民主; 中國; 政治; 黨; 制度,144,73740,11,1530,10,100,ok,
full,20,long_period_manual,long_period_manual_p005,core,cross,100,joint_count,30,10,lixian,立憲,zhixian,制憲,0,0,0,0.0495609805613,0.078431372549,0.260034991537,8,政府; 黨; 民主; 人民; 國; 國家; 中國; 政治,144,9190,11,315,10,100,ok,
full,20,long_period_manual,long_period_manual_p005,core,cross,100,joint_count,30,10,xianzheng,憲政,xianfa,憲法,0.00848554445541,0.014311615168,0.00503119066992,0.366339966177,0.449275362319,0.663310988985,62,政府; 人民; 國民大會; 國家; 國; 民主; 實施; 代表; 問題; 人; 選舉; 國大; 通過; 中國; 新; 政治; 大會; 制定; 舉行; 組織,25923,73740,668,1530,100,100,ok,
full,20,long_period_manual,long_period_manual_p005,core,cross,100,joint_count,30,10,xianzheng,憲政,zhixian,制憲,0.00427605763196,0.00254600162018,0.00718171926007,0.302598631269,0.398601398601,0.498096599546,57,政府; 完成; 國民大會; 民主; 人民; 國; 工作; 國家; 主席; 黨; 召開; 行憲; 南京; 參加; 代表; 舉行; 問題; 中國; 成立; 人,25923,9190,668,315,100,100,ok,
full,20,long_period_manual,long_period_manual_p005,core,intra,100,joint_count,30,10,xianfa,憲法,zhixian,制憲,0.0111016752852,0.00391917548142,0.0314472252448,0.342099191408,0.449275362319,0.63765662694,62,政府; 國民大會; 新; 人民; 制定; 代表; 國; 民主; 選舉; 國家; 問題; 人; 通過; 國大; 規定; 中國; 討論; 議會; 實施; 意見,73740,9190,1530,315,100,100,ok,
full,20,long_period_manual,long_period_manual_p005,core,intra,0,joint_count,30,10,lixian,立憲,xianzheng,憲政,0,0,0,0.065700286293,0.0134932533733,0.553689611089,9,民主; 政府; 國家; 國; 人民; 政治; 中國; 黨; 制度,144,25923,11,668,10,666,ok,
full,20,long_period_manual,long_period_manual_p005,core,cross,0,joint_count,30,10,lixian,立憲,xianfa,憲法,0.00736509628868,0.166666666667,0.000325467860049,0.0359205803977,0.00654878847413,0.372197760577,10,政府; 人民; 國家; 國; 民主; 中國; 政治; 黨; 制度; 君主,144,73740,11,1530,10,1527,ok,
full,20,long_period_manual,long_period_manual_p005,core,cross,0,joint_count,30,10,lixian,立憲,zhixian,制憲,0,0,0,0.0417500052635,0.0286624203822,0.254398581619,9,政府; 黨; 民主; 人民; 國; 國家; 中國; 政治; 制度,144,9190,11,315,10,313,ok,
full,20,long_period_manual,long_period_manual_p005,core,cross,0,joint_count,30,10,xianzheng,憲政,xianfa,憲法,0.00848554445541,0.014311615168,0.00503119066992,0.408777819702,0.361266294227,0.723943236216,582,政府; 人民; 國民大會; 國家; 國; 民主; 實施; 代表; 問題; 人; 選舉; 國大; 通過; 中國; 新; 政治; 大會; 制定; 舉行; 組織,25923,73740,668,1530,666,1527,ok,
full,20,long_period_manual,long_period_manual_p005,core,cross,0,joint_count,30,10,xianzheng,憲政,zhixian,制憲,0.00427605763196,0.00254600162018,0.00718171926007,0.309077926637,0.305333333333,0.535299006903,229,政府; 完成; 國民大會; 民主; 人民; 國; 工作; 國家; 主席; 黨; 召開; 行憲; 南京; 參加; 代表; 舉行; 問題; 中國; 成立; 人,25923,9190,668,315,666,313,ok,
full,20,long_period_manual,long_period_manual_p005,core,intra,0,joint_count,30,10,xianfa,憲法,zhixian,制憲,0.0111016752852,0.00391917548142,0.0314472252448,0.329192840901,0.194029850746,0.670067805673,299,政府; 國民大會; 新; 人民; 制定; 代表; 國; 民主; 選舉; 國家; 問題; 人; 通過; 國大; 規定; 中國; 討論; 議會; 實施; 意見,73740,9190,1530,315,1527,313,ok,
full,5,long_period_manual,long_period_manual_p005,core,intra,20,joint_count,30,10,lixian,立憲,xianzheng,憲政,0,0,0,0.0636488683256,0.0952380952381,0.339872761383,2,民主; 政府,29,5869,3,208,3,20,low_support,lixian_strength<30; lixian_neighbors<10
full,5,long_period_manual,long_period_manual_p005,core,cross,20,joint_count,30,10,lixian,立憲,xianfa,憲法,0,0,0,0.0208291203236,0.0952380952381,0.198822766928,2,民主; 政府,29,15372,3,473,3,20,low_support,lixian_strength<30; lixian_neighbors<10
full,5,long_period_manual,long_period_manual_p005,core,cross,20,joint_count,30,10,lixian,立憲,zhixian,制憲,0,0,0,0.0115718418515,0.0454545454545,0.060544543828,1,政府,29,1884,3,77,3,20,low_support,lixian_strength<30; lixian_neighbors<10
full,5,long_period_manual,long_period_manual_p005,core,cross,20,joint_count,30,10,xianzheng,憲政,xianfa,憲法,0.00915950512448,0.0148236496848,0.00565964090554,0.127255555859,0.212121212121,0.31266936112,7,實施; 民主; 政府; 國家; 人民; 國民大會; 國,5869,15372,208,473,20,20,ok,
full,5,long_period_manual,long_period_manual_p005,core,cross,20,joint_count,30,10,xianzheng,憲政,zhixian,制憲,0.0021051135953,0.0011927074459,0.00371549893843,0.0476930689123,0.0810810810811,0.0515964244698,3,完成; 政府; 國民大會,5869,1884,208,77,20,20,ok,
full,5,long_period_manual,long_period_manual_p005,core,intra,20,joint_count,30,10,xianfa,憲法,zhixian,制憲,0.01022014488,0.0035779339058,0.0291932059448,0.0838634793095,0.176470588235,0.142259508262,6,國民大會; 新; 政府; 問題; 選舉; 國大,15372,1884,473,77,20,20,ok,
full,5,long_period_manual,long_period_manual_p005,core,intra,50,joint_count,30,10,lixian,立憲,xianzheng,憲政,0,0,0,0.0558788011856,0.0392156862745,0.330269930176,2,民主; 政府,29,5869,3,208,3,50,low_support,lixian_strength<30; lixian_neighbors<10
full,5,long_period_manual,long_period_manual_p005,core,cross,50,joint_count,30,10,lixian,立憲,xianfa,憲法,0,0,0,0.0184861129807,0.0392156862745,0.186854345897,2,民主; 政府,29,15372,3,473,3,50,low_support,lixian_strength<30; lixian_neighbors<10
full,5,long_period_manual,long_period_manual_p005,core,cross,50,joint_count,30,10,lixian,立憲,zhixian,制憲,0,0,0,0.0103448275862,0.0192307692308,0.0597568334996,1,政府,29,1884,3,77,3,50,low_support,lixian_strength<30; lixian_neighbors<10
full,5,long_period_manual,long_period_manual_p005,core,cross,50,joint_count,30,10,xianzheng,憲政,xianfa,憲法,0.00915950512448,0.0148236496848,0.00565964090554,0.161285422571,0.234567901235,0.356400875831,19,實施; 民主; 政府; 國家; 人民; 國民大會; 國; 問題; 完成; 精神; 實行; 我國; 召開; 成立; 程序; 不能; 制定; 中國; 準備,5869,15372,208,473,50,50,ok,
full,5,long_period_manual,long_period_manual_p005,core,cross,50,joint_count,30,10,xianzheng,憲政,zhixian,制憲,0.0021051135953,0.0011927074459,0.00371549893843,0.0774712027617,0.136363636364,0.0790464268663,12,完成; 政府; 國民大會; 工作; 召開; 問題; 成立; 中國; 南京; 階段; 主席; 制定,5869,1884,208,77,50,50,ok,
full,5,long_period_manual,long_period_manual_p005,core,intra,50,joint_count,30,10,xianfa,憲法,zhixian,制憲,0.01022014488,0.0035779339058,0.0291932059448,0.125169725103,0.219512195122,0.240888373041,18,國民大會; 新; 政府; 問題; 選舉; 國大; 制定; 通過; 完成; 代表; 決定; 討論; 召開; 議會; 成立; 職權; 人; 中國,15372,1884,473,77,50,50,ok,
full,5,long_period_manual,long_period_manual_p005,core,intra,100,joint_count,30,10,lixian,立憲,xianzheng,憲政,0,0,0,0.0502517523941,0.019801980198,0.325741446694,2,民主; 政府,29,5869,3,208,3,100,low_support,lixian_strength<30; lixian_neighbors<10
full,5,long_period_manual,long_period_manual_p005,core,cross,100,joint_count,30,10,lixian,立憲,xianfa,憲法,0,0,0,0.0167187436595,0.019801980198,0.18130553465,2,民主; 政府,29,15372,3,473,3,100,low_support,lixian_strength<30; lixian_neighbors<10
full,5,long_period_manual,long_period_manual_p005,core,cross,100,joint_count,30,10,lixian,立憲,zhixian,制憲,0,0,0,0.0120152921901,0.0263157894737,0.0694380969984,2,政府; 民主,29,1884,3,77,3,75,low_support,lixian_strength<30; lixian_neighbors<10
full,5,long_period_manual,long_period_manual_p005,core,cross,100,joint_count,30,10,xianzheng,憲政,xianfa,憲法,0.00915950512448,0.0148236496848,0.00565964090554,0.197956803424,0.282051282051,0.403095945847,44,實施; 民主; 政府; 國家; 人民; 國民大會; 國; 問題; 完成; 精神; 實行; 我國; 召開; 成立; 程序; 不能; 制定; 組織; 中國; 準備,5869,15372,208,473,100,100,ok,
full,5,long_period_manual,long_period_manual_p005,core,cross,100,joint_count,30,10,xianzheng,憲政,zhixian,制憲,0.0021051135953,0.0011927074459,0.00371549893843,0.112885765975,0.223776223776,0.129236895581,32,完成; 政府; 國民大會; 工作; 召開; 問題; 成立; 中國; 南京; 階段; 主席; 制定; 黨; 新; 通過; 選舉; 實施; 我國; 民主; 任務,5869,1884,208,77,100,75,ok,
full,5,long_period_manual,long_period_manual_p005,core,intra,100,joint_count,30,10,xianfa,憲法,zhixian,制憲,0.01022014488,0.0035779339058,0.0291932059448,0.155271752619,0.268115942029,0.278571071021,37,國民大會; 新; 政府; 問題; 選舉; 國大; 制定; 通過; 完成; 代表; 決定; 討論; 召開; 議會; 成立; 職權; 人; 中國; 實施; 我國,15372,1884,473,77,100,75,ok,
full,5,long_period_manual,long_period_manual_p005,core,intra,0,joint_count,30,10,lixian,立憲,xianzheng,憲政,0,0,0,0.0457117198024,0.00966183574879,0.323681689477,2,民主; 政府,29,5869,3,208,3,206,low_support,lixian_strength<30; lixian_neighbors<10
full,5,long_period_manual,long_period_manual_p005,core,cross,0,joint_count,30,10,lixian,立憲,xianfa,憲法,0,0,0,0.013646902948,0.00423728813559,0.176464426923,2,民主; 政府,29,15372,3,473,3,471,low_support,lixian_strength<30; lixian_neighbors<10
full,5,long_period_manual,long_period_manual_p005,core,cross,0,joint_count,30,10,lixian,立憲,zhixian,制憲,0,0,0,0.0120152921901,0.0263157894737,0.0694380969984,2,政府; 民主,29,1884,3,77,3,75,low_support,lixian_strength<30; lixian_neighbors<10
full,5,long_period_manual,long_period_manual_p005,core,cross,0,joint_count,30,10,xianzheng,憲政,xianfa,憲法,0.00915950512448,0.0148236496848,0.00565964090554,0.228266784906,0.265420560748,0.424104734557,142,實施; 民主; 政府; 國家; 人民; 國民大會; 國; 問題; 完成; 精神; 實行; 我國; 召開; 成立; 程序; 不能; 制定; 組織; 中國; 準備,5869,15372,208,473,206,471,ok,
full,5,long_period_manual,long_period_manual_p005,core,cross,0,joint_count,30,10,xianzheng,憲政,zhixian,制憲,0.0021051135953,0.0011927074459,0.00371549893843,0.114831288982,0.185654008439,0.135167903562,44,完成; 政府; 國民大會; 工作; 召開; 問題; 成立; 中國; 南京; 階段; 主席; 制定; 黨; 新; 通過; 選舉; 實施; 我國; 民主; 任務,5869,1884,208,77,206,75,ok,
full,5,long_period_manual,long_period_manual_p005,core,intra,0,joint_count,30,10,xianfa,憲法,zhixian,制憲,0.01022014488,0.0035779339058,0.0291932059448,0.146577841171,0.132780082988,0.282063615906,64,國民大會; 新; 政府; 問題; 選舉; 國大; 制定; 通過; 完成; 代表; 決定; 討論; 召開; 議會; 成立; 職權; 人; 中國; 實施; 我國,15372,1884,473,77,471,75,ok,
regex-only,10,long_period_manual,long_period_manual_p005,core,intra,20,joint_count,30,10,lixian,立憲,xianzheng,憲政,0,0,0,0.0816306304963,0.190476190476,0.547978784561,4,民主; 政府; 政治; 國,73,14106,6,413,5,20,low_support,lixian_neighbors<10
regex-only,10,long_period_manual,long_period_manual_p005,core,cross,20,joint_count,30,10,lixian,立憲,xianfa,憲法,0.00455684544976,0.109589041096,0.000189479169134,0.0328947070974,0.136363636364,0.336947308168,3,政府; 民主; 國,73,42221,6,945,5,20,low_support,lixian_neighbors<10
regex-only,10,long_period_manual,long_period_manual_p005,core,cross,20,joint_count,30,10,lixian,立憲,zhixian,制憲,0,0,0,0.0202619228599,0.0416666666667,0.126565642977,1,政府,73,5912,6,196,5,20,low_support,lixian_neighbors<10
regex-only,10,long_period_manual,long_period_manual_p005,core,cross,20,joint_count,30,10,xianzheng,憲政,xianfa,憲法,0.00979335964475,0.0169431447611,0.00566069017787,0.165336010831,0.212121212121,0.402916759242,7,政府; 人民; 國民大會; 民主; 實施; 國家; 國,14106,42221,413,945,20,20,ok,
regex-only,10,long_period_manual,long_period_manual_p005,core,cross,20,joint_count,30,10,xianzheng,憲政,zhixian,制憲,0.00427066449646,0.00276478094428,0.00659675236806,0.0852762097072,0.111111111111,0.125807421978,4,政府; 完成; 國民大會; 工作,14106,5912,413,196,20,20,ok,
regex-only,10,long_period_manual,long_period_manual_p005,core,intra,20,joint_count,30,10,xianfa,憲法,zhixian,制憲,0.0116462565476,0.00435802089008,0.0311231393775,0.139623713186,0.212121212121,0.289450735633,7,政府; 國民大會; 新; 代表; 問題; 選舉; 國大,42221,5912,945,196,20,20,ok,
regex-only,10,long_period_manual,long_period_manual_p005,core,intra,50,joint_count,30,10,lixian,立憲,xianzheng,憲政,0,0,0,0.0706718207931,0.078431372549,0.515448922865,4,民主; 政府; 政治; 國,73,14106,6,413,5,50,low_support,lixian_neighbors<10
regex-only,10,long_period_manual,long_period_manual_p005,core,cross,50,joint_count,30,10,lixian,立憲,xianfa,憲法,0.00455684544976,0.109589041096,0.000189479169134,0.034367653935,0.078431372549,0.335061669083,4,政府; 民主; 國; 政治,73,42221,6,945,5,50,low_support,lixian_neighbors<10
regex-only,10,long_period_manual,long_period_manual_p005,core,cross,50,joint_count,30,10,lixian,立憲,zhixian,制憲,0,0,0,0.0272168166688,0.0576923076923,0.176731861831,3,政府; 民主; 國,73,5912,6,196,5,50,low_support,lixian_neighbors<10
regex-only,10,long_period_manual,long_period_manual_p005,core,cross,50,joint_count,30,10,xianzheng,憲政,xianfa,憲法,0.00979335964475,0.0169431447611,0.00566069017787,0.256797393768,0.369863013699,0.491573032949,27,政府; 人民; 國民大會; 民主; 實施; 國家; 國; 中國; 政治; 代表; 會議; 國大; 國民; 問題; 通過; 完成; 人; 選舉; 制定; 實行,14106,42221,413,945,50,50,ok,
regex-only,10,long_period_manual,long_period_manual_p005,core,cross,50,joint_count,30,10,xianzheng,憲政,zhixian,制憲,0.00427066449646,0.00276478094428,0.00659675236806,0.202552666371,0.351351351351,0.2952709195,26,政府; 完成; 國民大會; 工作; 成立; 民主; 人民; 召開; 國民; 國; 行憲; 代表; 主席; 黨; 會議; 國大; 舉行; 參加; 問題; 中國,14106,5912,413,196,50,50,ok,
regex-only,10,long_period_manual,long_period_manual_p005,core,intra,50,joint_count,30,10,xianfa,憲法,zhixian,制憲,0.0116462565476,0.00435802089008,0.0311231393775,0.248206483509,0.408450704225,0.484655516777,29,政府; 國民大會; 新; 代表; 問題; 通過; 選舉; 民主; 國大; 人民; 國; 議會; 會議; 制定; 人; 國民; 討論; 中國; 國家; 大會,42221,5912,945,196,50,50,ok,
regex-only,10,long_period_manual,long_period_manual_p005,core,intra,100,joint_count,30,10,lixian,立憲,xianzheng,憲政,0,0,0,0.0626870255537,0.039603960396,0.499926946868,4,民主; 政府; 政治; 國,73,14106,6,413,5,100,low_support,lixian_neighbors<10
regex-only,10,long_period_manual,long_period_manual_p005,core,cross,100,joint_count,30,10,lixian,立憲,xianfa,憲法,0.00455684544976,0.109589041096,0.000189479169134,0.0307958437721,0.039603960396,0.317394020383,4,政府; 民主; 國; 政治,73,42221,6,945,5,100,low_support,lixian_neighbors<10
regex-only,10,long_period_manual,long_period_manual_p005,core,cross,100,joint_count,30,10,lixian,立憲,zhixian,制憲,0,0,0,0.0269797693728,0.039603960396,0.184450533625,4,政府; 民主; 國; 政治,73,5912,6,196,5,100,low_support,lixian_neighbors<10
regex-only,10,long_period_manual,long_period_manual_p005,core,cross,100,joint_count,30,10,xianzheng,憲政,xianfa,憲法,0.00979335964475,0.0169431447611,0.00566069017787,0.294959523896,0.379310344828,0.55376947186,55,政府; 人民; 國民大會; 民主; 實施; 國家; 國; 中國; 政治; 代表; 會議; 國大; 國民; 問題; 通過; 完成; 人; 選舉; 制定; 實行,14106,42221,413,945,100,100,ok,
regex-only,10,long_period_manual,long_period_manual_p005,core,cross,100,joint_count,30,10,xianzheng,憲政,zhixian,制憲,0.00427066449646,0.00276478094428,0.00659675236806,0.221957136914,0.315789473684,0.350307297221,48,政府; 完成; 國民大會; 工作; 成立; 民主; 人民; 召開; 國民; 國; 行憲; 代表; 主席; 黨; 會議; 國大; 舉行; 參加; 問題; 中國,14106,5912,413,196,100,100,ok,
regex-only,10,long_period_manual,long_period_manual_p005,core,intra,100,joint_count,30,10,xianfa,憲法,zhixian,制憲,0.0116462565476,0.00435802089008,0.0311231393775,0.291858996676,0.438848920863,0.559225058144,61,政府; 國民大會; 新; 代表; 問題; 通過; 選舉; 民主; 國大; 人民; 國; 議會; 會議; 制定; 人; 國民; 討論; 中國; 國家; 大會,42221,5912,945,196,100,100,ok,
regex-only,10,long_period_manual,long_period_manual_p005,core,intra,0,joint_count,30,10,lixian,立憲,xianzheng,憲政,0,0,0,0.0507702403207,0.00970873786408,0.487587402159,4,民主; 政府; 政治; 國,73,14106,6,413,5,411,low_support,lixian_neighbors<10
regex-only,10,long_period_manual,long_period_manual_p005,core,cross,0,joint_count,30,10,lixian,立憲,xianfa,憲法,0.00455684544976,0.109589041096,0.000189479169134,0.0226865628445,0.00424178154825,0.300735550919,4,政府; 民主; 國; 政治,73,42221,6,945,5,942,low_support,lixian_neighbors<10
regex-only,10,long_period_manual,long_period_manual_p005,core,cross,0,joint_count,30,10,lixian,立憲,zhixian,制憲,0,0,0,0.0246980347428,0.0205128205128,0.182727225736,4,政府; 民主; 國; 政治,73,5912,6,196,5,194,low_support,lixian_neighbors<10
regex-only,10,long_period_manual,long_period_manual_p005,core,cross,0,joint_count,30,10,xianzheng,憲政,xianfa,憲法,0.00979335964475,0.0169431447611,0.00566069017787,0.33735111167,0.32777232581,0.600808270483,334,政府; 人民; 國民大會; 民主; 實施; 國家; 國; 中國; 政治; 代表; 會議; 國大; 國民; 問題; 通過; 完成; 人; 選舉; 制定; 實行,14106,42221,413,945,411,942,ok,
regex-only,10,long_period_manual,long_period_manual_p005,core,cross,0,joint_count,30,10,xianzheng,憲政,zhixian,制憲,0.00427066449646,0.00276478094428,0.00659675236806,0.233468400012,0.265690376569,0.374993688151,127,政府; 完成; 國民大會; 工作; 成立; 民主; 人民; 召開; 國民; 國; 行憲; 代表; 主席; 黨; 會議; 國大; 舉行; 參加; 問題; 中國,14106,5912,413,196,411,194,ok,
regex-only,10,long_period_manual,long_period_manual_p005,core,intra,0,joint_count,30,10,xianfa,憲法,zhixian,制憲,0.0116462565476,0.00435802089008,0.0311231393775,0.276836535582,0.180873180873,0.571024216586,174,政府; 國民大會; 新; 代表; 問題; 通過; 選舉; 民主; 國大; 人民; 國; 議會; 會議; 制定; 人; 國民; 討論; 中國; 國家; 大會,42221,5912,945,196,942,194,ok,
regex-only,1,long_period_manual,long_period_manual_p005,core,intra,20,joint_count,30,10,lixian,立憲,xianzheng,憲政,0,0,0,0.109681569637,0.0909090909091,0.178816387904,2,民主; 政府,28,1884,4,63,4,20,low_support,lixian_strength<30; lixian_neighbors<10
regex-only,1,long_period_manual,long_period_manual_p005,core,cross,20,joint_count,30,10,lixian,立憲,xianfa,憲法,0,0,0,0.0122513922037,0.0434782608696,0.0336324538788,1,民主,28,3945,4,142,4,20,low_support,lixian_strength<30; lixian_neighbors<10
regex-only,1,long_period_manual,long_period_manual_p005,core,cross,20,joint_count,30,10,lixian,立憲,zhixian,制憲,0,0,0,0,0,0,0,,28,1071,4,38,4,20,low_support,lixian_strength<30; lixian_neighbors<10
regex-only,1,long_period_manual,long_period_manual_p005,core,cross,20,joint_count,30,10,xianzheng,憲政,xianfa,憲法,0,0,0,0.0602940526992,0.142857142857,0.207403980057,5,實施; 民主; 實行; 問題; 施行,1884,3945,63,142,20,20,ok,
regex-only,1,long_period_manual,long_period_manual_p005,core,cross,20,joint_count,30,10,xianzheng,憲政,zhixian,制憲,0,0,0,0.0261251372119,0.0526315789474,0.0105350767005,2,完成; 問題,1884,1071,63,38,20,20,ok,
regex-only,1,long_period_manual,long_period_manual_p005,core,intra,20,joint_count,30,10,xianfa,憲法,zhixian,制憲,0,0,0,0.0137743276624,0.0526315789474,0.0207363930339,2,問題; 新,3945,1071,142,38,20,20,ok,
regex-only,1,long_period_manual,long_period_manual_p005,core,intra,50,joint_count,30,10,lixian,立憲,xianzheng,憲政,0,0,0,0.101427721594,0.0384615384615,0.178418982797,2,民主; 政府,28,1884,4,63,4,50,low_support,lixian_strength<30; lixian_neighbors<10
regex-only,1,long_period_manual,long_period_manual_p005,core,cross,50,joint_count,30,10,lixian,立憲,xianfa,憲法,0,0,0,0.0109204368175,0.0188679245283,0.0330581825982,1,民主,28,3945,4,142,4,50,low_support,lixian_strength<30; lixian_neighbors<10
regex-only,1,long_period_manual,long_period_manual_p005,core,cross,50,joint_count,30,10,lixian,立憲,zhixian,制憲,0,0,0,0,0,0,0,,28,1071,4,38,4,38,low_support,lixian_strength<30; lixian_neighbors<10
regex-only,1,long_period_manual,long_period_manual_p005,core,cross,50,joint_count,30,10,xianzheng,憲政,xianfa,憲法,0,0,0,0.0789017628652,0.162790697674,0.212481615089,14,實施; 民主; 實行; 中國; 問題; 完成; 施行; 有關; 成立; 英國; 我國; 西德; 國; 精神,1884,3945,63,142,50,50,ok,
regex-only,1,long_period_manual,long_period_manual_p005,core,cross,50,joint_count,30,10,xianzheng,憲政,zhixian,制憲,0,0,0,0.0389415138543,0.128205128205,0.0152498305195,10,完成; 問題; 成立; 參加; 工作; 成功; 我國; 西德; 史; 組織,1884,1071,63,38,50,38,ok,
regex-only,1,long_period_manual,long_period_manual_p005,core,intra,50,joint_count,30,10,xianfa,憲法,zhixian,制憲,0,0,0,0.0376535869996,0.128205128205,0.0340410979936,10,問題; 新; 完成; 我國; 西德; 波恩; 法國; 成立; 美國; 印度,3945,1071,142,38,50,38,ok,
regex-only,1,long_period_manual,long_period_manual_p005,core,intra,100,joint_count,30,10,lixian,立憲,xianzheng,憲政,0,0,0,0.0995039393055,0.0307692307692,0.178362227173,2,民主; 政府,28,1884,4,63,4,63,low_support,lixian_strength<30; lixian_neighbors<10
regex-only,1,long_period_manual,long_period_manual_p005,core,cross,100,joint_count,30,10,lixian,立憲,xianfa,憲法,0,0,0,0.0110861818662,0.0196078431373,0.0394732024099,2,民主; 政府,28,3945,4,142,4,100,low_support,lixian_strength<30; lixian_neighbors<10
regex-only,1,long_period_manual,long_period_manual_p005,core,cross,100,joint_count,30,10,lixian,立憲,zhixian,制憲,0,0,0,0,0,0,0,,28,1071,4,38,4,38,low_support,lixian_strength<30; lixian_neighbors<10
regex-only,1,long_period_manual,long_period_manual_p005,core,cross,100,joint_count,30,10,xianzheng,憲政,xianfa,憲法,0,0,0,0.0857022029263,0.164285714286,0.219004381212,23,實施; 民主; 實行; 中國; 問題; 完成; 施行; 有關; 成立; 英國; 國家; 我國; 西德; 國; 精神; 組織; 印度; 新; 討論; 促成,1884,3945,63,142,63,100,ok,
regex-only,1,long_period_manual,long_period_manual_p005,core,cross,100,joint_count,30,10,xianzheng,憲政,zhixian,制憲,0,0,0,0.041112769106,0.134831460674,0.0162974646301,12,完成; 問題; 成立; 參加; 工作; 成功; 我國; 西德; 史; 組織; 印度; 新,1884,1071,63,38,63,38,ok,
regex-only,1,long_period_manual,long_period_manual_p005,core,intra,100,joint_count,30,10,xianfa,憲法,zhixian,制憲,0,0,0,0.047680393119,0.15,0.0446503949457,18,問題; 新; 完成; 我國; 西德; 波恩; 法國; 成立; 美國; 印度; 選舉; 會議; 國民大會; 法; 組織; 舉行; 大會; 德國,3945,1071,142,38,100,38,ok,
regex-only,1,long_period_manual,long_period_manual_p005,core,intra,0,joint_count,30,10,lixian,立憲,xianzheng,憲政,0,0,0,0.0995039393055,0.0307692307692,0.178362227173,2,民主; 政府,28,1884,4,63,4,63,low_support,lixian_strength<30; lixian_neighbors<10
regex-only,1,long_period_manual,long_period_manual_p005,core,cross,0,joint_count,30,10,lixian,立憲,xianfa,憲法,0,0,0,0.010760953113,0.0138888888889,0.0394331037114,2,民主; 政府,28,3945,4,142,4,142,low_support,lixian_strength<30; lixian_neighbors<10
regex-only,1,long_period_manual,long_period_manual_p005,core,cross,0,joint_count,30,10,lixian,立憲,zhixian,制憲,0,0,0,0,0,0,0,,28,1071,4,38,4,38,low_support,lixian_strength<30; lixian_neighbors<10
regex-only,1,long_period_manual,long_period_manual_p005,core,cross,0,joint_count,30,10,xianzheng,憲政,xianfa,憲法,0,0,0,0.0846460023856,0.138888888889,0.219113109747,25,實施; 民主; 實行; 中國; 問題; 完成; 施行; 有關; 成立; 英國; 國家; 我國; 西德; 國; 精神; 組織; 印度; 新; 討論; 促成,1884,3945,63,142,63,142,ok,
regex-only,1,long_period_manual,long_period_manual_p005,core,cross,0,joint_count,30,10,xianzheng,憲政,zhixian,制憲,0,0,0,0.041112769106,0.134831460674,0.0162974646301,12,完成; 問題; 成立; 參加; 工作; 成功; 我國; 西德; 史; 組織; 印度; 新,1884,1071,63,38,63,38,ok,
regex-only,1,long_period_manual,long_period_manual_p005,core,intra,0,joint_count,30,10,xianfa,憲法,zhixian,制憲,0,0,0,0.0469266579321,0.11801242236,0.0498190739867,19,問題; 新; 完成; 我國; 西德; 波恩; 法國; 成立; 美國; 印度; 選舉; 會議; 國民大會; 法; 組織; 舉行; 大會; 德國; 議會,3945,1071,142,38,142,38,ok,
regex-only,20,long_period_manual,long_period_manual_p005,core,intra,20,joint_count,30,10,lixian,立憲,xianzheng,憲政,0,0,0,0.119535482394,0.347826086957,0.679959615306,8,民主; 政府; 政治; 國家; 國; 人民; 中國; 黨,173,29671,12,694,11,20,ok,
regex-only,20,long_period_manual,long_period_manual_p005,core,cross,20,joint_count,30,10,lixian,立憲,xianfa,憲法,0.00683740919906,0.156069364162,0.00029954735067,0.0600173660281,0.24,0.468989381465,6,政府; 人民; 民主; 國家; 國; 政治,173,90136,12,1639,11,20,ok,
regex-only,20,long_period_manual,long_period_manual_p005,core,cross,20,joint_count,30,10,lixian,立憲,zhixian,制憲,0,0,0,0.0301775440777,0.0689655172414,0.143466883392,2,政府; 黨,173,12834,12,374,11,20,ok,
regex-only,20,long_period_manual,long_period_manual_p005,core,cross,20,joint_count,30,10,xianzheng,憲政,xianfa,憲法,0.00856620559944,0.0149304034242,0.00491479542025,0.243353673224,0.290322580645,0.544803633292,9,政府; 人民; 國民大會; 民主; 國家; 國; 代表; 政治; 實施,29671,90136,694,1639,20,20,ok,
regex-only,20,long_period_manual,long_period_manual_p005,core,cross,20,joint_count,30,10,xianzheng,憲政,zhixian,制憲,0.00389463249446,0.00256142361228,0.00592177029765,0.151526078883,0.212121212121,0.286955035007,7,政府; 國民大會; 完成; 工作; 會議; 代表; 黨,29671,12834,694,374,20,20,ok,
regex-only,20,long_period_manual,long_period_manual_p005,core,intra,20,joint_count,30,10,xianfa,憲法,zhixian,制憲,0.0111137760626,0.00419366290938,0.0294530154278,0.167191915713,0.212121212121,0.383959589898,7,政府; 國民大會; 代表; 新; 選舉; 問題; 國大,90136,12834,1639,374,20,20,ok,
regex-only,20,long_period_manual,long_period_manual_p005,core,intra,50,joint_count,30,10,lixian,立憲,xianzheng,憲政,0,0,0,0.10284440782,0.150943396226,0.615649064148,8,民主; 政府; 政治; 國家; 國; 人民; 中國; 黨,173,29671,12,694,11,50,ok,
regex-only,20,long_period_manual,long_period_manual_p005,core,cross,50,joint_count,30,10,lixian,立憲,xianfa,憲法,0.00683740919906,0.156069364162,0.00029954735067,0.0618558616585,0.150943396226,0.449236979465,8,政府; 人民; 民主; 國家; 國; 政治; 中國; 黨,173,90136,12,1639,11,50,ok,
regex-only,20,long_period_manual,long_period_manual_p005,core,cross,50,joint_count,30,10,lixian,立憲,zhixian,制憲,0,0,0,0.0560049580754,0.150943396226,0.268765715606,8,政府; 黨; 民主; 人民; 國; 國家; 政治; 英國,173,12834,12,374,11,50,ok,
regex-only,20,long_period_manual,long_period_manual_p005,core,cross,50,joint_count,30,10,xianzheng,憲政,xianfa,憲法,0.00856620559944,0.0149304034242,0.00491479542025,0.331857842831,0.428571428571,0.632260689943,30,政府; 人民; 國民大會; 民主; 國家; 國; 代表; 政治; 實施; 會議; 中國; 人; 國大; 通過; 國民; 問題; 選舉; 新; 大會; 舉行,29671,90136,694,1639,50,50,ok,
regex-only,20,long_period_manual,long_period_manual_p005,core,cross,50,joint_count,30,10,xianzheng,憲政,zhixian,制憲,0.00389463249446,0.00256142361228,0.00592177029765,0.276032889059,0.388888888889,0.463341713488,28,政府; 國民大會; 完成; 民主; 工作; 人民; 會議; 代表; 主席; 國; 黨; 參加; 成立; 舉行; 國民; 人; 國家; 召開; 行憲; 國大,29671,12834,694,374,50,50,ok,
regex-only,20,long_period_manual,long_period_manual_p005,core,intra,50,joint_count,30,10,xianfa,憲法,zhixian,制憲,0.0111137760626,0.00419366290938,0.0294530154278,0.328362128745,0.470588235294,0.627706605847,32,政府; 國民大會; 代表; 新; 民主; 通過; 人民; 選舉; 問題; 人; 國大; 國; 制定; 會議; 國家; 議會; 國民; 大會; 政治; 總統,90136,12834,1639,374,50,50,ok,
regex-only,20,long_period_manual,long_period_manual_p005,core,intra,100,joint_count,30,10,lixian,立憲,xianzheng,憲政,0,0,0,0.091161568914,0.0776699029126,0.589067800423,8,民主; 政府; 政治; 國家; 國; 人民; 中國; 黨,173,29671,12,694,11,100,ok,
regex-only,20,long_period_manual,long_period_manual_p005,core,cross,100,joint_count,30,10,lixian,立憲,xianfa,憲法,0.00683740919906,0.156069364162,0.00029954735067,0.0581349430155,0.0882352941176,0.430287899468,9,政府; 人民; 民主; 國家; 國; 政治; 中國; 黨; 制度,173,90136,12,1639,11,100,ok,
regex-only,20,long_period_manual,long_period_manual_p005,core,cross,100,joint_count,30,10,lixian,立憲,zhixian,制憲,0,0,0,0.0523830275208,0.0882352941176,0.269394063418,9,政府; 黨; 民主; 人民; 國; 國家; 政治; 英國; 中國,173,12834,12,374,11,100,ok,
regex-only,20,long_period_manual,long_period_manual_p005,core,cross,100,joint_count,30,10,xianzheng,憲政,xianfa,憲法,0.00856620559944,0.0149304034242,0.00491479542025,0.3651319306,0.438848920863,0.681528775718,61,政府; 人民; 國民大會; 民主; 國家; 國; 代表; 政治; 實施; 會議; 中國; 人; 國大; 通過; 國民; 問題; 選舉; 新; 大會; 舉行,29671,90136,694,1639,100,100,ok,
regex-only,20,long_period_manual,long_period_manual_p005,core,cross,100,joint_count,30,10,xianzheng,憲政,zhixian,制憲,0.00389463249446,0.00256142361228,0.00592177029765,0.290036936176,0.360544217687,0.508068656005,53,政府; 國民大會; 完成; 民主; 工作; 人民; 會議; 代表; 主席; 國; 黨; 參加; 成立; 舉行; 國民; 人; 國家; 召開; 行憲; 國大,29671,12834,694,374,100,100,ok,
regex-only,20,long_period_manual,long_period_manual_p005,core,intra,100,joint_count,30,10,xianfa,憲法,zhixian,制憲,0.0111137760626,0.00419366290938,0.0294530154278,0.344985836537,0.428571428571,0.679886173919,60,政府; 國民大會; 代表; 新; 民主; 通過; 人民; 選舉; 問題; 人; 國大; 國; 制定; 會議; 國家; 議會; 國民; 大會; 政治; 總統,90136,12834,1639,374,100,100,ok,
regex-only,20,long_period_manual,long_period_manual_p005,core,intra,0,joint_count,30,10,lixian,立憲,xianzheng,憲政,0,0,0,0.0692971897032,0.01443001443,0.569160281169,10,民主; 政府; 政治; 國家; 國; 人民; 中國; 黨; 制度; 英國,173,29671,12,694,11,692,ok,
regex-only,20,long_period_manual,long_period_manual_p005,core,cross,0,joint_count,30,10,lixian,立憲,xianfa,憲法,0.00683740919906,0.156069364162,0.00029954735067,0.0406291906465,0.00672371638142,0.404843012194,11,政府; 人民; 民主; 國家; 國; 政治; 中國; 黨; 制度; 英國; 君主,173,90136,12,1639,11,1636,ok,
regex-only,20,long_period_manual,long_period_manual_p005,core,cross,0,joint_count,30,10,lixian,立憲,zhixian,制憲,0,0,0,0.0433316739123,0.0268096514745,0.262659692946,10,政府; 黨; 民主; 人民; 國; 國家; 政治; 英國; 中國; 制度,173,12834,12,374,11,372,ok,
regex-only,20,long_period_manual,long_period_manual_p005,core,cross,0,joint_count,30,10,xianzheng,憲政,xianfa,憲法,0.00856620559944,0.0149304034242,0.00491479542025,0.413265610697,0.355853232382,0.739417616824,611,政府; 人民; 國民大會; 民主; 國家; 國; 代表; 政治; 實施; 會議; 中國; 人; 國大; 通過; 國民; 問題; 選舉; 新; 大會; 舉行,29671,90136,694,1639,692,1636,ok,
regex-only,20,long_period_manual,long_period_manual_p005,core,cross,0,joint_count,30,10,xianzheng,憲政,zhixian,制憲,0.00389463249446,0.00256142361228,0.00592177029765,0.314994750139,0.326683291771,0.55423082647,262,政府; 國民大會; 完成; 民主; 工作; 人民; 會議; 代表; 主席; 國; 黨; 參加; 成立; 舉行; 國民; 人; 國家; 召開; 行憲; 國大,29671,12834,694,374,692,372,ok,
regex-only,20,long_period_manual,long_period_manual_p005,core,intra,0,joint_count,30,10,xianfa,憲法,zhixian,制憲,0.0111137760626,0.00419366290938,0.0294530154278,0.357700657345,0.212560386473,0.717508373048,352,政府; 國民大會; 代表; 新; 民主; 通過; 人民; 選舉; 問題; 人; 國大; 國; 制定; 會議; 國家; 議會; 國民; 大會; 政治; 總統,90136,12834,1639,374,1636,372,ok,
regex-only,5,long_period_manual,long_period_manual_p005,core,intra,20,joint_count,30,10,lixian,立憲,xianzheng,憲政,0,0,0,0.0769565217391,0.142857142857,0.446493895342,3,民主; 政府; 政治,49,6895,4,227,4,20,low_support,lixian_neighbors<10
regex-only,5,long_period_manual,long_period_manual_p005,core,cross,20,joint_count,30,10,lixian,立憲,xianfa,憲法,0,0,0,0.0240569053708,0.0909090909091,0.252021711318,2,政府; 民主,49,19667,4,526,4,20,low_support,lixian_neighbors<10
regex-only,5,long_period_manual,long_period_manual_p005,core,cross,20,joint_count,30,10,lixian,立憲,zhixian,制憲,0,0,0,0.0154299977309,0.0434782608696,0.0780908113142,1,政府,49,2794,4,110,4,20,low_support,lixian_neighbors<10
regex-only,5,long_period_manual,long_period_manual_p005,core,cross,20,joint_count,30,10,xianzheng,憲政,xianfa,憲法,0.00875919061856,0.0147933284989,0.00518635277368,0.0950416712105,0.142857142857,0.286305680811,5,政府; 實施; 民主; 人民; 國家,6895,19667,227,526,20,20,ok,
regex-only,5,long_period_manual,long_period_manual_p005,core,cross,20,joint_count,30,10,xianzheng,憲政,zhixian,制憲,0.00205051132996,0.00130529369108,0.00322118826056,0.0429342137518,0.0526315789474,0.0448079186656,2,政府; 完成,6895,2794,227,110,20,20,ok,
regex-only,5,long_period_manual,long_period_manual_p005,core,intra,20,joint_count,30,10,xianfa,憲法,zhixian,制憲,0.00917332230918,0.00345756851579,0.0243378668576,0.0937130819902,0.176470588235,0.169847798955,6,國民大會; 政府; 新; 問題; 代表; 國大,19667,2794,526,110,20,20,ok,
regex-only,5,long_period_manual,long_period_manual_p005,core,intra,50,joint_count,30,10,lixian,立憲,xianzheng,憲政,0,0,0,0.0674093116252,0.0588235294118,0.432912132926,3,民主; 政府; 政治,49,6895,4,227,4,50,low_support,lixian_neighbors<10
regex-only,5,long_period_manual,long_period_manual_p005,core,cross,50,joint_count,30,10,lixian,立憲,xianfa,憲法,0,0,0,0.0252867848137,0.0588235294118,0.252142666805,3,政府; 民主; 政治,49,19667,4,526,4,50,low_support,lixian_neighbors<10
regex-only,5,long_period_manual,long_period_manual_p005,core,cross,50,joint_count,30,10,lixian,立憲,zhixian,制憲,0,0,0,0.0161976108524,0.0384615384615,0.0935262222092,2,政府; 民主,49,2794,4,110,4,50,low_support,lixian_neighbors<10
regex-only,5,long_period_manual,long_period_manual_p005,core,cross,50,joint_count,30,10,xianzheng,憲政,xianfa,憲法,0.00875919061856,0.0147933284989,0.00518635277368,0.169010533231,0.26582278481,0.360654767499,21,政府; 實施; 民主; 人民; 國家; 國民大會; 國; 問題; 中國; 完成; 政治; 精神; 成立; 實行; 國民; 程序; 召開; 我國; 新; 國大,6895,19667,227,526,50,50,ok,
regex-only,5,long_period_manual,long_period_manual_p005,core,cross,50,joint_count,30,10,xianzheng,憲政,zhixian,制憲,0.00205051132996,0.00130529369108,0.00322118826056,0.0951548365302,0.176470588235,0.107588781639,15,政府; 完成; 國民大會; 成立; 工作; 召開; 問題; 中國; 國; 國民; 新; 組織; 主席; 國大; 民主,6895,2794,227,110,50,50,ok,
regex-only,5,long_period_manual,long_period_manual_p005,core,intra,50,joint_count,30,10,xianfa,憲法,zhixian,制憲,0.00917332230918,0.00345756851579,0.0243378668576,0.156684278196,0.282051282051,0.304389711751,22,國民大會; 政府; 新; 問題; 代表; 通過; 國大; 選舉; 完成; 中國; 制定; 議會; 國; 美國; 成立; 決定; 國民; 大會; 討論; 召開,19667,2794,526,110,50,50,ok,
regex-only,5,long_period_manual,long_period_manual_p005,core,intra,100,joint_count,30,10,lixian,立憲,xianzheng,憲政,0,0,0,0.0604663079682,0.029702970297,0.426493611724,3,民主; 政府; 政治,49,6895,4,227,4,100,low_support,lixian_neighbors<10
regex-only,5,long_period_manual,long_period_manual_p005,core,cross,100,joint_count,30,10,lixian,立憲,xianfa,憲法,0,0,0,0.0227767114523,0.029702970297,0.243263706744,3,政府; 民主; 政治,49,19667,4,526,4,100,low_support,lixian_neighbors<10
regex-only,5,long_period_manual,long_period_manual_p005,core,cross,100,joint_count,30,10,lixian,立憲,zhixian,制憲,0,0,0,0.0162071535022,0.029702970297,0.0964597176565,3,政府; 民主; 政治,49,2794,4,110,4,100,low_support,lixian_neighbors<10
regex-only,5,long_period_manual,long_period_manual_p005,core,cross,100,joint_count,30,10,xianzheng,憲政,xianfa,憲法,0.00875919061856,0.0147933284989,0.00518635277368,0.212395086265,0.324503311258,0.407615087764,49,政府; 實施; 民主; 人民; 國家; 國民大會; 國; 問題; 中國; 完成; 政治; 精神; 成立; 實行; 國民; 程序; 召開; 我國; 新; 國大,6895,19667,227,526,100,100,ok,
regex-only,5,long_period_manual,long_period_manual_p005,core,cross,100,joint_count,30,10,xianzheng,憲政,zhixian,制憲,0.00205051132996,0.00130529369108,0.00322118826056,0.131852265942,0.25,0.158422067152,40,政府; 完成; 國民大會; 成立; 工作; 召開; 問題; 中國; 國; 國民; 新; 組織; 主席; 國大; 黨; 民主; 通過; 選舉; 參加; 代表,6895,2794,227,110,100,100,ok,
regex-only,5,long_period_manual,long_period_manual_p005,core,intra,100,joint_count,30,10,xianfa,憲法,zhixian,制憲,0.00917332230918,0.00345756851579,0.0243378668576,0.195817125076,0.333333333333,0.347674216955,50,國民大會; 政府; 新; 問題; 代表; 通過; 國大; 選舉; 完成; 中國; 制定; 議會; 國; 美國; 成立; 決定; 國民; 大會; 討論; 召開,19667,2794,526,110,100,100,ok,
regex-only,5,long_period_manual,long_period_manual_p005,core,intra,0,joint_count,30,10,lixian,立憲,xianzheng,憲政,0,0,0,0.0545833012104,0.0132743362832,0.423590729637,3,民主; 政府; 政治,49,6895,4,227,4,225,low_support,lixian_neighbors<10
regex-only,5,long_period_manual,long_period_manual_p005,core,cross,0,joint_count,30,10,lixian,立憲,xianfa,憲法,0,0,0,0.0185165921148,0.00571428571429,0.23639384361,3,政府; 民主; 政治,49,19667,4,526,4,524,low_support,lixian_neighbors<10
regex-only,5,long_period_manual,long_period_manual_p005,core,cross,0,joint_count,30,10,lixian,立憲,zhixian,制憲,0,0,0,0.0160398230088,0.0275229357798,0.0963867050345,3,政府; 民主; 政治,49,2794,4,110,4,108,low_support,lixian_neighbors<10
regex-only,5,long_period_manual,long_period_manual_p005,core,cross,0,joint_count,30,10,xianzheng,憲政,xianfa,憲法,0.00875919061856,0.0147933284989,0.00518635277368,0.237745803182,0.27380952381,0.428899507395,161,政府; 實施; 民主; 人民; 國家; 國民大會; 國; 問題; 中國; 完成; 政治; 精神; 成立; 實行; 國民; 程序; 召開; 我國; 新; 國大,6895,19667,227,526,225,524,ok,
regex-only,5,long_period_manual,long_period_manual_p005,core,cross,0,joint_count,30,10,xianzheng,憲政,zhixian,制憲,0.00205051132996,0.00130529369108,0.00322118826056,0.137429527479,0.215328467153,0.165644332186,59,政府; 完成; 國民大會; 成立; 工作; 召開; 問題; 中國; 國; 國民; 新; 組織; 主席; 國大; 黨; 民主; 通過; 選舉; 參加; 代表,6895,2794,227,110,225,108,ok,
regex-only,5,long_period_manual,long_period_manual_p005,core,intra,0,joint_count,30,10,xianfa,憲法,zhixian,制憲,0.00917332230918,0.00345756851579,0.0243378668576,0.186288216002,0.16820702403,0.352184243345,91,國民大會; 政府; 新; 問題; 代表; 通過; 國大; 選舉; 完成; 中國; 制定; 議會; 國; 美國; 成立; 決定; 國民; 大會; 討論; 召開,19667,2794,526,110,524,108,ok,
strict,10,long_period_manual,long_period_manual_p005,core,intra,20,joint_count,30,10,lixian,立憲,xianzheng,憲政,0,0,0,0.0850318039791,0.190476190476,0.564066127516,4,民主; 政府; 政治; 國,71,12558,6,380,5,20,low_support,lixian_neighbors<10
strict,10,long_period_manual,long_period_manual_p005,core,cross,20,joint_count,30,10,lixian,立憲,xianfa,憲法,0.004493348783,0.0985915492958,0.000204786144755,0.037407882757,0.190476190476,0.350070697474,4,政府; 民主; 國; 政治,71,34182,6,841,5,20,low_support,lixian_neighbors<10
strict,10,long_period_manual,long_period_manual_p005,core,cross,20,joint_count,30,10,lixian,立憲,zhixian,制憲,0,0,0,0.0155983055097,0.0416666666667,0.0838989556017,1,政府,71,4125,6,157,5,20,low_support,lixian_neighbors<10
strict,10,long_period_manual,long_period_manual_p005,core,cross,20,joint_count,30,10,xianzheng,憲政,xianfa,憲法,0.0101358533989,0.0167224080268,0.00614358434264,0.184130503672,0.25,0.430387650291,8,政府; 人民; 民主; 國民大會; 實施; 國家; 國; 政治,12558,34182,380,841,20,20,ok,
strict,10,long_period_manual,long_period_manual_p005,core,cross,20,joint_count,30,10,xianzheng,憲政,zhixian,制憲,0.00472396532616,0.00270743749005,0.00824242424242,0.090563127084,0.142857142857,0.124707112953,5,政府; 完成; 國民大會; 工作; 召開,12558,4125,380,157,20,20,ok,
strict,10,long_period_manual,long_period_manual_p005,core,intra,20,joint_count,30,10,xianfa,憲法,zhixian,制憲,0.0116216656021,0.00403721256802,0.0334545454545,0.137631724018,0.25,0.248091490353,8,國民大會; 政府; 新; 問題; 選舉; 國大; 代表; 人,34182,4125,841,157,20,20,ok,
strict,10,long_period_manual,long_period_manual_p005,core,intra,50,joint_count,30,10,lixian,立憲,xianzheng,憲政,0,0,0,0.0739606407576,0.078431372549,0.533497581106,4,民主; 政府; 政治; 國,71,12558,6,380,5,50,low_support,lixian_neighbors<10
strict,10,long_period_manual,long_period_manual_p005,core,cross,50,joint_count,30,10,lixian,立憲,xianfa,憲法,0.004493348783,0.0985915492958,0.000204786144755,0.0332440895654,0.078431372549,0.318879276799,4,政府; 民主; 國; 政治,71,34182,6,841,5,50,low_support,lixian_neighbors<10
strict,10,long_period_manual,long_period_manual_p005,core,cross,50,joint_count,30,10,lixian,立憲,zhixian,制憲,0,0,0,0.0257093634172,0.0576923076923,0.149138001696,3,政府; 民主; 國,71,4125,6,157,5,50,low_support,lixian_neighbors<10
strict,10,long_period_manual,long_period_manual_p005,core,cross,50,joint_count,30,10,xianzheng,憲政,xianfa,憲法,0.0101358533989,0.0167224080268,0.00614358434264,0.255056015102,0.369863013699,0.508477421483,27,政府; 人民; 民主; 國民大會; 實施; 國家; 國; 政治; 問題; 代表; 國大; 實行; 制定; 選舉; 中國; 完成; 新; 通過; 精神; 召開,12558,34182,380,841,50,50,ok,
strict,10,long_period_manual,long_period_manual_p005,core,cross,50,joint_count,30,10,xianzheng,憲政,zhixian,制憲,0.00472396532616,0.00270743749005,0.00824242424242,0.201269331236,0.351351351351,0.297488993383,26,政府; 完成; 國民大會; 民主; 人民; 工作; 國; 召開; 國家; 成立; 中國; 行憲; 南京; 黨; 主席; 實施; 問題; 代表; 國大; 舉行,12558,4125,380,157,50,50,ok,
strict,10,long_period_manual,long_period_manual_p005,core,intra,50,joint_count,30,10,xianfa,憲法,zhixian,制憲,0.0116216656021,0.00403721256802,0.0334545454545,0.241917335627,0.408450704225,0.437833902978,29,國民大會; 政府; 新; 民主; 人民; 問題; 選舉; 國; 通過; 國大; 代表; 制定; 國家; 人; 實施; 議會; 討論; 中國; 完成; 決定,34182,4125,841,157,50,50,ok,
strict,10,long_period_manual,long_period_manual_p005,core,intra,100,joint_count,30,10,lixian,立憲,xianzheng,憲政,0,0,0,0.0657301583756,0.039603960396,0.518508360277,4,民主; 政府; 政治; 國,71,12558,6,380,5,100,low_support,lixian_neighbors<10
strict,10,long_period_manual,long_period_manual_p005,core,cross,100,joint_count,30,10,lixian,立憲,xianfa,憲法,0.004493348783,0.0985915492958,0.000204786144755,0.0298937950913,0.039603960396,0.303367829079,4,政府; 民主; 國; 政治,71,34182,6,841,5,100,low_support,lixian_neighbors<10
strict,10,long_period_manual,long_period_manual_p005,core,cross,100,joint_count,30,10,lixian,立憲,zhixian,制憲,0,0,0,0.0258474635601,0.039603960396,0.157950175321,4,政府; 民主; 國; 政治,71,4125,6,157,5,100,low_support,lixian_neighbors<10
strict,10,long_period_manual,long_period_manual_p005,core,cross,100,joint_count,30,10,xianzheng,憲政,xianfa,憲法,0.0101358533989,0.0167224080268,0.00614358434264,0.300403355049,0.398601398601,0.561186059292,57,政府; 人民; 民主; 國民大會; 實施; 國家; 國; 政治; 問題; 代表; 國大; 實行; 制定; 選舉; 中國; 完成; 新; 通過; 精神; 召開,12558,34182,380,841,100,100,ok,
strict,10,long_period_manual,long_period_manual_p005,core,cross,100,joint_count,30,10,xianzheng,憲政,zhixian,制憲,0.00472396532616,0.00270743749005,0.00824242424242,0.213770576728,0.298701298701,0.325384557262,46,政府; 完成; 國民大會; 民主; 人民; 工作; 國; 召開; 國家; 成立; 中國; 行憲; 南京; 黨; 主席; 實施; 問題; 代表; 國大; 舉行,12558,4125,380,157,100,100,ok,
strict,10,long_period_manual,long_period_manual_p005,core,intra,100,joint_count,30,10,xianfa,憲法,zhixian,制憲,0.0116216656021,0.00403721256802,0.0334545454545,0.251379462228,0.351351351351,0.478204469444,52,國民大會; 政府; 新; 民主; 人民; 問題; 選舉; 國; 通過; 國大; 代表; 制定; 國家; 人; 實施; 議會; 討論; 政治; 中國; 完成,34182,4125,841,157,100,100,ok,
strict,10,long_period_manual,long_period_manual_p005,core,intra,0,joint_count,30,10,lixian,立憲,xianzheng,憲政,0,0,0,0.0535844346328,0.0105540897098,0.505823079174,4,民主; 政府; 政治; 國,71,12558,6,380,5,378,low_support,lixian_neighbors<10
strict,10,long_period_manual,long_period_manual_p005,core,cross,0,joint_count,30,10,lixian,立憲,xianfa,憲法,0.004493348783,0.0985915492958,0.000204786144755,0.021976651617,0.00476758045292,0.286689473599,4,政府; 民主; 國; 政治,71,34182,6,841,5,838,low_support,lixian_neighbors<10
strict,10,long_period_manual,long_period_manual_p005,core,cross,0,joint_count,30,10,lixian,立憲,zhixian,制憲,0,0,0,0.0243013045825,0.025641025641,0.157020834458,4,政府; 民主; 國; 政治,71,4125,6,157,5,155,low_support,lixian_neighbors<10
strict,10,long_period_manual,long_period_manual_p005,core,cross,0,joint_count,30,10,xianzheng,憲政,xianfa,憲法,0.0101358533989,0.0167224080268,0.00614358434264,0.333453854255,0.334796926454,0.606454776643,305,政府; 人民; 民主; 國民大會; 實施; 國家; 國; 政治; 問題; 代表; 國大; 實行; 制定; 選舉; 中國; 完成; 新; 通過; 精神; 召開,12558,34182,380,841,378,838,ok,
strict,10,long_period_manual,long_period_manual_p005,core,cross,0,joint_count,30,10,xianzheng,憲政,zhixian,制憲,0.00472396532616,0.00270743749005,0.00824242424242,0.22761076692,0.257075471698,0.349358898756,109,政府; 完成; 國民大會; 民主; 人民; 工作; 國; 召開; 國家; 成立; 中國; 行憲; 南京; 黨; 主席; 實施; 問題; 代表; 國大; 舉行,12558,4125,380,157,378,155,ok,
strict,10,long_period_manual,long_period_manual_p005,core,intra,0,joint_count,30,10,xianfa,憲法,zhixian,制憲,0.0116216656021,0.00403721256802,0.0334545454545,0.24681838169,0.168235294118,0.493414617177,143,國民大會; 政府; 新; 民主; 人民; 問題; 選舉; 國; 通過; 國大; 代表; 制定; 國家; 人; 實施; 議會; 討論; 政治; 中國; 完成,34182,4125,841,157,838,155,ok,
strict,1,long_period_manual,long_period_manual_p005,core,intra,20,joint_count,30,10,lixian,立憲,xianzheng,憲政,0,0,0,0.120028382094,0.0909090909091,0.198062116753,2,民主; 政府,28,1721,4,60,4,20,low_support,lixian_strength<30; lixian_neighbors<10
strict,1,long_period_manual,long_period_manual_p005,core,cross,20,joint_count,30,10,lixian,立憲,xianfa,憲法,0,0,0,0.0164680390033,0.0434782608696,0.0421271222677,1,民主,28,2847,4,118,4,20,low_support,lixian_strength<30; lixian_neighbors<10
strict,1,long_period_manual,long_period_manual_p005,core,cross,20,joint_count,30,10,lixian,立憲,zhixian,制憲,0,0,0,0,0,0,0,,28,757,4,27,4,20,low_support,lixian_strength<30; lixian_neighbors<10
strict,1,long_period_manual,long_period_manual_p005,core,cross,20,joint_count,30,10,xianzheng,憲政,xianfa,憲法,0,0,0,0.0857593712663,0.176470588235,0.261767377604,6,實施; 民主; 實行; 完成; 問題; 施行,1721,2847,60,118,20,20,ok,
strict,1,long_period_manual,long_period_manual_p005,core,cross,20,joint_count,30,10,xianzheng,憲政,zhixian,制憲,0,0,0,0.0277814133232,0.0526315789474,0.0129549828041,2,完成; 問題,1721,757,60,27,20,20,ok,
strict,1,long_period_manual,long_period_manual_p005,core,intra,20,joint_count,30,10,xianfa,憲法,zhixian,制憲,0,0,0,0.0297539556042,0.111111111111,0.0273409884032,4,問題; 新; 完成; 我國,2847,757,118,27,20,20,ok,
strict,1,long_period_manual,long_period_manual_p005,core,intra,50,joint_count,30,10,lixian,立憲,xianzheng,憲政,0,0,0,0.110791434219,0.0384615384615,0.197586758804,2,民主; 政府,28,1721,4,60,4,50,low_support,lixian_strength<30; lixian_neighbors<10
strict,1,long_period_manual,long_period_manual_p005,core,cross,50,joint_count,30,10,lixian,立憲,xianfa,憲法,0,0,0,0.0146803167858,0.0188679245283,0.0414877126749,1,民主,28,2847,4,118,4,50,low_support,lixian_strength<30; lixian_neighbors<10
strict,1,long_period_manual,long_period_manual_p005,core,cross,50,joint_count,30,10,lixian,立憲,zhixian,制憲,0,0,0,0,0,0,0,,28,757,4,27,4,27,low_support,lixian_strength<30; lixian_neighbors<10
strict,1,long_period_manual,long_period_manual_p005,core,cross,50,joint_count,30,10,xianzheng,憲政,xianfa,憲法,0,0,0,0.0862411767944,0.136363636364,0.260748182224,12,實施; 民主; 實行; 完成; 問題; 施行; 有關; 國家; 成立; 我國; 國; 精神,1721,2847,60,118,50,50,ok,
strict,1,long_period_manual,long_period_manual_p005,core,cross,50,joint_count,30,10,xianzheng,憲政,zhixian,制憲,0,0,0,0.0373088685015,0.115942028986,0.0171839526372,8,完成; 問題; 工作; 成功; 我國; 西德; 史; 印度,1721,757,60,27,50,27,ok,
strict,1,long_period_manual,long_period_manual_p005,core,intra,50,joint_count,30,10,xianfa,憲法,zhixian,制憲,0,0,0,0.0288729754156,0.0694444444444,0.027725129676,5,問題; 新; 完成; 我國; 選舉,2847,757,118,27,50,27,ok,
strict,1,long_period_manual,long_period_manual_p005,core,intra,100,joint_count,30,10,lixian,立憲,xianzheng,憲政,0,0,0,0.109006593558,0.0322580645161,0.197526830637,2,民主; 政府,28,1721,4,60,4,60,low_support,lixian_strength<30; lixian_neighbors<10
strict,1,long_period_manual,long_period_manual_p005,core,cross,100,joint_count,30,10,lixian,立憲,xianfa,憲法,0,0,0,0.0150335084224,0.0196078431373,0.0497270819993,2,民主; 政府,28,2847,4,118,4,100,low_support,lixian_strength<30; lixian_neighbors<10
strict,1,long_period_manual,long_period_manual_p005,core,cross,100,joint_count,30,10,lixian,立憲,zhixian,制憲,0,0,0,0,0,0,0,,28,757,4,27,4,27,low_support,lixian_strength<30; lixian_neighbors<10
strict,1,long_period_manual,long_period_manual_p005,core,cross,100,joint_count,30,10,xianzheng,憲政,xianfa,憲法,0,0,0,0.0909737538055,0.142857142857,0.268414724389,20,實施; 民主; 實行; 完成; 問題; 施行; 有關; 國家; 成立; 我國; 國; 精神; 促成; 新; 討論; 推行; 政府; 配合; 開始; 實現,1721,2847,60,118,60,100,ok,
strict,1,long_period_manual,long_period_manual_p005,core,cross,100,joint_count,30,10,xianzheng,憲政,zhixian,制憲,0,0,0,0.0383107088989,0.115384615385,0.0173585287075,9,完成; 問題; 工作; 成功; 我國; 西德; 史; 印度; 新,1721,757,60,27,60,27,ok,
strict,1,long_period_manual,long_period_manual_p005,core,intra,100,joint_count,30,10,xianfa,憲法,zhixian,制憲,0,0,0,0.0294683428804,0.0583333333333,0.0281025302451,7,問題; 新; 完成; 我國; 選舉; 法; 波恩,2847,757,118,27,100,27,ok,
strict,1,long_period_manual,long_period_manual_p005,core,intra,0,joint_count,30,10,lixian,立憲,xianzheng,憲政,0,0,0,0.109006593558,0.0322580645161,0.197526830637,2,民主; 政府,28,1721,4,60,4,60,low_support,lixian_strength<30; lixian_neighbors<10
strict,1,long_period_manual,long_period_manual_p005,core,cross,0,joint_count,30,10,lixian,立憲,xianfa,憲法,0,0,0,0.0147923721262,0.0166666666667,0.0496979634234,2,民主; 政府,28,2847,4,118,4,118,low_support,lixian_strength<30; lixian_neighbors<10
strict,1,long_period_manual,long_period_manual_p005,core,cross,0,joint_count,30,10,lixian,立憲,zhixian,制憲,0,0,0,0,0,0,0,,28,757,4,27,4,27,low_support,lixian_strength<30; lixian_neighbors<10
strict,1,long_period_manual,long_period_manual_p005,core,cross,0,joint_count,30,10,xianzheng,憲政,xianfa,憲法,0,0,0,0.0894072501126,0.126582278481,0.26825754938,20,實施; 民主; 實行; 完成; 問題; 施行; 有關; 國家; 成立; 我國; 國; 精神; 促成; 新; 討論; 推行; 政府; 配合; 開始; 實現,1721,2847,60,118,60,118,ok,
strict,1,long_period_manual,long_period_manual_p005,core,cross,0,joint_count,30,10,xianzheng,憲政,zhixian,制憲,0,0,0,0.0383107088989,0.115384615385,0.0173585287075,9,完成; 問題; 工作; 成功; 我國; 西德; 史; 印度; 新,1721,757,60,27,60,27,ok,
strict,1,long_period_manual,long_period_manual_p005,core,intra,0,joint_count,30,10,xianfa,憲法,zhixian,制憲,0,0,0,0.0289890604391,0.0507246376812,0.0280860743095,7,問題; 新; 完成; 我國; 選舉; 法; 波恩,2847,757,118,27,118,27,ok,
strict,20,long_period_manual,long_period_manual_p005,core,intra,20,joint_count,30,10,lixian,立憲,xianzheng,憲政,0,0,0,0.122247191011,0.363636363636,0.698695502645,8,民主; 政府; 政治; 國家; 國; 人民; 中國; 黨,160,26742,11,671,10,20,ok,
strict,20,long_period_manual,long_period_manual_p005,core,cross,20,joint_count,30,10,lixian,立憲,xianfa,憲法,0.00725142913646,0.15625,0.000336532636935,0.0588385778643,0.25,0.465358843802,6,政府; 人民; 民主; 國家; 國; 政治,160,74287,11,1508,10,20,ok,
strict,20,long_period_manual,long_period_manual_p005,core,cross,20,joint_count,30,10,lixian,立憲,zhixian,制憲,0,0,0,0.0357828718672,0.111111111111,0.199908315198,3,政府; 民主; 黨,160,9304,11,317,10,20,ok,
strict,20,long_period_manual,long_period_manual_p005,core,cross,20,joint_count,30,10,xianzheng,憲政,xianfa,憲法,0.008660320255,0.0144342233191,0.00519606391428,0.215852952587,0.25,0.510250370882,8,政府; 人民; 國民大會; 民主; 國家; 國; 實施; 政治,26742,74287,671,1508,20,20,ok,
strict,20,long_period_manual,long_period_manual_p005,core,cross,20,joint_count,30,10,xianzheng,憲政,zhixian,制憲,0.00424759410705,0.00250542218233,0.00720120378332,0.150959036948,0.212121212121,0.257593746893,7,政府; 民主; 完成; 國民大會; 工作; 黨; 主席,26742,9304,671,317,20,20,ok,
strict,20,long_period_manual,long_period_manual_p005,core,intra,20,joint_count,30,10,xianfa,憲法,zhixian,制憲,0.0109927558358,0.00389031728297,0.0310619088564,0.196956906418,0.290322580645,0.367932899872,9,政府; 國民大會; 新; 民主; 代表; 選舉; 問題; 人; 國大,74287,9304,1508,317,20,20,ok,
strict,20,long_period_manual,long_period_manual_p005,core,intra,50,joint_count,30,10,lixian,立憲,xianzheng,憲政,0,0,0,0.10605450679,0.153846153846,0.640289822654,8,民主; 政府; 政治; 國家; 國; 人民; 中國; 黨,160,26742,11,671,10,50,ok,
strict,20,long_period_manual,long_period_manual_p005,core,cross,50,joint_count,30,10,lixian,立憲,xianfa,憲法,0.00725142913646,0.15625,0.000336532636935,0.0606089808,0.153846153846,0.449771892111,8,政府; 人民; 民主; 國家; 國; 政治; 中國; 黨,160,74287,11,1508,10,50,ok,
strict,20,long_period_manual,long_period_manual_p005,core,cross,50,joint_count,30,10,lixian,立憲,zhixian,制憲,0,0,0,0.0582851534999,0.153846153846,0.279312944282,8,政府; 民主; 黨; 人民; 國; 國家; 中國; 政治,160,9304,11,317,10,50,ok,
strict,20,long_period_manual,long_period_manual_p005,core,cross,50,joint_count,30,10,xianzheng,憲政,xianfa,憲法,0.008660320255,0.0144342233191,0.00519606391428,0.324544802344,0.428571428571,0.624007187486,30,政府; 人民; 國民大會; 民主; 國家; 國; 實施; 政治; 代表; 問題; 人; 選舉; 國大; 中國; 通過; 新; 大會; 舉行; 制定; 組織,26742,74287,671,1508,50,50,ok,
strict,20,long_period_manual,long_period_manual_p005,core,cross,50,joint_count,30,10,xianzheng,憲政,zhixian,制憲,0.00424759410705,0.00250542218233,0.00720120378332,0.272088109241,0.388888888889,0.461823759298,28,政府; 民主; 完成; 國民大會; 人民; 國; 國家; 工作; 黨; 主席; 召開; 成立; 南京; 行憲; 參加; 代表; 舉行; 中國; 問題; 人,26742,9304,671,317,50,50,ok,
strict,20,long_period_manual,long_period_manual_p005,core,intra,50,joint_count,30,10,xianfa,憲法,zhixian,制憲,0.0109927558358,0.00389031728297,0.0310619088564,0.341912369086,0.515151515152,0.613342545106,34,政府; 國民大會; 新; 民主; 人民; 制定; 代表; 選舉; 國; 國家; 問題; 人; 通過; 國大; 規定; 政治; 中國; 討論; 議會; 實施,74287,9304,1508,317,50,50,ok,
strict,20,long_period_manual,long_period_manual_p005,core,intra,100,joint_count,30,10,lixian,立憲,xianzheng,憲政,0,0,0,0.0939968655258,0.078431372549,0.612894720465,8,民主; 政府; 政治; 國家; 國; 人民; 中國; 黨,160,26742,11,671,10,100,ok,
strict,20,long_period_manual,long_period_manual_p005,core,cross,100,joint_count,30,10,lixian,立憲,xianfa,憲法,0.00725142913646,0.15625,0.000336532636935,0.0573492333129,0.0891089108911,0.43234184711,9,政府; 人民; 民主; 國家; 國; 政治; 中國; 黨; 制度,160,74287,11,1508,10,100,ok,
strict,20,long_period_manual,long_period_manual_p005,core,cross,100,joint_count,30,10,lixian,立憲,zhixian,制憲,0,0,0,0.0512330051571,0.078431372549,0.268379136185,8,政府; 民主; 黨; 人民; 國; 國家; 中國; 政治,160,9304,11,317,10,100,ok,
strict,20,long_period_manual,long_period_manual_p005,core,cross,100,joint_count,30,10,xianzheng,憲政,xianfa,憲法,0.008660320255,0.0144342233191,0.00519606391428,0.372482502858,0.459854014599,0.680642440374,63,政府; 人民; 國民大會; 民主; 國家; 國; 實施; 政治; 代表; 問題; 人; 選舉; 國大; 中國; 通過; 新; 大會; 舉行; 制定; 組織,26742,74287,671,1508,100,100,ok,
strict,20,long_period_manual,long_period_manual_p005,core,cross,100,joint_count,30,10,xianzheng,憲政,zhixian,制憲,0.00424759410705,0.00250542218233,0.00720120378332,0.296637182337,0.388888888889,0.496237258489,56,政府; 民主; 完成; 國民大會; 人民; 國; 國家; 工作; 黨; 主席; 召開; 成立; 南京; 行憲; 參加; 代表; 舉行; 中國; 問題; 人,26742,9304,671,317,100,100,ok,
strict,20,long_period_manual,long_period_manual_p005,core,intra,100,joint_count,30,10,xianfa,憲法,zhixian,制憲,0.0109927558358,0.00389031728297,0.0310619088564,0.332789344004,0.418439716312,0.634436427647,59,政府; 國民大會; 新; 民主; 人民; 制定; 代表; 選舉; 國; 國家; 問題; 人; 通過; 國大; 規定; 政治; 中國; 討論; 議會; 實施,74287,9304,1508,317,100,100,ok,
strict,20,long_period_manual,long_period_manual_p005,core,intra,0,joint_count,30,10,lixian,立憲,xianzheng,憲政,0,0,0,0.0701180819386,0.0134328358209,0.587598132238,9,民主; 政府; 政治; 國家; 國; 人民; 中國; 黨; 制度,160,26742,11,671,10,669,ok,
strict,20,long_period_manual,long_period_manual_p005,core,cross,0,joint_count,30,10,lixian,立憲,xianfa,憲法,0.00725142913646,0.15625,0.000336532636935,0.0387392866306,0.00664451827243,0.399255014604,10,政府; 人民; 民主; 國家; 國; 政治; 中國; 黨; 制度; 君主,160,74287,11,1508,10,1505,ok,
strict,20,long_period_manual,long_period_manual_p005,core,cross,0,joint_count,30,10,lixian,立憲,zhixian,制憲,0,0,0,0.0430294469195,0.0284810126582,0.261937737906,9,政府; 民主; 黨; 人民; 國; 國家; 中國; 政治; 制度,160,9304,11,317,10,315,ok,
strict,20,long_period_manual,long_period_manual_p005,core,cross,0,joint_count,30,10,xianzheng,憲政,xianfa,憲法,0.008660320255,0.0144342233191,0.00519606391428,0.411706963031,0.367295597484,0.735867134376,584,政府; 人民; 國民大會; 民主; 國家; 國; 實施; 政治; 代表; 問題; 人; 選舉; 國大; 中國; 通過; 新; 大會; 舉行; 制定; 組織,26742,74287,671,1508,669,1505,ok,
strict,20,long_period_manual,long_period_manual_p005,core,cross,0,joint_count,30,10,xianzheng,憲政,zhixian,制憲,0.00424759410705,0.00250542218233,0.00720120378332,0.309461890053,0.308510638298,0.536508727438,232,政府; 民主; 完成; 國民大會; 人民; 國; 國家; 工作; 黨; 主席; 召開; 成立; 南京; 行憲; 參加; 代表; 舉行; 中國; 問題; 人,26742,9304,671,317,669,315,ok,
strict,20,long_period_manual,long_period_manual_p005,core,intra,0,joint_count,30,10,xianfa,憲法,zhixian,制憲,0.0109927558358,0.00389031728297,0.0310619088564,0.334686711508,0.198156682028,0.674520935793,301,政府; 國民大會; 新; 民主; 人民; 制定; 代表; 選舉; 國; 國家; 問題; 人; 通過; 國大; 規定; 政治; 中國; 討論; 議會; 實施,74287,9304,1508,317,1505,315,ok,
strict,5,long_period_manual,long_period_manual_p005,core,intra,20,joint_count,30,10,lixian,立憲,xianzheng,憲政,0,0,0,0.0831200487508,0.142857142857,0.476917254924,3,民主; 政府; 政治,48,6117,4,211,4,20,low_support,lixian_neighbors<10
strict,5,long_period_manual,long_period_manual_p005,core,cross,20,joint_count,30,10,lixian,立憲,xianfa,憲法,0,0,0,0.0243743743744,0.0909090909091,0.242120648107,2,民主; 政府,48,15560,4,469,4,20,low_support,lixian_neighbors<10
strict,5,long_period_manual,long_period_manual_p005,core,cross,20,joint_count,30,10,lixian,立憲,zhixian,制憲,0,0,0,0.0128246232767,0.0434782608696,0.051568783802,1,政府,48,1891,4,77,4,20,low_support,lixian_neighbors<10
strict,5,long_period_manual,long_period_manual_p005,core,cross,20,joint_count,30,10,xianzheng,憲政,xianfa,憲法,0.00943004555548,0.0150400523132,0.00591259640103,0.132286777255,0.212121212121,0.331669790339,7,實施; 民主; 政府; 國家; 人民; 國民大會; 國,6117,15560,211,469,20,20,ok,
strict,5,long_period_manual,long_period_manual_p005,core,cross,20,joint_count,30,10,xianzheng,憲政,zhixian,制憲,0.00205817849124,0.00114435180644,0.00370174510841,0.048424759957,0.0810810810811,0.0554369455729,3,政府; 完成; 國民大會,6117,1891,211,77,20,20,ok,
strict,5,long_period_manual,long_period_manual_p005,core,intra,20,joint_count,30,10,xianfa,憲法,zhixian,制憲,0.00995504434798,0.00347043701799,0.0285563194077,0.0856422315973,0.176470588235,0.145460321579,6,國民大會; 政府; 新; 問題; 選舉; 國大,15560,1891,469,77,20,20,ok,
strict,5,long_period_manual,long_period_manual_p005,core,intra,50,joint_count,30,10,lixian,立憲,xianzheng,憲政,0,0,0,0.0727311506879,0.0588235294118,0.462790595051,3,民主; 政府; 政治,48,6117,4,211,4,50,low_support,lixian_neighbors<10
strict,5,long_period_manual,long_period_manual_p005,core,cross,50,joint_count,30,10,lixian,立憲,xianfa,憲法,0,0,0,0.0256124224711,0.0588235294118,0.244923413522,3,民主; 政府; 政治,48,15560,4,469,4,50,low_support,lixian_neighbors<10
strict,5,long_period_manual,long_period_manual_p005,core,cross,50,joint_count,30,10,lixian,立憲,zhixian,制憲,0,0,0,0.0146593848807,0.0384615384615,0.0698851059516,2,政府; 民主,48,1891,4,77,4,50,low_support,lixian_neighbors<10
strict,5,long_period_manual,long_period_manual_p005,core,cross,50,joint_count,30,10,xianzheng,憲政,xianfa,憲法,0.00943004555548,0.0150400523132,0.00591259640103,0.17095590052,0.25,0.385486002715,20,實施; 民主; 政府; 國家; 人民; 國民大會; 國; 問題; 完成; 精神; 實行; 我國; 召開; 成立; 政治; 新; 不能; 程序; 中國; 準備,6117,15560,211,469,50,50,ok,
strict,5,long_period_manual,long_period_manual_p005,core,cross,50,joint_count,30,10,xianzheng,憲政,zhixian,制憲,0.00205817849124,0.00114435180644,0.00370174510841,0.0823194686902,0.149425287356,0.0949184961965,13,政府; 完成; 國民大會; 召開; 工作; 問題; 成立; 中國; 民主; 新; 南京; 階段; 黨,6117,1891,211,77,50,50,ok,
strict,5,long_period_manual,long_period_manual_p005,core,intra,50,joint_count,30,10,xianfa,憲法,zhixian,制憲,0.00995504434798,0.00347043701799,0.0285563194077,0.131381224729,0.234567901235,0.246083322211,19,國民大會; 政府; 新; 問題; 選舉; 國大; 制定; 通過; 完成; 代表; 決定; 民主; 討論; 召開; 成立; 議會; 職權; 人; 中國,15560,1891,469,77,50,50,ok,
strict,5,long_period_manual,long_period_manual_p005,core,intra,100,joint_count,30,10,lixian,立憲,xianzheng,憲政,0,0,0,0.0654384954903,0.029702970297,0.456560490081,3,民主; 政府; 政治,48,6117,4,211,4,100,low_support,lixian_neighbors<10
strict,5,long_period_manual,long_period_manual_p005,core,cross,100,joint_count,30,10,lixian,立憲,xianfa,憲法,0,0,0,0.0231311706629,0.029702970297,0.237529204883,3,民主; 政府; 政治,48,15560,4,469,4,100,low_support,lixian_neighbors<10
strict,5,long_period_manual,long_period_manual_p005,core,cross,100,joint_count,30,10,lixian,立憲,zhixian,制憲,0,0,0,0.0138964577657,0.025974025974,0.0696027935338,2,政府; 民主,48,1891,4,77,4,75,low_support,lixian_neighbors<10
strict,5,long_period_manual,long_period_manual_p005,core,cross,100,joint_count,30,10,xianzheng,憲政,xianfa,憲法,0.00943004555548,0.0150400523132,0.00591259640103,0.208051270349,0.298701298701,0.428489013504,46,實施; 民主; 政府; 國家; 人民; 國民大會; 國; 問題; 完成; 精神; 實行; 我國; 召開; 成立; 政治; 新; 不能; 程序; 中國; 制定,6117,15560,211,469,100,100,ok,
strict,5,long_period_manual,long_period_manual_p005,core,cross,100,joint_count,30,10,xianzheng,憲政,zhixian,制憲,0.00205817849124,0.00114435180644,0.00370174510841,0.110143809039,0.206896551724,0.134612012158,30,政府; 完成; 國民大會; 召開; 工作; 問題; 成立; 中國; 民主; 新; 南京; 階段; 黨; 主席; 制定; 選舉; 實施; 我國; 通過; 任務,6117,1891,211,77,100,75,ok,
strict,5,long_period_manual,long_period_manual_p005,core,intra,100,joint_count,30,10,xianfa,憲法,zhixian,制憲,0.00995504434798,0.00347043701799,0.0285563194077,0.154644351095,0.258992805755,0.27988149562,36,國民大會; 政府; 新; 問題; 選舉; 國大; 制定; 通過; 完成; 代表; 決定; 民主; 討論; 召開; 成立; 議會; 職權; 人; 中國; 實施,15560,1891,469,77,100,75,ok,
strict,5,long_period_manual,long_period_manual_p005,core,intra,0,joint_count,30,10,lixian,立憲,xianzheng,憲政,0,0,0,0.0595477167554,0.0142857142857,0.453787371484,3,民主; 政府; 政治,48,6117,4,211,4,209,low_support,lixian_neighbors<10
strict,5,long_period_manual,long_period_manual_p005,core,cross,0,joint_count,30,10,lixian,立憲,xianfa,憲法,0,0,0,0.0188815789474,0.00641025641026,0.231158512238,3,民主; 政府; 政治,48,15560,4,469,4,467,low_support,lixian_neighbors<10
strict,5,long_period_manual,long_period_manual_p005,core,cross,0,joint_count,30,10,lixian,立憲,zhixian,制憲,0,0,0,0.0138964577657,0.025974025974,0.0696027935338,2,政府; 民主,48,1891,4,77,4,75,low_support,lixian_neighbors<10
strict,5,long_period_manual,long_period_manual_p005,core,cross,0,joint_count,30,10,xianzheng,憲政,xianfa,憲法,0.00943004555548,0.0150400523132,0.00591259640103,0.233259836822,0.273069679849,0.448379358233,145,實施; 民主; 政府; 國家; 人民; 國民大會; 國; 問題; 完成; 精神; 實行; 我國; 召開; 成立; 政治; 新; 不能; 程序; 中國; 制定,6117,15560,211,469,209,467,ok,
strict,5,long_period_manual,long_period_manual_p005,core,cross,0,joint_count,30,10,xianzheng,憲政,zhixian,制憲,0.00205817849124,0.00114435180644,0.00370174510841,0.115299437458,0.188284518828,0.141493546645,45,政府; 完成; 國民大會; 召開; 工作; 問題; 成立; 中國; 民主; 新; 南京; 階段; 黨; 主席; 制定; 選舉; 實施; 我國; 通過; 任務,6117,1891,211,77,209,75,ok,
strict,5,long_period_manual,long_period_manual_p005,core,intra,0,joint_count,30,10,xianfa,憲法,zhixian,制憲,0.00995504434798,0.00347043701799,0.0285563194077,0.147512840515,0.133891213389,0.283702861976,64,國民大會; 政府; 新; 問題; 選舉; 國大; 制定; 通過; 完成; 代表; 決定; 民主; 討論; 召開; 成立; 議會; 職權; 人; 中國; 實施,15560,1891,469,77,467,75,ok,
