period_set_id,period_id,center_token,neighbor_token,direction,joint_count,raw_joint_event_count,center_marginal_count,neighbor_marginal_count,event_total,raw_event_total,center_raw_count,neighbor_raw_count,pmi,ppmi,distinct_context_count,distinct_article_count,avg_distance,pos_pair_json,rank_by_count,rank_by_pmi
global_all,global_all_p000,憲法,新,U,1236,1236,14834,3317,107706,107706,14834,3317,2.4359187725025,2.4359187725025,,,1,,1,2300
global_all,global_all_p000,立憲,預備,U,1223,1223,4911,1473,107706,107706,4911,1473,5.186604961359221,5.186604961359221,,,1,,2,1538
global_all,global_all_p000,地方,自治,U,1039,1039,2327,2019,107706,107706,2327,2019,5.574038343230383,5.574038343230383,,,1,,3,1390
global_all,global_all_p000,制定,憲法,U,1020,1020,1521,14834,107706,107706,1521,14834,3.2836680405205088,3.2836680405205088,,,1,,4,2104
global_all,global_all_p000,實施,憲政,U,762,762,1250,5608,107706,107706,1250,5608,4.549403268996242,4.549403268996242,,,1,,5,1688
global_all,global_all_p000,憲政,籌備,U,667,667,5608,1416,107706,107706,5608,1416,4.177405862153957,4.177405862153957,,,1,,6,1803
global_all,global_all_p000,憲法,規定,U,576,576,14834,1207,107706,107706,14834,1207,2.7928340820734388,2.7928340820734388,,,1,,7,2217
global_all,global_all_p000,國會,議員,U,509,509,4674,2706,107706,107706,4674,2706,3.1158727983793257,3.1158727983793257,,,1,,8,2147
global_all,global_all_p000,修改,憲法,U,489,489,640,14834,107706,107706,640,14834,3.471881601451019,3.471881601451019,,,1,,9,2048
global_all,global_all_p000,問題,憲法,U,479,479,2410,14834,107706,107706,2410,14834,1.5291834560050042,1.5291834560050042,,,1,,10,2452
global_all,global_all_p000,制度,地方,U,464,464,1018,2327,107706,107706,1018,2327,5.398942748709521,5.398942748709521,,,1,,11,1462
global_all,global_all_p000,總統,選舉,U,451,451,1739,2186,107706,107706,1739,2186,4.675602815339882,4.675602815339882,,,1,,12,1652
global_all,global_all_p000,國,憲法,U,390,390,2370,14834,107706,107706,2370,14834,1.2567780113501368,1.2567780113501368,,,1,,13,2493
global_all,global_all_p000,國會,新,U,390,390,4674,3317,107706,107706,4674,3317,2.437964093241756,2.437964093241756,,,1,,14,2298
global_all,global_all_p000,國會,解散,U,380,380,4674,663,107706,107706,4674,663,4.723287624498528,4.723287624498528,,,1,,15,1639
global_all,global_all_p000,人民,國,U,379,379,1912,2370,107706,107706,1912,2370,4.1712549814677145,4.1712549814677145,,,1,,16,1806
global_all,global_all_p000,憲法,省,U,375,375,14834,2760,107706,107706,14834,2760,0.9804132751038596,0.9804132751038596,,,1,,17,2529
global_all,global_all_p000,實行,憲政,U,365,365,1206,5608,107706,107706,1206,5608,3.5392069229196648,3.5392069229196648,,,1,,18,2030
global_all,global_all_p000,憲法,起草,U,364,364,14834,663,107706,107706,14834,663,2.995048621472256,2.995048621472256,,,1,,19,2177
global_all,global_all_p000,國會,舊,U,361,361,4674,594,107706,107706,4674,594,4.807832982366572,4.807832982366572,,,1,,20,1618
global_all,global_all_p000,政體,立憲,U,354,354,632,4911,107706,107706,632,4911,4.618762789773578,4.618762789773578,,,1,,21,1673
global_all,global_all_p000,人數,法定,U,349,349,588,529,107706,107706,588,529,7.917026064322255,7.917026064322255,,,1,,22,762
global_all,global_all_p000,國會,開,U,349,349,4674,1666,107706,107706,4674,1666,3.271207617124272,3.271207617124272,,,1,,23,2106
global_all,global_all_p000,州,縣,U,328,328,654,946,107706,107706,654,946,6.835447900843599,6.835447900843599,,,1,,24,1008
global_all,global_all_p000,制憲,議會,U,324,324,2467,934,107706,107706,2467,934,4.920768357937833,4.920768357937833,,,1,,25,1594
global_all,global_all_p000,公布,憲法,U,320,320,512,14834,107706,107706,512,14834,3.1820471362735097,3.1820471362735097,,,1,,26,2128
global_all,global_all_p000,實行,立憲,U,320,320,1206,4911,107706,107706,1206,4911,3.540851890854961,3.540851890854961,,,1,,27,2029
global_all,global_all_p000,時期,訓政,U,320,320,832,700,107706,107706,832,700,6.8870163599769345,6.8870163599769345,,,1,,28,991
global_all,global_all_p000,憲政,民主,U,305,305,5608,1360,107706,107706,5608,1360,3.1067429573649163,3.1067429573649163,,,1,,29,2151
global_all,global_all_p000,省,督撫,U,301,301,2760,301,107706,107706,2760,301,6.286286543397462,6.286286543397462,,,1,,30,1217
global_all,global_all_p000,內閣,新,U,288,288,912,3317,107706,107706,912,3317,4.358110785552541,4.358110785552541,,,1,,31,1752
global_all,global_all_p000,大法,根本,U,277,277,293,685,107706,107706,293,685,8.215764228842044,8.215764228842044,,,1,,32,677
global_all,global_all_p000,事宜,籌備,U,276,276,638,1416,107706,107706,638,1416,6.040245387993295,6.040245387993295,,,1,,33,1278
global_all,global_all_p000,機關,立法,U,275,275,1065,769,107706,107706,1065,769,6.1765494003999875,6.1765494003999875,,,1,,34,1249
global_all,global_all_p000,憲政,時期,U,271,271,5608,832,107706,107706,5608,832,3.645177784265149,3.645177784265149,,,1,,35,1995
global_all,global_all_p000,召集,國會,U,269,269,858,4674,107706,107706,858,4674,3.852925601337246,3.852925601337246,,,1,,36,1943
global_all,global_all_p000,君主,立憲,U,268,268,500,4911,107706,107706,500,4911,4.555242893663369,4.555242893663369,,,1,,37,1686
global_all,global_all_p000,政治,民主,U,257,257,1586,1360,107706,107706,1586,1360,4.681795652415191,4.681795652415191,,,1,,38,1650
global_all,global_all_p000,加入,憲法,U,256,256,372,14834,107706,107706,372,14834,3.320960230278116,3.320960230278116,,,1,,39,2094
global_all,global_all_p000,憲法,頒布,U,254,254,14834,323,107706,107706,14834,323,3.5134133734643886,3.5134133734643886,,,1,,40,2035
global_all,global_all_p000,憲法,美國,U,253,253,14834,303,107706,107706,14834,303,3.5999386326075067,3.5999386326075067,,,1,,41,2013
global_all,global_all_p000,兩,國,U,240,240,1847,2370,107706,107706,1847,2370,3.561990195903452,3.561990195903452,,,1,,42,2023
global_all,global_all_p000,主席,蔣,U,238,238,901,305,107706,107706,901,305,7.543508130107149,7.543508130107149,,,1,,43,832
global_all,global_all_p000,修正,憲法,U,235,235,504,14834,107706,107706,504,14834,2.759356064451231,2.759356064451231,,,1,,44,2225
global_all,global_all_p000,政治,立憲,U,232,232,1586,4911,107706,107706,1586,4911,2.6817419272912772,2.6817419272912772,,,1,,45,2242
global_all,global_all_p000,美,英,U,225,225,545,759,107706,107706,545,759,6.872451791200275,6.872451791200275,,,1,,46,996
global_all,global_all_p000,兩院,議員,U,221,221,490,2706,107706,107706,490,2706,5.166057591475317,5.166057591475317,,,1,,47,1541
global_all,global_all_p000,國家,立憲,U,221,221,1683,4911,107706,107706,1683,4911,2.526021085929166,2.526021085929166,,,1,,48,2281
global_all,global_all_p000,州,廳,U,220,220,654,369,107706,107706,654,369,7.617474977029174,7.617474977029174,,,1,,49,820
global_all,global_all_p000,省,自治,U,217,217,2760,2019,107706,107706,2760,2019,3.0684125805104676,3.0684125805104676,,,1,,50,2157
global_all,global_all_p000,立憲,籌備,U,215,215,4911,1416,107706,107706,4911,1416,2.7355252873741462,2.7355252873741462,,,1,,51,2232
global_all,global_all_p000,大綱,建國,U,214,214,240,460,107706,107706,240,460,8.705825434911246,8.705825434911246,,,1,,52,603
global_all,global_all_p000,憲法,成立,U,213,213,14834,871,107706,107706,14834,871,1.8282997530131215,1.8282997530131215,,,1,,53,2404
global_all,global_all_p000,政府,英,U,210,210,2457,759,107706,107706,2457,759,4.600346394951485,4.600346394951485,,,1,,54,1681
global_all,global_all_p000,日程,議事,U,210,210,252,320,107706,107706,252,320,9.131776594341837,9.131776594341837,,,1,,55,524
global_all,global_all_p000,司法,行政,U,207,207,710,1473,107706,107706,710,1473,5.4140091231344245,5.4140091231344245,,,1,,56,1456
global_all,global_all_p000,國,立憲,U,195,195,2370,4911,107706,107706,2370,4911,1.8515969578316724,1.8515969578316724,,,1,,57,2400
global_all,global_all_p000,完成,憲法,U,191,191,666,14834,107706,107706,666,14834,2.0581695023506343,2.0581695023506343,,,1,,58,2365
global_all,global_all_p000,新聞,緊要,U,191,191,387,210,107706,107706,387,210,8.983732649288209,8.983732649288209,,,1,,59,554
global_all,global_all_p000,國民,立憲,U,190,190,1096,4911,107706,107706,1096,4911,2.9267615132381044,2.9267615132381044,,,1,,60,2184
global_all,global_all_p000,實施,憲法,U,190,190,1250,14834,107706,107706,1250,14834,1.1422622701676461,1.1422622701676461,,,1,,61,2510
global_all,global_all_p000,時代,立憲,U,184,184,312,4911,107706,107706,312,4911,4.693097725062448,4.693097725062448,,,1,,62,1647
global_all,global_all_p000,憲法,條文,U,177,177,14834,199,107706,107706,14834,199,3.6910999709254964,3.6910999709254964,,,1,,63,1982
global_all,global_all_p000,兩,派,U,175,175,1847,642,107706,107706,1847,642,4.99055256879058,4.99055256879058,,,1,,64,1577
global_all,global_all_p000,前途,憲政,U,172,172,391,5608,107706,107706,391,5608,4.078708418447116,4.078708418447116,,,1,,65,1834
global_all,global_all_p000,省,諮議局,U,172,172,2760,741,107706,107706,2760,741,4.179221565793726,4.179221565793726,,,1,,66,1800
global_all,global_all_p000,立法,行政,U,172,172,769,1473,107706,107706,769,1473,5.031622346767415,5.031622346767415,,,1,,67,1568
global_all,global_all_p000,國務,總理,U,170,170,170,521,107706,107706,170,521,8.691599532784485,8.691599532784485,,,1,,68,608
global_all,global_all_p000,機關,行政,U,170,170,1065,1473,107706,107706,1065,1473,4.544950601051645,4.544950601051645,,,1,,69,1690
global_all,global_all_p000,公會,立憲,U,169,169,184,4911,107706,107706,184,4911,5.332255468092855,5.332255468092855,,,1,,70,1484
global_all,global_all_p000,國家,根本,U,165,165,1683,685,107706,107706,1683,685,4.94628167013097,4.94628167013097,,,1,,71,1587
global_all,global_all_p000,司法,獨立,U,164,164,710,308,107706,107706,710,308,7.335829344594131,7.335829344594131,,,1,,72,875
global_all,global_all_p000,憲政,開始,U,164,164,5608,315,107706,107706,5608,315,4.3218124472831745,4.3218124472831745,,,1,,73,1763
global_all,global_all_p000,制憲,經費,U,162,162,2467,436,107706,107706,2467,436,5.019862772870568,5.019862772870568,,,1,,74,1572
global_all,global_all_p000,召開,國民大會,U,160,160,224,594,107706,107706,224,594,8.016993147091986,8.016993147091986,,,1,,75,713
global_all,global_all_p000,大臣,王,U,159,159,325,213,107706,107706,325,213,8.950616522205694,8.950616522205694,,,1,,76,557
global_all,global_all_p000,實行,憲法,U,158,158,1206,14834,107706,107706,1206,14834,0.9278855976631657,0.9278855976631657,,,1,,77,2537
global_all,global_all_p000,制憲,國會,U,157,157,2467,4674,107706,107706,2467,4674,1.5523758248716715,1.5523758248716715,,,1,,78,2450
global_all,global_all_p000,三民主義,五權憲法,U,152,152,226,170,107706,107706,226,170,9.73509670995369,9.73509670995369,,,1,,79,423
global_all,global_all_p000,憲法會議,開,U,151,151,865,1666,107706,107706,865,1666,4.496414826498437,4.496414826498437,,,1,,80,1705
global_all,global_all_p000,兩,黨,U,149,149,1847,378,107706,107706,1847,378,5.522697040321644,5.522697040321644,,,1,,81,1417
global_all,global_all_p000,制憲,規程,U,140,140,2467,160,107706,107706,2467,160,6.255552016820474,6.255552016820474,,,1,,82,1225
global_all,global_all_p000,憲法,起草會,U,137,137,14834,137,107706,107706,14834,137,3.8601190413861475,3.8601190413861475,,,1,,83,1934
global_all,global_all_p000,內閣,組織,U,136,136,912,1294,107706,107706,912,1294,4.6336900201560836,4.6336900201560836,,,1,,84,1666
global_all,global_all_p000,代表,大會,U,135,135,1409,790,107706,107706,1409,790,4.707389952739722,4.707389952739722,,,1,,85,1642
global_all,global_all_p000,委員,起草,U,135,135,502,663,107706,107706,502,663,6.449146078050464,6.449146078050464,,,1,,86,1158
global_all,global_all_p000,民選,省長,U,134,134,240,361,107706,107706,240,361,8.380082663025076,8.380082663025076,,,1,,87,645
global_all,global_all_p000,人民,權利,U,133,133,1912,409,107706,107706,1912,409,5.195197689641685,5.195197689641685,,,1,,88,1535
global_all,global_all_p000,代表,派,U,132,132,1409,642,107706,107706,1409,642,4.974247830989507,4.974247830989507,,,1,,89,1581
global_all,global_all_p000,制憲,國民,U,132,132,2467,1096,107706,107706,2467,1096,3.3945591311607966,3.3945591311607966,,,1,,90,2072
global_all,global_all_p000,機關,民意,U,131,131,1065,296,107706,107706,1065,296,6.484071015858293,6.484071015858293,,,1,,91,1138
global_all,global_all_p000,籌辦處,諮議局,U,131,131,185,741,107706,107706,185,741,7.685450903778297,7.685450903778297,,,1,,92,804
global_all,global_all_p000,兩,宮,U,130,130,1847,130,107706,107706,1847,130,6.8657709440805545,6.8657709440805545,,,1,,93,997
global_all,global_all_p000,中央社,南京,U,129,129,162,277,107706,107706,162,277,9.274374181552433,9.274374181552433,,,1,,94,488
global_all,global_all_p000,憲法,施行,U,129,129,14834,402,107706,107706,14834,402,2.2202946056304733,2.2202946056304733,,,1,,95,2330
global_all,global_all_p000,解散,議會,U,128,128,663,934,107706,107706,663,934,5.4765952952407435,5.4765952952407435,,,1,,96,1434
global_all,global_all_p000,北京,憲政編查館,U,126,126,881,853,107706,107706,881,853,5.174618878324206,5.174618878324206,,,1,,97,1540
global_all,global_all_p000,憲法會議,規則,U,126,126,865,126,107706,107706,865,126,7.960182772538906,7.960182772538906,,,1,,98,740
global_all,global_all_p000,權利,義務,U,126,126,409,126,107706,107706,409,126,9.040782062121245,9.040782062121245,,,1,,99,544
global_all,global_all_p000,清單,籌備,U,126,126,235,1416,107706,107706,235,1416,6.349896521914912,6.349896521914912,,,1,,100,1193
global_all,global_all_p000,省,縣,U,125,125,2760,946,107706,107706,2760,946,3.3663744547201535,3.3663744547201535,,,1,,101,2084
global_all,global_all_p000,憲法,討論,U,124,124,14834,1212,107706,107706,14834,1212,0.5711413683000719,0.5711413683000719,,,1,,102,2572
global_all,global_all_p000,憲法,違反,U,124,124,14834,124,107706,107706,14834,124,3.8601190413861475,3.8601190413861475,,,1,,103,1937
global_all,global_all_p000,制憲,問題,U,123,123,2467,2410,107706,107706,2467,2410,2.155894168984786,2.155894168984786,,,1,,104,2345
global_all,global_all_p000,府,廳,U,123,123,233,369,107706,107706,233,369,8.267590449687557,8.267590449687557,,,1,,105,668
global_all,global_all_p000,省,聯,U,123,123,2760,173,107706,107706,2760,173,5.794172821099977,5.794172821099977,,,1,,106,1342
global_all,global_all_p000,討論,開會,U,123,123,1212,1008,107706,107706,1212,1008,4.438799693429365,4.438799693429365,,,1,,107,1728
global_all,global_all_p000,問題,法律,U,122,122,2410,642,107706,107706,2410,642,4.086229514386252,4.086229514386252,,,1,,108,1832
global_all,global_all_p000,縣,自治,U,122,122,946,2019,107706,107706,946,2019,3.782354863955011,3.782354863955011,,,1,,109,1959
global_all,global_all_p000,職權,行使,U,119,119,224,412,107706,107706,224,412,8.117701409130113,8.117701409130113,,,1,,110,700
global_all,global_all_p000,中國,人民,U,117,117,601,1912,107706,107706,601,1912,4.455015825954463,4.455015825954463,,,1,,111,1718
global_all,global_all_p000,出席,議員,U,116,116,451,2706,107706,107706,451,2706,4.355790342958647,4.355790342958647,,,1,,112,1755
global_all,global_all_p000,問題,國會,U,116,116,2410,4674,107706,107706,2410,4674,1.1494606402904157,1.1494606402904157,,,1,,113,2508
global_all,global_all_p000,國,國民,U,116,116,2370,1096,107706,107706,2370,1096,3.266016663444417,3.266016663444417,,,1,,114,2109
global_all,global_all_p000,憲法,解釋,U,115,115,14834,187,107706,107706,14834,187,3.1587146324428863,3.1587146324428863,,,1,,115,2138
global_all,global_all_p000,召集,國民大會,U,114,114,858,594,107706,107706,858,594,5.590476150927423,5.590476150927423,,,1,,116,1385
global_all,global_all_p000,簡易,識字,U,114,114,130,193,107706,107706,130,193,9.9348042589312,9.9348042589312,,,1,,117,386
global_all,global_all_p000,總統,袁,U,114,114,1739,130,107706,107706,1739,130,6.763219078892693,6.763219078892693,,,1,,118,1033
global_all,global_all_p000,完成,憲政,U,113,113,666,5608,107706,107706,666,5608,2.7042690563962957,2.7042690563962957,,,1,,119,2238
global_all,global_all_p000,主席,報告,U,112,112,901,373,107706,107706,901,373,6.1656789010518205,6.1656789010518205,,,1,,120,1253
global_all,global_all_p000,促成,憲法,U,112,112,168,14834,107706,107706,168,14834,3.2751565406649914,3.2751565406649914,,,1,,121,2105
global_all,global_all_p000,意見,發表,U,112,112,497,333,107706,107706,497,333,7.187613608487049,7.187613608487049,,,1,,122,914
global_all,global_all_p000,國會,憲法,U,111,111,4674,14834,107706,107706,4674,14834,-1.5359071110465718,0,,,1,,123,2651
global_all,global_all_p000,副總統,總統,U,110,110,322,1739,107706,107706,322,1739,5.403139713166448,5.403139713166448,,,1,,124,1461
global_all,global_all_p000,法,英,U,110,110,466,759,107706,107706,466,759,6.065956588517906,6.065956588517906,,,1,,125,1272
global_all,global_all_p000,團體,職業,U,109,109,280,138,107706,107706,280,138,9.247115946116784,9.247115946116784,,,1,,126,491
global_all,global_all_p000,憲政,考察,U,109,109,5608,358,107706,107706,5608,358,3.5478370085650397,3.5478370085650397,,,1,,127,2028
global_all,global_all_p000,政府,新,U,109,109,2457,3317,107706,107706,2457,3317,1.5265779806897324,1.5265779806897324,,,1,,128,2453
global_all,global_all_p000,憲法,遵守,U,108,108,14834,163,107706,107706,14834,163,3.2662783893185385,3.2662783893185385,,,1,,129,2108
global_all,global_all_p000,省,設,U,108,108,2760,409,107706,107706,2760,409,4.365217012619182,4.365217012619182,,,1,,130,1748
global_all,global_all_p000,內閣,總理,U,107,107,912,521,107706,107706,912,521,5.60017650502089,5.60017650502089,,,1,,131,1382
global_all,global_all_p000,問題,政治,U,107,107,2410,1586,107706,107706,2410,1586,2.5922115946428375,2.5922115946428375,,,1,,132,2266
global_all,global_all_p000,憲法,選舉,U,107,107,14834,2186,107706,107706,14834,2186,-0.49249165788461,0,,,1,,133,2622
global_all,global_all_p000,議員,選舉,U,107,107,2706,2186,107706,107706,2706,2186,1.9621822718156983,1.9621822718156983,,,1,,134,2380
global_all,global_all_p000,問題,重要,U,106,106,2410,289,107706,107706,2410,289,5.0349164360081895,5.0349164360081895,,,1,,135,1567
global_all,global_all_p000,憲法,通過,U,106,106,14834,841,107706,107706,14834,841,0.8720775056942026,0.8720775056942026,,,1,,136,2543
global_all,global_all_p000,新聞社,法國,U,106,106,137,121,107706,107706,137,121,10.427764229391071,10.427764229391071,,,1,,137,307
global_all,global_all_p000,事宜,憲政,U,105,105,638,5608,107706,107706,638,5608,2.660301364953623,2.660301364953623,,,1,,138,2250
global_all,global_all_p000,大會,開,U,105,105,790,1666,107706,107706,790,1666,4.103103084299103,4.103103084299103,,,1,,139,1827
global_all,global_all_p000,憲法,研究,U,105,105,14834,181,107706,107706,14834,181,3.0745186719690647,3.0745186719690647,,,1,,140,2156
global_all,global_all_p000,不足,法定,U,104,104,281,529,107706,107706,281,529,7.235628580869133,7.235628580869133,,,1,,141,899
global_all,global_all_p000,地方,行政,U,104,104,2327,1473,107706,107706,2327,1473,2.7083816027628873,2.7083816027628873,,,1,,142,2237
global_all,global_all_p000,政府,立憲,U,102,102,2457,4911,107706,107706,2457,4911,0.8646811874770142,0.8646811874770142,,,1,,143,2544
global_all,global_all_p000,兩,國會,U,101,101,1847,4674,107706,107706,1847,4674,1.3335404080495241,1.3335404080495241,,,1,,144,2477
global_all,global_all_p000,憲政,籌辦,U,101,101,5608,373,107706,107706,5608,373,3.3786481235489267,3.3786481235489267,,,1,,145,2079
global_all,global_all_p000,憲政,進行,U,100,100,5608,385,107706,107706,5608,385,3.318610015244831,3.318610015244831,,,1,,146,2096
global_all,global_all_p000,憲法,抵觸,U,100,100,14834,127,107706,107706,14834,127,3.515290544388707,3.515290544388707,,,1,,147,2034
global_all,global_all_p000,憲法,產生,U,100,100,14834,100,107706,107706,14834,100,3.8601190413861475,3.8601190413861475,,,1,,148,1907
global_all,global_all_p000,和平,統一,U,99,99,284,349,107706,107706,284,349,7.749265369428269,7.749265369428269,,,1,,149,793
global_all,global_all_p000,提出,討論,U,99,99,851,1212,107706,107706,851,1212,4.369906409983689,4.369906409983689,,,1,,150,1747
global_all,global_all_p000,人民,省,U,98,98,1912,2760,107706,107706,1912,2760,2.000129579531921,2.000129579531921,,,1,,151,2377
global_all,global_all_p000,學堂,法政,U,98,98,131,131,107706,107706,131,131,10.2646029361033,10.2646029361033,,,1,,152,332
global_all,global_all_p000,制定,國民大會,U,97,97,1521,594,107706,107706,1521,594,4.531528378724858,4.531528378724858,,,1,,153,1694
global_all,global_all_p000,效力,發生,U,97,97,192,170,107706,107706,192,170,9.322298500391263,9.322298500391263,,,1,,154,481
global_all,global_all_p000,憲法會議,開會,U,96,96,865,1008,107706,107706,865,1008,4.567865349760146,4.567865349760146,,,1,,155,1684
global_all,global_all_p000,明白,規定,U,96,96,151,1207,107706,107706,151,1207,6.826086895704049,6.826086895704049,,,1,,156,1009
global_all,global_all_p000,國會,開設,U,95,95,4674,174,107706,107706,4674,174,4.653209188762387,4.653209188762387,,,1,,157,1658
global_all,global_all_p000,官制,新,U,95,95,357,3317,107706,107706,357,3317,4.111151142576819,4.111151142576819,,,1,,158,1824
global_all,global_all_p000,專制,政體,U,95,95,299,632,107706,107706,299,632,6.7588122810187325,6.7588122810187325,,,1,,159,1035
global_all,global_all_p000,憲法,違背,U,95,95,14834,95,107706,107706,14834,95,3.8601190413861475,3.8601190413861475,,,1,,160,1938
global_all,global_all_p000,敎育,普及,U,95,95,404,111,107706,107706,404,111,8.83396735429204,8.83396735429204,,,1,,161,581
global_all,global_all_p000,制定,國會,U,94,94,1521,4674,107706,107706,1521,4674,1.5100814902333084,1.5100814902333084,,,1,,162,2456
global_all,global_all_p000,參政會,國民,U,94,94,94,1096,107706,107706,94,1096,7.618707012102466,7.618707012102466,,,1,,163,819
global_all,global_all_p000,積極,進行,U,94,94,110,385,107706,107706,110,385,8.901253597633707,8.901253597633707,,,1,,164,565
global_all,global_all_p000,公民,投票,U,93,93,182,374,107706,107706,182,374,8.201208806084692,8.201208806084692,,,1,,165,678
global_all,global_all_p000,市,省,U,93,93,156,2760,107706,107706,156,2760,5.540043135643245,5.540043135643245,,,1,,166,1406
global_all,global_all_p000,憲法,決定,U,93,93,14834,354,107706,107706,14834,354,1.9316723024111815,1.9316723024111815,,,1,,167,2387
global_all,global_all_p000,民主,立憲,U,92,92,1360,4911,107706,107706,1360,4911,1.5691090077869945,1.5691090077869945,,,1,,168,2447
global_all,global_all_p000,不可,侵犯,U,91,91,370,91,107706,107706,370,91,9.185357634546682,9.185357634546682,,,1,,169,508
global_all,global_all_p000,憲政大臣,考察,U,91,91,147,358,107706,107706,147,358,8.541045613161069,8.541045613161069,,,1,,170,625
global_all,global_all_p000,新,組織,U,91,91,3317,1294,107706,107706,3317,1294,2.19124853648116,2.19124853648116,,,1,,171,2338
global_all,global_all_p000,二鐘,北京,U,90,90,106,881,107706,107706,106,881,7.697673527909055,7.697673527909055,,,1,,172,803
global_all,global_all_p000,人,八,U,90,90,2114,135,107706,107706,2114,135,6.086016932959153,6.086016932959153,,,1,,173,1268
global_all,global_all_p000,基礎,憲政,U,90,90,159,5608,107706,107706,159,5608,4.442438602097689,4.442438602097689,,,1,,174,1727
global_all,global_all_p000,憲政,擁護,U,90,90,5608,242,107706,107706,5608,242,3.83645832010745,3.83645832010745,,,1,,175,1948
global_all,global_all_p000,憲法,民主,U,90,90,14834,1360,107706,107706,14834,1360,-0.05741879842187946,0,,,1,,176,2603
global_all,global_all_p000,改組,政府,U,90,90,109,2457,107706,107706,109,2457,6.177725724253577,6.177725724253577,,,1,,177,1248
global_all,global_all_p000,法,美,U,90,90,466,545,107706,107706,466,545,6.254293627074099,6.254293627074099,,,1,,178,1226
global_all,global_all_p000,報告,審查,U,89,89,373,314,107706,107706,373,314,7.354819956882526,7.354819956882526,,,1,,179,872
global_all,global_all_p000,憲法,我國,U,89,89,14834,240,107706,107706,14834,240,2.428961876744027,2.428961876744027,,,1,,180,2302
global_all,global_all_p000,三十,人,U,88,88,88,2114,107706,107706,88,2114,6.67097943368031,6.67097943368031,,,1,,181,1054
global_all,global_all_p000,代表,國,U,88,88,1409,2370,107706,107706,1409,2370,2.505043473605032,2.505043473605032,,,1,,182,2286
global_all,global_all_p000,國家,民主,U,88,88,1683,1360,107706,107706,1683,1360,3.049960316232639,3.049960316232639,,,1,,183,2162
global_all,global_all_p000,憲法,擁護,U,88,88,14834,242,107706,107706,14834,242,2.40068742274885,2.40068742274885,,,1,,184,2307
global_all,global_all_p000,清理,財政,U,88,88,145,465,107706,107706,145,465,8.135174717689962,8.135174717689962,,,1,,185,693
global_all,global_all_p000,舊,議員,U,88,88,594,2706,107706,107706,594,2706,3.559905468922987,3.559905468922987,,,1,,186,2025
global_all,global_all_p000,代表,省,U,87,87,1409,2760,107706,107706,1409,2760,2.2687741429365533,2.2687741429365533,,,1,,187,2326
global_all,global_all_p000,不足,人數,U,86,86,281,588,107706,107706,281,588,6.8089051847078,6.8089051847078,,,1,,188,1021
global_all,global_all_p000,人民,保障,U,86,86,1912,227,107706,107706,1912,227,5.415588554493428,5.415588554493428,,,1,,189,1454
global_all,global_all_p000,刑律,新,U,86,86,118,3317,107706,107706,118,3317,5.5646975036152275,5.5646975036152275,,,1,,190,1395
global_all,global_all_p000,列入,憲法,U,86,86,102,14834,107706,107706,102,14834,3.6139584541167498,3.6139584541167498,,,1,,191,2005
global_all,global_all_p000,司法,立法,U,86,86,710,769,107706,107706,710,769,5.08448884741122,5.08448884741122,,,1,,192,1556
global_all,global_all_p000,政府,方面,U,86,86,2457,262,107706,107706,2457,262,4.846898705865476,4.846898705865476,,,1,,193,1608
global_all,global_all_p000,人民,程度,U,85,85,1912,222,107706,107706,1912,222,5.43084735686984,5.43084735686984,,,1,,194,1451
global_all,global_all_p000,全體,國民,U,85,85,503,1096,107706,107706,503,1096,5.053683358434641,5.053683358434641,,,1,,195,1565
global_all,global_all_p000,同情,表,U,85,85,85,188,107706,107706,85,188,10.162150243385355,10.162150243385355,,,1,,196,351
global_all,global_all_p000,常駐,議員,U,85,85,85,2706,107706,107706,85,2706,6.314792971086456,6.314792971086456,,,1,,197,1201
global_all,global_all_p000,憲政編查館,知道,U,85,85,853,157,107706,107706,853,157,7.095107350990777,7.095107350990777,,,1,,198,929
global_all,global_all_p000,憲政編查館,鈞鑒,U,85,85,853,85,107706,107706,853,85,7.980337163744703,7.980337163744703,,,1,,199,734
global_all,global_all_p000,敎育,經費,U,85,85,404,436,107706,107706,404,436,6.699734223671974,6.699734223671974,,,1,,200,1048
global_all,global_all_p000,結束,訓政,U,85,85,103,700,107706,107706,103,700,7.988418392185148,7.988418392185148,,,1,,201,717
global_all,global_all_p000,主席,宣告,U,84,84,901,323,107706,107706,901,323,5.95828286733429,5.95828286733429,,,1,,202,1300
global_all,global_all_p000,人民,自由,U,84,84,1912,606,107706,107706,1912,606,3.965015726388054,3.965015726388054,,,1,,203,1858
global_all,global_all_p000,保障,憲法,U,84,84,227,14834,107706,107706,227,14834,2.4258879768739927,2.4258879768739927,,,1,,204,2303
global_all,global_all_p000,共和,立憲,U,84,84,587,4911,107706,107706,587,4911,2.6500387175363915,2.6500387175363915,,,1,,205,2251
global_all,global_all_p000,諮議局,議員,U,84,84,741,2706,107706,107706,741,2706,3.173780661559382,3.173780661559382,,,1,,206,2133
global_all,global_all_p000,共和,憲法,U,83,83,587,14834,107706,107706,587,14834,1.0379417796230201,1.0379417796230201,,,1,,207,2520
global_all,global_all_p000,國會,恢復,U,83,83,4674,381,107706,107706,4674,381,3.3276893201337705,3.3276893201337705,,,1,,208,2091
global_all,global_all_p000,共和,政體,U,82,82,587,632,107706,107706,587,632,5.573293658393921,5.573293658393921,,,1,,209,1391
global_all,global_all_p000,副總統,選舉,U,82,82,322,2186,107706,107706,322,2186,4.649296535894555,4.649296535894555,,,1,,210,1659
global_all,global_all_p000,宣布,憲法,U,82,82,204,14834,107706,107706,204,14834,2.5452457040327356,2.5452457040327356,,,1,,211,2276
global_all,global_all_p000,憲法,欽定,U,82,82,14834,136,107706,107706,14834,136,3.1302082047538917,3.1302082047538917,,,1,,212,2145
global_all,global_all_p000,憲法,組織,U,82,82,14834,1294,107706,107706,14834,1294,-0.11995085598827626,0,,,1,,213,2608
global_all,global_all_p000,新聞,記者,U,82,82,387,116,107706,107706,387,116,8.620120348409094,8.620120348409094,,,1,,214,619
global_all,global_all_p000,繼續,討論,U,82,82,255,1212,107706,107706,255,1212,5.836763679349268,5.836763679349268,,,1,,215,1333
global_all,global_all_p000,議員,資政院,U,82,82,2706,237,107706,107706,2706,237,4.78360172680628,4.78360172680628,,,1,,216,1625
global_all,global_all_p000,國,專制,U,81,81,2370,299,107706,107706,2370,299,4.621916079963891,4.621916079963891,,,1,,217,1670
global_all,global_all_p000,大會,討論,U,81,81,790,1212,107706,107706,790,1212,4.187706271410201,4.187706271410201,,,1,,218,1796
global_all,global_all_p000,審判廳,級,U,81,81,152,134,107706,107706,152,134,9.74257239404626,9.74257239404626,,,1,,219,420
global_all,global_all_p000,會議,開,U,81,81,642,1666,107706,107706,642,1666,4.027986925459767,4.027986925459767,,,1,,220,1841
global_all,global_all_p000,一致,主張,U,80,80,451,611,107706,107706,451,611,5.966654996876245,5.966654996876245,,,1,,221,1298
global_all,global_all_p000,人,派,U,80,80,2114,642,107706,107706,2114,642,3.666478041445369,3.666478041445369,,,1,,222,1991
global_all,global_all_p000,代表,出席,U,80,80,1409,451,107706,107706,1409,451,4.761227670385337,4.761227670385337,,,1,,223,1630
global_all,global_all_p000,制憲,參加,U,80,80,2467,358,107706,107706,2467,358,4.286309412385976,4.286309412385976,,,1,,224,1775
global_all,global_all_p000,北京,憲政館,U,80,80,881,249,107706,107706,881,249,6.29566704896186,6.29566704896186,,,1,,225,1212
global_all,global_all_p000,自由,言論,U,80,80,606,127,107706,107706,606,127,7.806808519705239,7.806808519705239,,,1,,226,785
global_all,global_all_p000,人,組織,U,79,79,2114,1294,107706,107706,2114,1294,2.6371382798649052,2.6371382798649052,,,1,,227,2255
global_all,global_all_p000,任期,總統,U,79,79,195,1739,107706,107706,195,1739,5.649147312183898,5.649147312183898,,,1,,228,1376
global_all,global_all_p000,國會,通過,U,79,79,4674,841,107706,107706,4674,841,2.114115834202126,2.114115834202126,,,1,,229,2355
global_all,global_all_p000,學塾,識字,U,79,79,79,193,107706,107706,79,193,10.124282057794913,10.124282057794913,,,1,,230,354
global_all,global_all_p000,政府,監督,U,79,79,2457,185,107706,107706,2457,185,5.226456240361619,5.226456240361619,,,1,,231,1523
global_all,global_all_p000,談話會,開,U,79,79,125,1666,107706,107706,125,1666,6.352562873212461,6.352562873212461,,,1,,232,1192
global_all,global_all_p000,兩,省,U,78,78,1847,2760,107706,107706,1847,2760,1.7207206112772717,1.7207206112772717,,,1,,233,2422
global_all,global_all_p000,制憲,裁兵,U,78,78,2467,160,107706,107706,2467,160,5.411671218737756,5.411671218737756,,,1,,234,1457
global_all,global_all_p000,國家,憲法,U,78,78,1683,14834,107706,107706,1683,14834,-0.5712982010815529,0,,,1,,235,2626
global_all,global_all_p000,政府,正式,U,78,78,2457,572,107706,107706,2457,572,3.579587834784687,3.579587834784687,,,1,,236,2018
global_all,global_all_p000,國會,正式,U,77,77,4674,572,107706,107706,4674,572,2.6332122801966795,2.6332122801966795,,,1,,237,2256
global_all,global_all_p000,憲政,訓政,U,77,77,5608,700,107706,107706,5608,700,2.0790438899149426,2.0790438899149426,,,1,,238,2360
global_all,global_all_p000,成立,民國,U,77,77,871,158,107706,107706,871,158,6.913215978981927,6.913215978981927,,,1,,239,986
global_all,global_all_p000,中央,集權,U,76,76,276,76,107706,107706,276,76,9.608214638284824,9.608214638284824,,,1,,240,442
global_all,global_all_p000,交換,意見,U,76,76,99,497,107706,107706,99,497,8.378207946864682,8.378207946864682,,,1,,241,646
global_all,global_all_p000,政府,組織,U,76,76,2457,1294,107706,107706,2457,1294,2.364362564151906,2.364362564151906,,,1,,242,2311
global_all,global_all_p000,世,萬,U,75,75,75,274,107706,107706,75,274,9.618707012102465,9.618707012102465,,,1,,243,440
global_all,global_all_p000,代表,會議,U,75,75,1409,642,107706,107706,1409,642,4.158672402126934,4.158672402126934,,,1,,244,1808
global_all,global_all_p000,全部,憲法,U,75,75,75,14834,107706,107706,75,14834,3.8601190413861475,3.8601190413861475,,,1,,245,1886
global_all,global_all_p000,方針,施政,U,75,75,123,91,107706,107706,123,91,10.495248640020938,10.495248640020938,,,1,,246,298
global_all,global_all_p000,直接,選舉,U,75,75,134,2186,107706,107706,134,2186,5.785390909429196,5.785390909429196,,,1,,247,1347
global_all,global_all_p000,總統,舉,U,75,75,1739,137,107706,107706,1739,137,6.08348348529176,6.08348348529176,,,1,,248,1269
global_all,global_all_p000,修正案,憲法,U,74,74,184,14834,107706,107706,184,14834,2.5460104509580845,2.5460104509580845,,,1,,249,2275
global_all,global_all_p000,制憲,工作,U,74,74,2467,144,107706,107706,2467,144,5.487725458949507,5.487725458949507,,,1,,250,1429
global_all,global_all_p000,宣言,發表,U,74,74,112,333,107706,107706,112,333,8.739459171563077,8.739459171563077,,,1,,251,600
global_all,global_all_p000,情形,憲政,U,74,74,418,5608,107706,107706,418,5608,2.765562694600437,2.765562694600437,,,1,,252,2222
global_all,global_all_p000,方法,選舉,U,74,74,160,2186,107706,107706,160,2186,5.5101866801326755,5.5101866801326755,,,1,,253,1421
global_all,global_all_p000,行政,長官,U,74,74,1473,146,107706,107706,1473,146,6.211826186776076,6.211826186776076,,,1,,254,1240
global_all,global_all_p000,問題,憲政,U,73,73,2410,5608,107706,107706,2410,5608,0.218475588815063,0.218475588815063,,,1,,255,2590
global_all,global_all_p000,國會,成立,U,73,73,4674,871,107706,107706,4674,871,1.9495927265613202,1.9495927265613202,,,1,,256,2385
global_all,global_all_p000,恢復,舊,U,73,73,381,594,107706,107706,381,594,6.118597345648922,6.118597345648922,,,1,,257,1259
global_all,global_all_p000,時局,解決,U,73,73,89,397,107706,107706,89,397,8.797835025833654,8.797835025833654,,,1,,258,585
global_all,global_all_p000,決算,預算,U,73,73,73,109,107706,107706,73,109,10.948554770286066,10.948554770286066,,,1,,259,227
global_all,global_all_p000,結社,集會,U,73,73,73,148,107706,107706,73,148,10.507285729434043,10.507285729434043,,,1,,260,292
global_all,global_all_p000,國會,議決,U,72,72,4674,328,107706,107706,4674,328,3.3386700731043963,3.3386700731043963,,,1,,261,2087
global_all,global_all_p000,憲法,政府,U,72,72,14834,2457,107706,107706,14834,2457,-1.232638099533705,0,,,1,,262,2645
global_all,global_all_p000,新,選舉,U,72,72,3317,2186,107706,107706,3317,2186,1.0969231140453786,1.0969231140453786,,,1,,263,2513
global_all,global_all_p000,派,議員,U,72,72,642,2706,107706,107706,642,2706,3.158288485406465,3.158288485406465,,,1,,264,2139
global_all,global_all_p000,不能,萬,U,71,71,774,274,107706,107706,774,274,6.1722643754627375,6.1722643754627375,,,1,,265,1251
global_all,global_all_p000,參加,政府,U,71,71,358,2457,107706,107706,358,2457,4.119988294941254,4.119988294941254,,,1,,266,1819
global_all,global_all_p000,國家,統一,U,71,71,1683,349,107706,107706,1683,349,4.702583527028073,4.702583527028073,,,1,,267,1643
global_all,global_all_p000,國民,程度,U,71,71,1096,222,107706,107706,1096,222,5.974038265257042,5.974038265257042,,,1,,268,1297
global_all,global_all_p000,新,總統,U,71,71,3317,1739,107706,107706,3317,1739,1.4067807004730657,1.4067807004730657,,,1,,269,2470
global_all,global_all_p000,省,籌辦,U,71,71,2760,373,107706,107706,2760,373,3.893001842646906,3.893001842646906,,,1,,270,1868
global_all,global_all_p000,總統,美,U,71,71,1739,545,107706,107706,1739,545,4.012331577596799,4.012331577596799,,,1,,271,1846
global_all,global_all_p000,臨時會,開,U,71,71,90,1666,107706,107706,90,1666,6.672460432872453,6.672460432872453,,,1,,272,1052
global_all,global_all_p000,衆議院,議員,U,71,71,257,2706,107706,107706,257,2706,4.45891554139726,4.45891554139726,,,1,,273,1717
global_all,global_all_p000,不可,神聖,U,70,70,370,70,107706,107706,370,70,9.185357634546682,9.185357634546682,,,1,,274,511
global_all,global_all_p000,制,憲法,U,70,70,133,14834,107706,107706,133,14834,2.9341196228299244,2.9341196228299244,,,1,,275,2182
global_all,global_all_p000,奏定,憲政編查館,U,70,70,102,853,107706,107706,102,853,7.437194838718174,7.437194838718174,,,1,,276,853
global_all,global_all_p000,憲法,總統,U,70,70,14834,1739,107706,107706,14834,1739,-0.774640158975473,0,,,1,,277,2639
global_all,global_all_p000,皇上,皇太后,U,70,70,181,124,107706,107706,181,124,9.39197991453788,9.39197991453788,,,1,,278,467
global_all,global_all_p000,中央,執行委員會,U,69,69,276,69,107706,107706,276,69,9.608214638284824,9.608214638284824,,,1,,279,441
global_all,global_all_p000,問題,總統,U,69,69,2410,1739,107706,107706,2410,1739,1.826403903417251,1.826403903417251,,,1,,280,2405
global_all,global_all_p000,國家,行政,U,69,69,1683,1473,107706,107706,1683,1473,2.583902375475364,2.583902375475364,,,1,,281,2268
global_all,global_all_p000,憲政,改革,U,69,69,5608,179,107706,107706,5608,179,3.8881771405662824,3.8881771405662824,,,1,,282,1869
global_all,global_all_p000,憲法,議會,U,69,69,14834,934,107706,107706,14834,934,0.1013647584546547,0.1013647584546547,,,1,,283,2594
global_all,global_all_p000,戶口,調查,U,69,69,69,164,107706,107706,69,164,10.359187090444909,10.359187090444909,,,1,,284,314
global_all,global_all_p000,效力,生,U,69,69,192,69,107706,107706,192,69,10.131776594341837,10.131776594341837,,,1,,285,353
global_all,global_all_p000,權利,自由,U,69,69,409,606,107706,107706,409,606,5.906132535426463,5.906132535426463,,,1,,286,1316
global_all,global_all_p000,籌辦,諮議局,U,69,69,373,741,107706,107706,373,741,5.748901999280091,5.748901999280091,,,1,,287,1354
global_all,global_all_p000,訓政,軍政,U,69,69,700,133,107706,107706,700,133,7.318770004507644,7.318770004507644,,,1,,288,878
global_all,global_all_p000,八鐘,北京,U,68,68,68,881,107706,107706,68,881,7.933740886142579,7.933740886142579,,,1,,289,754
global_all,global_all_p000,加入,省制,U,68,68,372,183,107706,107706,372,183,7.749343286921259,7.749343286921259,,,1,,290,792
global_all,global_all_p000,國會,開會,U,68,68,4674,1008,107706,107706,4674,1008,1.6364799940305903,1.6364799940305903,,,1,,291,2435
global_all,global_all_p000,實施,準備,U,68,68,1250,177,107706,107706,1250,177,6.048884006680885,6.048884006680885,,,1,,292,1275
global_all,global_all_p000,延長,時間,U,68,68,176,84,107706,107706,176,84,9.952452894897275,9.952452894897275,,,1,,293,384
global_all,global_all_p000,人,十餘,U,67,67,2114,67,107706,107706,2114,67,6.67097943368031,6.67097943368031,,,1,,294,1079
global_all,global_all_p000,共和,國家,U,67,67,587,1683,107706,107706,587,1683,3.868792131080764,3.868792131080764,,,1,,295,1875
global_all,global_all_p000,反對,表示,U,67,67,513,233,107706,107706,513,233,6.915827125259431,6.915827125259431,,,1,,296,985
global_all,global_all_p000,召集,憲法會議,U,67,67,858,865,107706,107706,858,865,4.281438125497132,4.281438125497132,,,1,,297,1776
global_all,global_all_p000,大會,成立,U,67,67,790,871,107706,107706,790,871,4.390590533857435,4.390590533857435,,,1,,298,1739
global_all,global_all_p000,憲政,施行,U,67,67,5608,402,107706,107706,5608,402,2.6785059603312136,2.6785059603312136,,,1,,299,2243
global_all,global_all_p000,憲政,預備,U,67,67,5608,1473,107706,107706,5608,1473,0.805015936474293,0.805015936474293,,,1,,300,2551
global_all,global_all_p000,皇室,經費,U,67,67,125,436,107706,107706,125,436,8.048859676081753,8.048859676081753,,,1,,301,710
global_all,global_all_p000,主席,討論,U,66,66,901,1212,107706,107706,901,1212,3.702575935134957,3.702575935134957,,,1,,302,1977
global_all,global_all_p000,主張,人,U,66,66,611,2114,107706,107706,611,2114,3.460344983220034,3.460344983220034,,,1,,303,2054
global_all,global_all_p000,公法,國際,U,66,66,66,202,107706,107706,66,202,10.058527612311199,10.058527612311199,,,1,,304,370
global_all,global_all_p000,制憲,完成,U,66,66,2467,666,107706,107706,2467,666,3.113212847050061,3.113212847050061,,,1,,305,2148
global_all,global_all_p000,憲,新,U,66,66,213,3317,107706,107706,213,3317,4.330760297407586,4.330760297407586,,,1,,306,1758
global_all,global_all_p000,憲法,行使,U,66,66,14834,412,107706,107706,14834,412,1.2180126335613828,1.2180126335613828,,,1,,307,2501
global_all,global_all_p000,衆,贊成,U,66,66,224,429,107706,107706,224,429,7.208944454864296,7.208944454864296,,,1,,308,902
global_all,global_all_p000,重要,關係,U,66,66,289,392,107706,107706,289,392,6.9714976878055595,6.9714976878055595,,,1,,309,972
global_all,global_all_p000,一致,通過,U,65,65,451,841,107706,107706,451,841,5.206161294580922,5.206161294580922,,,1,,310,1529
global_all,global_all_p000,七,人,U,65,65,65,2114,107706,107706,65,2114,6.67097943368031,6.67097943368031,,,1,,311,1053
global_all,global_all_p000,初稿,憲法,U,65,65,91,14834,107706,107706,91,14834,3.374692214215906,3.374692214215906,,,1,,312,2081
global_all,global_all_p000,國會,組織,U,65,65,4674,1294,107706,107706,4674,1294,1.2110429873161146,1.2110429873161146,,,1,,313,2502
global_all,global_all_p000,國民,革命,U,65,65,1096,229,107706,107706,1096,229,5.801871037033977,5.801871037033977,,,1,,314,1340
global_all,global_all_p000,委員,監察,U,65,65,502,116,107706,107706,502,116,7.909582359013103,7.909582359013103,,,1,,315,763
global_all,global_all_p000,事業,制憲,U,64,64,64,2467,107706,107706,64,2467,6.44819709476287,6.44819709476287,,,1,,316,1159
global_all,global_all_p000,京,議員,U,64,64,157,2706,107706,107706,157,2706,5.020172222194828,5.020172222194828,,,1,,317,1571
global_all,global_all_p000,兩,問題,U,64,64,1847,2410,107706,107706,1847,2410,1.6309535129632309,1.6309535129632309,,,1,,318,2436
global_all,global_all_p000,制度,自治,U,64,64,1018,2019,107706,107706,1018,2019,2.7457920536558245,2.7457920536558245,,,1,,319,2231
global_all,global_all_p000,召開,國大,U,64,64,224,265,107706,107706,224,265,7.8595356235548275,7.8595356235548275,,,1,,320,771
global_all,global_all_p000,同意,國會,U,64,64,135,4674,107706,107706,135,4674,4.449481479229337,4.449481479229337,,,1,,321,1722
global_all,global_all_p000,國,政府,U,64,64,2370,2457,107706,107706,2370,2457,1.2433856089152067,1.2433856089152067,,,1,,322,2498
global_all,global_all_p000,憲法,精神,U,64,64,14834,181,107706,107706,14834,181,2.3602731543029423,2.3602731543029423,,,1,,323,2313
global_all,global_all_p000,時期,軍政,U,64,64,832,133,107706,107706,832,133,6.961016941420711,6.961016941420711,,,1,,324,976
global_all,global_all_p000,暫行,章程,U,64,64,94,135,107706,107706,94,135,10.085334646334525,10.085334646334525,,,1,,325,364
global_all,global_all_p000,不可,萬,U,63,63,370,274,107706,107706,370,274,7.06460547508607,7.06460547508607,,,1,,326,942
global_all,global_all_p000,不能,實行,U,63,63,774,1206,107706,107706,774,1206,3.861815070518414,3.861815070518414,,,1,,327,1878
global_all,global_all_p000,內政,外交,U,63,63,79,275,107706,107706,79,275,9.286950461973785,9.286950461973785,,,1,,328,485
global_all,global_all_p000,國,政治,U,63,63,2370,1586,107706,107706,2370,1586,1.8521706190733096,1.8521706190733096,,,1,,329,2399
global_all,global_all_p000,國會,選舉,U,63,63,4674,2186,107706,107706,4674,2186,0.40949931410817936,0.40949931410817936,,,1,,330,2574
global_all,global_all_p000,宣布,立憲,U,63,63,204,4911,107706,107706,204,4911,3.7597925693961045,3.7597925693961045,,,1,,331,1965
global_all,global_all_p000,憲法,破壞,U,63,63,14834,143,107706,107706,14834,143,2.6775276281076748,2.6775276281076748,,,1,,332,2244
global_all,global_all_p000,正式,總統,U,63,63,572,1739,107706,107706,572,1739,3.770105464477933,3.770105464477933,,,1,,333,1962
global_all,global_all_p000,繼續,開會,U,63,63,255,1008,107706,107706,255,1008,5.722385658204135,5.722385658204135,,,1,,334,1362
global_all,global_all_p000,全體,議員,U,62,62,503,2706,107706,107706,503,2706,3.294574691667804,3.294574691667804,,,1,,335,2102
global_all,global_all_p000,兩,法,U,62,62,1847,466,107706,107706,1847,466,3.9557811098131497,3.9557811098131497,,,1,,336,1859
global_all,global_all_p000,司法,機關,U,62,62,710,1065,107706,107706,710,1065,4.1426224759446235,4.1426224759446235,,,1,,337,1817
global_all,global_all_p000,問題,高,U,62,62,2410,240,107706,107706,2410,240,4.529227378724026,4.529227378724026,,,1,,338,1696
global_all,global_all_p000,尊重,憲法,U,62,62,115,14834,107706,107706,115,14834,2.9688253008286476,2.9688253008286476,,,1,,339,2180
global_all,global_all_p000,憲政,推行,U,62,62,5608,82,107706,107706,5608,82,4.860112766821161,4.860112766821161,,,1,,340,1604
global_all,global_all_p000,憲法,成文,U,62,62,14834,62,107706,107706,14834,62,3.8601190413861475,3.8601190413861475,,,1,,341,1898
global_all,global_all_p000,時期,過渡,U,62,62,832,102,107706,107706,832,102,7.298070345337281,7.298070345337281,,,1,,342,882
global_all,global_all_p000,總統,黎,U,62,62,1739,106,107706,107706,1739,106,6.178972733580082,6.178972733580082,,,1,,343,1247
global_all,global_all_p000,中國,立憲,U,61,61,601,4911,107706,107706,601,4911,2.1544541447193843,2.1544541447193843,,,1,,344,2347
global_all,global_all_p000,京師,近事,U,61,61,61,61,107706,107706,61,61,11.786001757500106,11.786001757500106,,,1,,345,147
global_all,global_all_p000,兩院,開,U,61,61,490,1666,107706,107706,490,1666,4.008665808257761,4.008665808257761,,,1,,346,1847
global_all,global_all_p000,公布,施行,U,61,61,512,402,107706,107706,512,402,5.99642474144695,5.99642474144695,,,1,,347,1292
global_all,global_all_p000,分權,地方,U,61,61,76,2327,107706,107706,76,2327,6.215293423776945,6.215293423776945,,,1,,348,1235
global_all,global_all_p000,制定,省憲,U,61,61,1521,185,107706,107706,1521,185,5.545290534385071,5.545290534385071,,,1,,349,1405
global_all,global_all_p000,召集,憲法,U,61,61,858,14834,107706,107706,858,14834,0.04602254144948832,0.04602254144948832,,,1,,350,2597
global_all,global_all_p000,孫,院長,U,61,61,106,245,107706,107706,106,245,8.98291803906011,8.98291803906011,,,1,,351,555
global_all,global_all_p000,憲法,範圍,U,61,61,14834,142,107706,107706,14834,142,2.641109259444352,2.641109259444352,,,1,,352,2254
global_all,global_all_p000,政府,要求,U,61,61,2457,173,107706,107706,2457,173,4.95016606262699,4.95016606262699,,,1,,353,1586
global_all,global_all_p000,論,論說,U,61,61,149,61,107706,107706,149,61,10.497570574600832,10.497570574600832,,,1,,354,297
global_all,global_all_p000,九,人,U,60,60,60,2114,107706,107706,60,2114,6.67097943368031,6.67097943368031,,,1,,355,1059
global_all,global_all_p000,前途,立憲,U,60,60,391,4911,107706,107706,391,4911,2.7508037861688495,2.7508037861688495,,,1,,356,2228
global_all,global_all_p000,動議,臨時,U,60,60,60,296,107706,107706,60,296,9.507285729434043,9.507285729434043,,,1,,357,453
global_all,global_all_p000,南京,立法院,U,60,60,277,166,107706,107706,277,166,8.134848093275398,8.134848093275398,,,1,,358,694
global_all,global_all_p000,反對,憲法,U,60,60,513,14834,107706,107706,513,14834,0.7641946213876122,0.7641946213876122,,,1,,359,2558
global_all,global_all_p000,問題,國體,U,60,60,2410,155,107706,107706,2410,155,5.11268785427995,5.11268785427995,,,1,,360,1552
global_all,global_all_p000,國,憲政,U,60,60,2370,5608,107706,107706,2370,5608,-0.0403122871247331,0,,,1,,361,2601
global_all,global_all_p000,外交,政策,U,60,60,275,122,107706,107706,275,122,8.589604544696604,8.589604544696604,,,1,,362,624
global_all,global_all_p000,憲政編查館,會同,U,60,60,853,115,107706,107706,853,115,7.041737708408846,7.041737708408846,,,1,,363,949
global_all,global_all_p000,結果,討論,U,60,60,236,1212,107706,107706,236,1212,5.497812657836719,5.497812657836719,,,1,,364,1427
global_all,global_all_p000,代表,民意,U,59,59,1409,296,107706,107706,1409,296,4.929472882486248,4.929472882486248,,,1,,365,1593
global_all,global_all_p000,修訂,法律大臣,U,59,59,99,59,107706,107706,99,59,11.087382474983384,11.087382474983384,,,1,,366,211
global_all,global_all_p000,優待,條件,U,59,59,59,125,107706,107706,59,125,10.750954810400906,10.750954810400906,,,1,,367,255
global_all,global_all_p000,制憲,國大,U,59,59,2467,265,107706,107706,2467,265,4.28099159467415,4.28099159467415,,,1,,368,1777
global_all,global_all_p000,慶祝,立憲,U,59,59,174,4911,107706,107706,174,4911,3.8946375413807965,3.8946375413807965,,,1,,369,1866
global_all,global_all_p000,憲政,成立,U,59,59,5608,871,107706,107706,5608,871,1.3795826018153463,1.3795826018153463,,,1,,370,2473
global_all,global_all_p000,會議,討論,U,59,59,642,1212,107706,107706,642,1212,4.02977867382958,4.02977867382958,,,1,,371,1840
global_all,global_all_p000,社會,賢達,U,59,59,210,59,107706,107706,210,59,10.002493577396871,10.002493577396871,,,1,,372,378
global_all,global_all_p000,總統,選,U,59,59,1739,102,107706,107706,1739,102,6.162914585146751,6.162914585146751,,,1,,373,1254
global_all,global_all_p000,重大,關係,U,59,59,138,392,107706,107706,138,392,7.876147843531457,7.876147843531457,,,1,,374,770
global_all,global_all_p000,主義,帝國,U,58,58,430,230,107706,107706,430,230,6.98103718965673,6.98103718965673,,,1,,375,969
global_all,global_all_p000,人,兩,U,58,58,2114,1847,107706,107706,2114,1847,1.6779922778254437,1.6779922778254437,,,1,,376,2428
global_all,global_all_p000,人民,全體,U,58,58,1912,503,107706,107706,1912,503,3.6994386924042892,3.6994386924042892,,,1,,377,1979
global_all,global_all_p000,人民,規定,U,58,58,1912,1207,107706,107706,1912,1207,2.436643321454795,2.436643321454795,,,1,,378,2299
global_all,global_all_p000,先生,孫中山,U,58,58,135,58,107706,107706,135,58,10.639923498012163,10.639923498012163,,,1,,379,279
global_all,global_all_p000,常會,開,U,58,58,86,1666,107706,107706,86,1666,6.44628265012292,6.44628265012292,,,1,,380,1169
global_all,global_all_p000,憲政館,政務處,U,58,58,249,177,107706,107706,249,177,8.147112608039487,8.147112608039487,,,1,,381,691
global_all,global_all_p000,憲法,發布,U,58,58,14834,73,107706,107706,14834,73,3.5282754776337026,3.5282754776337026,,,1,,382,2032
global_all,global_all_p000,省議會,議決,U,58,58,337,328,107706,107706,337,328,6.820563304390623,6.820563304390623,,,1,,383,1011
global_all,global_all_p000,事宜,清單,U,57,57,638,235,107706,107706,638,235,6.355699548897865,6.355699548897865,,,1,,384,1189
global_all,global_all_p000,人數,出席,U,57,57,588,451,107706,107706,588,451,5.532973141135989,5.532973141135989,,,1,,385,1409
global_all,global_all_p000,制憲,合併,U,57,57,2467,122,107706,107706,2467,122,5.3503497713647254,5.3503497713647254,,,1,,386,1477
global_all,global_all_p000,制憲,省,U,57,57,2467,2760,107706,107706,2467,2760,0.8506345572620801,0.8506345572620801,,,1,,387,2547
global_all,global_all_p000,參議院,議員,U,57,57,186,2706,107706,107706,186,2706,4.608524174143166,4.608524174143166,,,1,,388,1677
global_all,global_all_p000,憲法,頒佈,U,57,57,14834,57,107706,107706,14834,57,3.8601190413861475,3.8601190413861475,,,1,,389,1939
global_all,global_all_p000,成立,政府,U,57,57,871,2457,107706,107706,871,2457,2.5204180582667055,2.5204180582667055,,,1,,390,2283
global_all,global_all_p000,投票,表決,U,57,57,374,262,107706,107706,374,262,6.969311647802648,6.969311647802648,,,1,,391,973
global_all,global_all_p000,皇上,聖鑒,U,57,57,181,144,107706,107706,181,144,8.879858220702218,8.879858220702218,,,1,,392,571
global_all,global_all_p000,省,行政,U,57,57,2760,1473,107706,107706,2760,1473,1.5946348425263541,1.5946348425263541,,,1,,393,2443
global_all,global_all_p000,議院,開設,U,57,57,174,174,107706,107706,174,174,8.663742117530278,8.663742117530278,,,1,,394,616
global_all,global_all_p000,制憲,機關,U,56,56,2467,1065,107706,107706,2467,1065,2.198914301707273,2.198914301707273,,,1,,395,2336
global_all,global_all_p000,國家,法律,U,56,56,1683,642,107706,107706,1683,642,3.480845068668345,3.480845068668345,,,1,,396,2045
global_all,global_all_p000,帝國,英,U,56,56,230,759,107706,107706,230,759,6.110647890760756,6.110647890760756,,,1,,397,1263
global_all,global_all_p000,情形,經過,U,56,56,418,56,107706,107706,418,56,9.009379962982111,9.009379962982111,,,1,,398,551
global_all,global_all_p000,憲法,約法,U,56,56,14834,269,107706,107706,14834,269,1.5960116008871275,1.5960116008871275,,,1,,399,2442
global_all,global_all_p000,憲法,起草員,U,56,56,14834,56,107706,107706,14834,56,3.8601190413861475,3.8601190413861475,,,1,,400,1933
global_all,global_all_p000,憲法,頒行,U,56,56,14834,56,107706,107706,14834,56,3.8601190413861475,3.8601190413861475,,,1,,401,1940
global_all,global_all_p000,總統,規定,U,56,56,1739,1207,107706,107706,1739,1207,2.522841839058988,2.522841839058988,,,1,,402,2282
global_all,global_all_p000,促進,憲政,U,55,55,110,5608,107706,107706,110,5608,4.26346846105237,4.26346846105237,,,1,,403,1782
global_all,global_all_p000,信敎,自由,U,55,55,55,606,107706,107706,55,606,8.473565111590043,8.473565111590043,,,1,,404,636
global_all,global_all_p000,修正案,提出,U,55,55,184,851,107706,107706,184,851,6.241521530844677,6.241521530844677,,,1,,405,1229
global_all,global_all_p000,制度,立憲,U,55,55,1018,4911,107706,107706,1018,4911,1.2447758553166477,1.2447758553166477,,,1,,406,2497
global_all,global_all_p000,勝利,抗戰,U,55,55,70,76,107706,107706,70,76,11.1208882781991,11.1208882781991,,,1,,407,208
global_all,global_all_p000,大會,通過,U,55,55,790,841,107706,107706,790,841,4.156427975268043,4.156427975268043,,,1,,408,1809
global_all,global_all_p000,憲法,解決,U,55,55,14834,397,107706,107706,14834,397,1.0084835577678495,1.0084835577678495,,,1,,409,2525
global_all,global_all_p000,憲法,關係,U,55,55,14834,392,107706,107706,14834,392,1.026768910795599,1.026768910795599,,,1,,410,2522
global_all,global_all_p000,整理,財政,U,55,55,55,465,107706,107706,55,465,8.8556521890676,8.8556521890676,,,1,,411,576
global_all,global_all_p000,不可,緩,U,54,54,370,107,107706,107706,370,107,8.198778150309002,8.198778150309002,,,1,,412,679
global_all,global_all_p000,內閣,官制,U,54,54,912,357,107706,107706,912,357,5.15895631903262,5.15895631903262,,,1,,413,1543
global_all,global_all_p000,制度,政治,U,54,54,1018,1586,107706,107706,1018,1586,2.848927695446788,2.848927695446788,,,1,,414,2202
global_all,global_all_p000,制憲,理財,U,54,54,2467,85,107706,107706,2467,85,5.7936936607886365,5.7936936607886365,,,1,,415,1343
global_all,global_all_p000,問題,發生,U,54,54,2410,170,107706,107706,2410,170,4.827418229971435,4.827418229971435,,,1,,416,1614
global_all,global_all_p000,帝國,憲法,U,54,54,230,14834,107706,107706,230,14834,1.769516492605241,1.769516492605241,,,1,,417,2414
global_all,global_all_p000,平等,自由,U,54,54,107,606,107706,107706,107,606,7.486985627352364,7.486985627352364,,,1,,418,842
global_all,global_all_p000,府,縣,U,54,54,233,946,107706,107706,233,946,5.721744079232786,5.721744079232786,,,1,,419,1363
global_all,global_all_p000,廢,督,U,54,54,54,110,107706,107706,54,110,10.935379381538333,10.935379381538333,,,1,,420,229
global_all,global_all_p000,憲政,成績,U,54,54,5608,150,107706,107706,5608,150,3.7895372727199574,3.7895372727199574,,,1,,421,1955
global_all,global_all_p000,憲法會議,組織法,U,54,54,865,96,107706,107706,865,96,7.130107773981218,7.130107773981218,,,1,,422,925
global_all,global_all_p000,政府,聯合,U,54,54,2457,113,107706,107706,2457,113,5.388765492449109,5.388765492449109,,,1,,423,1465
global_all,global_all_p000,條約,締結,U,54,54,54,54,107706,107706,54,54,11.961851592899524,11.961851592899524,,,1,,424,135
global_all,global_all_p000,準備,程序,U,54,54,177,210,107706,107706,177,210,8.28977552947734,8.28977552947734,,,1,,425,664
global_all,global_all_p000,籌辦處,自治,U,54,54,185,2019,107706,107706,185,2019,4.960819941378676,4.960819941378676,,,1,,426,1584
global_all,global_all_p000,統一,謀,U,54,54,349,213,107706,107706,349,213,7.2898337507909705,7.2898337507909705,,,1,,427,884
global_all,global_all_p000,辦理,遵照,U,54,54,354,150,107706,107706,354,150,7.775202356647583,7.775202356647583,,,1,,428,788
global_all,global_all_p000,主義,民權,U,53,53,430,121,107706,107706,430,121,7.777603462762137,7.777603462762137,,,1,,429,787
global_all,global_all_p000,修正,通過,U,53,53,504,841,107706,107706,504,841,4.751417635871132,4.751417635871132,,,1,,430,1635
global_all,global_all_p000,反對,政府,U,53,53,513,2457,107706,107706,513,2457,3.1791623916569733,3.1791623916569733,,,1,,431,2130
global_all,global_all_p000,問題,外交,U,53,53,2410,275,107706,107706,2410,275,4.106554310096846,4.106554310096846,,,1,,432,1825
global_all,global_all_p000,國會,提出,U,53,53,4674,851,107706,107706,4674,851,1.521202209157404,1.521202209157404,,,1,,433,2455
global_all,global_all_p000,憲政,政友,U,53,53,5608,73,107706,107706,5608,73,4.801564356735552,4.801564356735552,,,1,,434,1620
global_all,global_all_p000,憲法,賦予,U,53,53,14834,68,107706,107706,14834,68,3.5005766546990076,3.5005766546990076,,,1,,435,2040
global_all,global_all_p000,提出,議案,U,53,53,851,122,107706,107706,851,122,6.780906890377343,6.780906890377343,,,1,,436,1030
global_all,global_all_p000,普通,選舉,U,53,53,134,2186,107706,107706,134,2186,5.284492673496516,5.284492673496516,,,1,,437,1493
global_all,global_all_p000,機關,高,U,53,53,1065,240,107706,107706,1065,240,5.481131238904473,5.481131238904473,,,1,,438,1433
global_all,global_all_p000,法學,通論,U,53,53,85,53,107706,107706,85,53,11.307348158925292,11.307348158925292,,,1,,439,196
global_all,global_all_p000,發表,談話,U,53,53,333,53,107706,107706,333,53,9.337360727991731,9.337360727991731,,,1,,440,479
global_all,global_all_p000,知事,縣,U,53,53,53,946,107706,107706,53,946,7.831042721723598,7.831042721723598,,,1,,441,778
global_all,global_all_p000,經費,行政,U,53,53,436,1473,107706,107706,436,1473,4.151933509813417,4.151933509813417,,,1,,442,1810
global_all,global_all_p000,聯省,自治,U,53,53,53,2019,107706,107706,53,2019,6.73731389973152,6.73731389973152,,,1,,443,1038
global_all,global_all_p000,臨時,議會,U,53,53,296,934,107706,107706,296,934,5.367927444287581,5.367927444287581,,,1,,444,1470
global_all,global_all_p000,舉行,選舉,U,53,53,405,2186,107706,107706,405,2186,3.6888037661823003,3.6888037661823003,,,1,,445,1984
global_all,global_all_p000,表,贊同,U,53,53,188,103,107706,107706,188,103,9.203570170765337,9.203570170765337,,,1,,446,503
global_all,global_all_p000,議事,變更,U,53,53,320,198,107706,107706,320,198,7.49337483465922,7.49337483465922,,,1,,447,840
global_all,global_all_p000,院,院長,U,53,53,257,245,107706,107706,257,245,7.502397061429743,7.502397061429743,,,1,,448,837
global_all,global_all_p000,基礎,立憲,U,52,52,159,4911,107706,107706,159,4911,3.8424947507244203,3.8424947507244203,,,1,,449,1945
global_all,global_all_p000,大總統,選舉,U,52,52,211,2186,107706,107706,211,2186,4.602001938824995,4.602001938824995,,,1,,450,1680
global_all,global_all_p000,恢復,憲法,U,52,52,381,14834,107706,107706,381,14834,0.9869115720339179,0.9869115720339179,,,1,,451,2528
global_all,global_all_p000,政治,政黨,U,52,52,1586,155,107706,107706,1586,155,5.509877352225869,5.509877352225869,,,1,,452,1422
global_all,global_all_p000,政治,經濟,U,52,52,1586,293,107706,107706,1586,293,4.591244903077859,4.591244903077859,,,1,,453,1682
global_all,global_all_p000,普通,法律,U,52,52,134,642,107706,107706,134,642,7.02466013562401,7.02466013562401,,,1,,454,950
global_all,global_all_p000,衆,院,U,52,52,224,257,107706,107706,224,257,7.604199341952603,7.604199341952603,,,1,,455,822
global_all,global_all_p000,一時,午後,U,51,51,93,169,107706,107706,93,169,9.449126189644273,9.449126189644273,,,1,,456,460
global_all,global_all_p000,中國,憲政,U,51,51,601,5608,107706,107706,601,5608,1.70467262231268,1.70467262231268,,,1,,457,2424
global_all,global_all_p000,俱樂部,革新,U,51,51,108,105,107706,107706,108,105,9.920031417204898,9.920031417204898,,,1,,458,389
global_all,global_all_p000,兩院,會合會,U,51,51,490,51,107706,107706,490,51,8.780101156060422,8.780101156060422,,,1,,459,590
global_all,global_all_p000,同胞,國,U,51,51,71,2370,107706,107706,71,2370,6.028745973744185,6.028745973744185,,,1,,460,1281
global_all,global_all_p000,商務,總會,U,51,51,116,83,107706,107706,116,83,10.156144010559991,10.156144010559991,,,1,,461,352
global_all,global_all_p000,問題,省制,U,51,51,2410,183,107706,107706,2410,183,4.638647167633122,4.638647167633122,,,1,,462,1663
global_all,global_all_p000,地方,省,U,51,51,2327,2760,107706,107706,2327,2760,0.7744563899636084,0.7744563899636084,,,1,,463,2555
global_all,global_all_p000,德,英,U,51,51,209,759,107706,107706,209,759,6.11384922953814,6.11384922953814,,,1,,464,1262
global_all,global_all_p000,時期,開始,U,51,51,832,315,107706,107706,832,315,5.3895167005061175,5.3895167005061175,,,1,,465,1464
global_all,global_all_p000,自治,通則,U,51,51,2019,51,107706,107706,2019,51,6.73731389973152,6.73731389973152,,,1,,466,1039
global_all,global_all_p000,中國,政治,U,50,50,601,1586,107706,107706,601,1586,3.4981970484225537,3.4981970484225537,,,1,,467,2041
global_all,global_all_p000,中國,新,U,50,50,601,3317,107706,107706,601,3317,2.4337108073385103,2.4337108073385103,,,1,,468,2301
global_all,global_all_p000,人,數十,U,50,50,2114,50,107706,107706,2114,50,6.67097943368031,6.67097943368031,,,1,,469,1084
global_all,global_all_p000,人,百餘,U,50,50,2114,50,107706,107706,2114,50,6.67097943368031,6.67097943368031,,,1,,470,1086
global_all,global_all_p000,內外,臣工,U,50,50,108,50,107706,107706,108,50,10.961851592899524,10.961851592899524,,,1,,471,224
global_all,global_all_p000,兩,大臣,U,50,50,1847,325,107706,107706,1847,325,4.165331225939463,4.165331225939463,,,1,,472,1807
global_all,global_all_p000,協進會,憲政,U,50,50,77,5608,107706,107706,77,5608,4.640538110132193,4.640538110132193,,,1,,473,1662
global_all,global_all_p000,召集,國民會議,U,50,50,858,107,107706,107706,858,107,6.874294460937025,6.874294460937025,,,1,,474,994
global_all,global_all_p000,國民大會,開,U,50,50,594,1666,107706,107706,594,1666,3.444103478671404,3.444103478671404,,,1,,475,2058
global_all,global_all_p000,審查會,憲法,U,50,50,131,14834,107706,107706,131,14834,2.470552229623422,2.470552229623422,,,1,,476,2291
global_all,global_all_p000,憲政編查館,諭旨,U,50,50,853,117,107706,107706,853,117,6.753828633936023,6.753828633936023,,,1,,477,1036
global_all,global_all_p000,憲政編查館,資政院,U,50,50,853,237,107706,107706,853,237,5.735450104621169,5.735450104621169,,,1,,478,1359
global_all,global_all_p000,辦理,選舉,U,50,50,354,2186,107706,107706,354,2186,3.7989120490828157,3.7989120490828157,,,1,,479,1953
global_all,global_all_p000,主義,民生,U,49,49,430,66,107706,107706,430,66,8.538861970230288,8.538861970230288,,,1,,480,626
global_all,global_all_p000,二十,人,U,49,49,80,2114,107706,107706,80,2114,5.963761182908156,5.963761182908156,,,1,,481,1299
global_all,global_all_p000,代表,組織,U,49,49,1409,1294,107706,107706,1409,1294,2.5333711408760573,2.5333711408760573,,,1,,482,2278
global_all,global_all_p000,內容,憲法,U,49,49,49,14834,107706,107706,49,14834,3.8601190413861475,3.8601190413861475,,,1,,483,1885
global_all,global_all_p000,國,萬,U,49,49,2370,274,107706,107706,2370,274,4.022745512432053,4.022745512432053,,,1,,484,1843
global_all,global_all_p000,國會,速開,U,49,49,4674,49,107706,107706,4674,49,5.5262970762801675,5.5262970762801675,,,1,,485,1414
global_all,global_all_p000,德,政府,U,49,49,209,2457,107706,107706,209,2457,4.361407664735154,4.361407664735154,,,1,,486,1749
global_all,global_all_p000,憲法會議,組織,U,49,49,865,1294,107706,107706,865,1294,3.237270714661607,3.237270714661607,,,1,,487,2119
global_all,global_all_p000,政務處,會議,U,49,49,177,642,107706,107706,177,642,6.537413901972901,6.537413901972901,,,1,,488,1117
global_all,global_all_p000,政府,當局,U,49,49,2457,49,107706,107706,2457,49,6.454056952700828,6.454056952700828,,,1,,489,1154
global_all,global_all_p000,無異議,衆,U,49,49,69,224,107706,107706,69,224,9.415569560342428,9.415569560342428,,,1,,490,466
global_all,global_all_p000,知道,衙門,U,49,49,157,115,107706,107706,157,115,9.191338139342198,9.191338139342198,,,1,,491,506
global_all,global_all_p000,組織,責任內閣,U,49,49,1294,66,107706,107706,1294,66,6.94943291782724,6.94943291782724,,,1,,492,983
global_all,global_all_p000,不能,成立,U,48,48,774,871,107706,107706,774,871,3.9389829310408744,3.9389829310408744,,,1,,493,1862
global_all,global_all_p000,中華民國,人民,U,48,48,73,1912,107706,107706,73,1912,6.211010228923383,6.211010228923383,,,1,,494,1241
global_all,global_all_p000,前途,國家,U,48,48,391,1683,107706,107706,391,1683,3.973857337146848,3.973857337146848,,,1,,495,1855
global_all,global_all_p000,召集,新,U,48,48,858,3317,107706,107706,858,3317,1.8612044614965813,1.8612044614965813,,,1,,496,2396
global_all,global_all_p000,問題,重大,U,48,48,2410,138,107706,107706,2410,138,4.958359707888656,4.958359707888656,,,1,,497,1585
global_all,global_all_p000,官,民,U,48,48,97,169,107706,107706,97,169,9.300909317314836,9.300909317314836,,,1,,498,484
global_all,global_all_p000,宣告,散會,U,48,48,323,48,107706,107706,323,48,9.381348740369068,9.381348740369068,,,1,,499,473
global_all,global_all_p000,憲法審議會,開,U,48,48,66,1666,107706,107706,66,1666,6.555134791060148,6.555134791060148,,,1,,500,1112
global_all,global_all_p000,政協,決議,U,48,48,48,91,107706,107706,48,91,11.208944454864296,11.208944454864296,,,1,,501,204
global_all,global_all_p000,毀,法,U,48,48,66,466,107706,107706,66,466,8.393121331771416,8.393121331771416,,,1,,502,643
global_all,global_all_p000,省議會,議員,U,48,48,337,2706,107706,107706,337,2706,3.5031506906257537,3.5031506906257537,,,1,,503,2039
global_all,global_all_p000,省長,督軍,U,48,48,361,94,107706,107706,361,94,8.25125771721934,8.25125771721934,,,1,,504,670
global_all,global_all_p000,總理,遺敎,U,48,48,521,80,107706,107706,521,80,7.9546339386182785,7.9546339386182785,,,1,,505,744
global_all,global_all_p000,一般,人民,U,47,47,138,1912,107706,107706,138,1912,5.261936681981712,5.261936681981712,,,1,,506,1515
global_all,global_all_p000,主義,民主,U,47,47,430,1360,107706,107706,430,1360,4.113744161013468,4.113744161013468,,,1,,507,1823
global_all,global_all_p000,事宜,立憲,U,47,47,638,4911,107706,107706,638,4911,1.6921142257804513,1.6921142257804513,,,1,,508,2426
global_all,global_all_p000,人民,代表,U,47,47,1912,1409,107706,107706,1912,1409,1.9100052424502452,1.9100052424502452,,,1,,509,2391
global_all,global_all_p000,內閣,問題,U,47,47,912,2410,107706,107706,912,2410,2.203620501458565,2.203620501458565,,,1,,510,2334
global_all,global_all_p000,內閣,成立,U,47,47,912,871,107706,107706,912,871,3.6719090239770242,3.6719090239770242,,,1,,511,1990
global_all,global_all_p000,兩,星期,U,47,47,1847,69,107706,107706,1847,69,6.311835338980023,6.311835338980023,,,1,,512,1208
global_all,global_all_p000,出版,言論,U,47,47,74,127,107706,107706,74,127,10.073189894339516,10.073189894339516,,,1,,513,368
global_all,global_all_p000,制定,省,U,47,47,1521,2760,107706,107706,1521,2760,1.2700709573506024,1.2700709573506024,,,1,,514,2489
global_all,global_all_p000,參政,女子,U,47,47,84,73,107706,107706,84,73,10.689185965081853,10.689185965081853,,,1,,515,267
global_all,global_all_p000,問題,根本,U,47,47,2410,685,107706,107706,2410,685,2.6165503377754176,2.6165503377754176,,,1,,516,2261
global_all,global_all_p000,憲法,開,U,47,47,14834,1666,107706,107706,14834,1666,-1.2874647923017626,0,,,1,,517,2646
global_all,global_all_p000,政權,行使,U,47,47,99,412,107706,107706,99,412,7.955470799477802,7.955470799477802,,,1,,518,743
global_all,global_all_p000,終局,討論,U,47,47,47,1212,107706,107706,47,1212,7.473565111590042,7.473565111590042,,,1,,519,845
global_all,global_all_p000,命令,緊急,U,46,46,107,127,107706,107706,107,127,9.510149377946693,9.510149377946693,,,1,,520,452
global_all,global_all_p000,埠,新聞,U,46,46,66,387,107706,107706,66,387,8.599717175617142,8.599717175617142,,,1,,521,621
global_all,global_all_p000,憲政,關係,U,46,46,5608,392,107706,107706,5608,392,2.1723205729941744,2.1723205729941744,,,1,,522,2342
global_all,global_all_p000,憲法,第四十九條,U,46,46,14834,46,107706,107706,14834,46,3.8601190413861475,3.8601190413861475,,,1,,523,1917
global_all,global_all_p000,成立,正式,U,46,46,871,572,107706,107706,871,572,4.313900805742752,4.313900805742752,,,1,,524,1765
global_all,global_all_p000,政府,美,U,46,46,2457,545,107706,107706,2457,545,2.8875064890935525,2.8875064890935525,,,1,,525,2188
global_all,global_all_p000,新,通過,U,46,46,3317,841,107706,107706,3317,841,1.8286757640768396,1.8286757640768396,,,1,,526,2403
global_all,global_all_p000,旗制,變通,U,46,46,46,86,107706,107706,46,86,11.290474340360895,11.290474340360895,,,1,,527,199
global_all,global_all_p000,會議,舉行,U,46,46,642,405,107706,107706,642,405,5.252093466225715,5.252093466225715,,,1,,528,1519
global_all,global_all_p000,民國,議會,U,46,46,158,934,107706,107706,158,934,6.069241563233241,6.069241563233241,,,1,,529,1270
global_all,global_all_p000,省,督軍,U,46,46,2760,94,107706,107706,2760,94,5.255259647776837,5.255259647776837,,,1,,530,1517
global_all,global_all_p000,事宜,選舉,U,45,45,638,2186,107706,107706,638,2186,2.7971018919558936,2.7971018919558936,,,1,,531,2214
global_all,global_all_p000,參議院,臨時,U,45,45,186,296,107706,107706,186,296,7.459980014655686,7.459980014655686,,,1,,532,847
global_all,global_all_p000,和平,建國,U,45,45,284,460,107706,107706,284,460,6.21335502094361,6.21335502094361,,,1,,533,1237
global_all,global_all_p000,國內,要聞,U,45,45,77,78,107706,107706,77,78,10.656403431835518,10.656403431835518,,,1,,534,275
global_all,global_all_p000,專政,黨,U,45,45,45,378,107706,107706,45,378,9.15449667084192,9.15449667084192,,,1,,535,517
global_all,global_all_p000,慶祝,憲法,U,45,45,174,14834,107706,107706,174,14834,1.9090286418670939,1.9090286418670939,,,1,,536,2392
global_all,global_all_p000,憲法,有關,U,45,45,14834,66,107706,107706,14834,66,3.307578018357369,3.307578018357369,,,1,,537,2098
global_all,global_all_p000,憲法,湖南省,U,45,45,14834,45,107706,107706,14834,45,3.8601190413861475,3.8601190413861475,,,1,,538,1904
global_all,global_all_p000,憲法會議,江蘇省,U,45,45,865,82,107706,107706,865,82,7.094483864250497,7.094483864250497,,,1,,539,931
global_all,global_all_p000,提出,質問,U,45,45,851,69,107706,107706,851,69,7.367052412928536,7.367052412928536,,,1,,540,868
global_all,global_all_p000,法律,範圍,U,45,45,642,142,107706,107706,642,142,6.732415584765683,6.732415584765683,,,1,,541,1041
global_all,global_all_p000,票,通過,U,45,45,62,841,107706,107706,62,841,7.538433890750648,7.538433890750648,,,1,,542,833
global_all,global_all_p000,聖鑒,訓示,U,45,45,144,61,107706,107706,144,61,10.10792985238747,10.10792985238747,,,1,,543,359
global_all,global_all_p000,不能,開會,U,44,44,774,1008,107706,107706,774,1008,3.602701034055963,3.602701034055963,,,1,,544,2011
global_all,global_all_p000,二時,午後,U,44,44,90,169,107706,107706,90,169,9.283438181088432,9.283438181088432,,,1,,545,486
global_all,global_all_p000,代表,全體,U,44,44,1409,503,107706,107706,1409,503,3.7413002275851266,3.7413002275851266,,,1,,546,1971
global_all,global_all_p000,備,豫,U,44,44,80,44,107706,107706,80,44,11.39481100017563,11.39481100017563,,,1,,547,182
global_all,global_all_p000,兩,新舊,U,44,44,1847,88,107706,107706,1847,88,5.8657709440805545,5.8657709440805545,,,1,,548,1325
global_all,global_all_p000,國會,新舊,U,44,44,4674,88,107706,107706,4674,88,4.5262970762801675,4.5262970762801675,,,1,,549,1699
global_all,global_all_p000,國民,經濟,U,44,44,1096,293,107706,107706,1096,293,4.883381776317515,4.883381776317515,,,1,,550,1601
global_all,global_all_p000,實行,民主,U,44,44,1206,1360,107706,107706,1206,1360,2.530765585662504,2.530765585662504,,,1,,551,2279
global_all,global_all_p000,慶祝,舉行,U,44,44,174,405,107706,107706,174,405,7.071449120079575,7.071449120079575,,,1,,552,941
global_all,global_all_p000,投票,結果,U,44,44,374,236,107706,107706,374,236,6.746633204450813,6.746633204450813,,,1,,553,1037
global_all,global_all_p000,政黨,新,U,44,44,155,3317,107706,107706,155,3317,4.20438301163803,4.20438301163803,,,1,,554,1793
global_all,global_all_p000,江蘇,省議會,U,44,44,98,337,107706,107706,98,337,8.164856088403223,8.164856088403223,,,1,,555,684
global_all,global_all_p000,法律,規定,U,44,44,642,1207,107706,107706,642,1207,3.6125312658229656,3.6125312658229656,,,1,,556,2007
global_all,global_all_p000,生命,財產,U,44,44,44,44,107706,107706,44,44,12.257307476425696,12.257307476425696,,,1,,557,107
global_all,global_all_p000,省,都督,U,44,44,2760,44,107706,107706,2760,44,6.286286543397462,6.286286543397462,,,1,,558,1218
global_all,global_all_p000,省議會,選舉,U,44,44,337,2186,107706,107706,337,2186,3.685488246846527,3.685488246846527,,,1,,559,1985
global_all,global_all_p000,自行,集會,U,44,44,92,148,107706,107706,92,148,9.443155392014328,9.443155392014328,,,1,,560,461
global_all,global_all_p000,開,院,U,44,44,1666,257,107706,107706,1666,257,4.4683734791408645,4.4683734791408645,,,1,,561,1712
global_all,global_all_p000,三鐘,北京,U,43,43,70,881,107706,107706,70,881,7.230722623899711,7.230722623899711,,,1,,562,901
global_all,global_all_p000,主張,君主立憲,U,43,43,611,72,107706,107706,611,72,7.718050278504049,7.718050278504049,,,1,,563,800
global_all,global_all_p000,主張,憲法,U,43,43,611,14834,107706,107706,611,14834,0.03135522626951602,0.03135522626951602,,,1,,564,2598
global_all,global_all_p000,人民,日本,U,43,43,1912,232,107706,107706,1912,232,4.38415604665677,4.38415604665677,,,1,,565,1744
global_all,global_all_p000,修正,提出,U,43,43,504,851,107706,107706,504,851,4.4327086045792115,4.4327086045792115,,,1,,566,1730
global_all,global_all_p000,參議院,議長,U,43,43,186,664,107706,107706,186,664,6.228805607310135,6.228805607310135,,,1,,567,1232
global_all,global_all_p000,實現,憲政,U,43,43,131,5608,107706,107706,131,5608,3.6563102142170174,3.6563102142170174,,,1,,568,1994
global_all,global_all_p000,意見,憲法,U,43,43,497,14834,107706,107706,497,14834,0.32928175452595937,0.32928175452595937,,,1,,569,2579
global_all,global_all_p000,憲政,政府,U,43,43,5608,2457,107706,107706,5608,2457,-0.572948926607697,0,,,1,,570,2627
global_all,global_all_p000,提出,政府,U,43,43,851,2457,107706,107706,851,2457,2.147306385716963,2.147306385716963,,,1,,571,2348
global_all,global_all_p000,政黨,組織,U,43,43,155,1294,107706,107706,155,1294,5.529257542498346,5.529257542498346,,,1,,572,1411
global_all,global_all_p000,新,訂,U,43,43,3317,133,107706,107706,3317,133,4.392058117475879,4.392058117475879,,,1,,573,1738
global_all,global_all_p000,日本,立憲,U,43,43,232,4911,107706,107706,232,4911,3.0232217474422094,3.0232217474422094,,,1,,574,2170
global_all,global_all_p000,王家襄,議長,U,43,43,81,664,107706,107706,81,664,7.428114415533542,7.428114415533542,,,1,,575,855
global_all,global_all_p000,立憲,要求,U,43,43,4911,173,107706,107706,4911,173,3.4465745149330567,3.4465745149330567,,,1,,576,2057
global_all,global_all_p000,領袖,黨,U,43,43,116,378,107706,107706,116,378,7.722780430416446,7.722780430416446,,,1,,577,799
global_all,global_all_p000,一致,舉國,U,42,42,451,42,107706,107706,451,42,8.899755471807612,8.899755471807612,,,1,,578,568
global_all,global_all_p000,不能,承認,U,42,42,774,137,107706,107706,774,137,6.414834678736816,6.414834678736816,,,1,,579,1175
global_all,global_all_p000,主張,派,U,42,42,611,642,107706,107706,611,642,4.5275984609007205,4.5275984609007205,,,1,,580,1698
global_all,global_all_p000,代表,舉,U,42,42,1409,137,107706,107706,1409,137,5.55056853857159,5.55056853857159,,,1,,581,1402
global_all,global_all_p000,倡導會,制憲,U,42,42,42,2467,107706,107706,42,2467,6.44819709476287,6.44819709476287,,,1,,582,1161
global_all,global_all_p000,兩,君,U,42,42,1847,68,107706,107706,1847,68,6.170625525608975,6.170625525608975,,,1,,583,1252
global_all,global_all_p000,制憲,進行,U,42,42,2467,385,107706,107706,2467,385,3.2517998819593665,3.2517998819593665,,,1,,584,2113
global_all,global_all_p000,國會,提交,U,42,42,4674,82,107706,107706,4674,82,4.561062494440844,4.561062494440844,,,1,,585,1685
global_all,global_all_p000,實業,敎育,U,42,42,62,404,107706,107706,62,404,8.496648724703084,8.496648724703084,,,1,,586,630
global_all,global_all_p000,常道,憲政,U,42,42,42,5608,107706,107706,42,5608,5.26346846105237,5.26346846105237,,,1,,587,1503
global_all,global_all_p000,憲法,期成會,U,42,42,14834,59,107706,107706,14834,59,3.3697934148030666,3.3697934148030666,,,1,,588,2083
global_all,global_all_p000,憲法,浙江省,U,42,42,14834,42,107706,107706,14834,42,3.8601190413861475,3.8601190413861475,,,1,,589,1902
global_all,global_all_p000,憲法,編纂,U,42,42,14834,42,107706,107706,14834,42,3.8601190413861475,3.8601190413861475,,,1,,590,1921
global_all,global_all_p000,憲法,議定,U,42,42,14834,64,107706,107706,14834,64,3.2524364641649077,3.2524364641649077,,,1,,591,2112
global_all,global_all_p000,施行,日期,U,42,42,402,81,107706,107706,402,81,8.1181548237782,8.1181548237782,,,1,,592,699
global_all,global_all_p000,會議,決定,U,42,42,642,354,107706,107706,642,354,5.315021480636453,5.315021480636453,,,1,,593,1486
global_all,global_all_p000,發表,聲明,U,42,42,333,85,107706,107706,333,85,8.32028721463279,8.32028721463279,,,1,,594,658
global_all,global_all_p000,設立,諮議局,U,42,42,261,741,107706,107706,261,741,5.5478207889660345,5.5478207889660345,,,1,,595,1403
global_all,global_all_p000,不能,政府,U,41,41,774,2457,107706,107706,774,2457,2.2154192011745013,2.2154192011745013,,,1,,596,2331
global_all,global_all_p000,世界,和平,U,41,41,155,284,107706,107706,155,284,7.648419574902157,7.648419574902157,,,1,,597,812
global_all,global_all_p000,主義,自由,U,41,41,430,606,107706,107706,430,606,5.082924266618665,5.082924266618665,,,1,,598,1557
global_all,global_all_p000,二十餘,人,U,41,41,41,2114,107706,107706,41,2114,6.67097943368031,6.67097943368031,,,1,,599,1062
global_all,global_all_p000,二百餘,人,U,41,41,41,2114,107706,107706,41,2114,6.67097943368031,6.67097943368031,,,1,,600,1063
global_all,global_all_p000,任期,議員,U,41,41,195,2706,107706,107706,195,2706,4.065014661954929,4.065014661954929,,,1,,601,1836
global_all,global_all_p000,共和,國體,U,41,41,587,155,107706,107706,587,155,6.600950001296787,6.600950001296787,,,1,,602,1107
global_all,global_all_p000,共和國,憲法,U,41,41,94,14834,107706,107706,94,14834,2.663082194326594,2.663082194326594,,,1,,603,2249
global_all,global_all_p000,制,省憲,U,41,41,133,185,107706,107706,133,185,8.487627203663575,8.487627203663575,,,1,,604,631
global_all,global_all_p000,制成,憲法,U,41,41,41,14834,107706,107706,41,14834,3.8601190413861475,3.8601190413861475,,,1,,605,1888
global_all,global_all_p000,副議長,議長,U,41,41,41,664,107706,107706,41,664,8.341699663716069,8.341699663716069,,,1,,606,653
global_all,global_all_p000,問題,議長,U,41,41,2410,664,107706,107706,2410,664,2.4644342372168277,2.4644342372168277,,,1,,607,2293
global_all,global_all_p000,國家,社會黨,U,41,41,1683,111,107706,107706,1683,111,5.563055772001022,5.563055772001022,,,1,,608,1396
global_all,global_all_p000,國際,聯盟,U,41,41,202,41,107706,107706,202,41,10.058527612311199,10.058527612311199,,,1,,609,374
global_all,global_all_p000,完成,早日,U,41,41,666,174,107706,107706,666,174,6.251969236761086,6.251969236761086,,,1,,610,1227
global_all,global_all_p000,宣告,延會,U,41,41,323,41,107706,107706,323,41,9.381348740369068,9.381348740369068,,,1,,611,471
global_all,global_all_p000,州,府,U,41,41,654,233,107706,107706,654,233,5.856958129528714,5.856958129528714,,,1,,612,1328
global_all,global_all_p000,投票,選舉,U,41,41,374,2186,107706,107706,374,2186,3.4333189541215354,3.4333189541215354,,,1,,613,2060
global_all,global_all_p000,政府,護憲,U,41,41,2457,41,107706,107706,2457,41,6.454056952700828,6.454056952700828,,,1,,614,1156
global_all,global_all_p000,條款,臨時,U,41,41,41,296,107706,107706,41,296,9.507285729434043,9.507285729434043,,,1,,615,455
global_all,global_all_p000,細則,議事,U,41,41,97,320,107706,107706,97,320,8.152450162606586,8.152450162606586,,,1,,616,687
global_all,global_all_p000,人,十一,U,40,40,2114,40,107706,107706,2114,40,6.67097943368031,6.67097943368031,,,1,,617,1071
global_all,global_all_p000,人,衆議院,U,40,40,2114,257,107706,107706,2114,257,3.987282979373794,3.987282979373794,,,1,,618,1851
global_all,global_all_p000,修改,約法,U,40,40,640,269,107706,107706,640,269,5.645276732506369,5.645276732506369,,,1,,619,1378
global_all,global_all_p000,兩,科,U,40,40,1847,40,107706,107706,1847,40,6.8657709440805545,6.8657709440805545,,,1,,620,1001
global_all,global_all_p000,制度,司法,U,40,40,1018,710,107706,107706,1018,710,3.575470129482616,3.575470129482616,,,1,,621,2019
global_all,global_all_p000,力,謀,U,40,40,40,213,107706,107706,40,213,9.982029474837155,9.982029474837155,,,1,,622,381
global_all,global_all_p000,反對,立憲,U,40,40,513,4911,107706,107706,513,4911,1.7740510671479917,1.7740510671479917,,,1,,623,2413
global_all,global_all_p000,國會,職權,U,40,40,4674,224,107706,107706,4674,224,3.040870249109926,3.040870249109926,,,1,,624,2165
global_all,global_all_p000,大行,皇帝,U,40,40,70,40,107706,107706,70,40,11.587456078118027,11.587456078118027,,,1,,625,162
global_all,global_all_p000,官制,改,U,40,40,357,106,107706,107706,357,106,7.830966471358057,7.830966471358057,,,1,,626,781
global_all,global_all_p000,州,憲法,U,40,40,654,14834,107706,107706,654,14834,-0.17109968922457253,0,,,1,,627,2609
global_all,global_all_p000,憲法,改革,U,40,40,14834,179,107706,107706,14834,179,1.6982313590092535,1.6982313590092535,,,1,,628,2425
global_all,global_all_p000,憲法,草擬,U,40,40,14834,55,107706,107706,14834,55,3.40068742274885,3.40068742274885,,,1,,629,2070
global_all,global_all_p000,憲法,製定,U,40,40,14834,40,107706,107706,14834,40,3.8601190413861475,3.8601190413861475,,,1,,630,1929
global_all,global_all_p000,擬,政府,U,40,40,410,2457,107706,107706,410,2457,3.0965049480827442,3.0965049480827442,,,1,,631,2153
global_all,global_all_p000,政府,行憲,U,40,40,2457,63,107706,107706,2457,63,5.798705124088274,5.798705124088274,,,1,,632,1341
global_all,global_all_p000,最後,決定,U,40,40,55,354,107706,107706,55,354,8.789701926342698,8.789701926342698,,,1,,633,587
global_all,global_all_p000,朝廷,預備,U,40,40,91,1473,107706,107706,91,1473,6.0063308347158095,6.0063308347158095,,,1,,634,1290
global_all,global_all_p000,特別,規定,U,40,40,119,1207,107706,107706,119,1207,5.90663946588739,5.90663946588739,,,1,,635,1314
global_all,global_all_p000,社會,秩序,U,40,40,210,77,107706,107706,210,77,9.05763513158933,9.05763513158933,,,1,,636,538
global_all,global_all_p000,行政,裁判,U,40,40,1473,55,107706,107706,1473,55,6.732765761389847,6.732765761389847,,,1,,637,1040
global_all,global_all_p000,表決,贊成,U,40,40,262,429,107706,107706,262,429,6.260410350913359,6.260410350913359,,,1,,638,1224
global_all,global_all_p000,一致,贊成,U,39,39,451,429,107706,107706,451,429,5.440323853170315,5.440323853170315,,,1,,639,1450
global_all,global_all_p000,不能,憲法,U,39,39,774,14834,107706,107706,774,14834,-0.45066849589601443,0,,,1,,640,2620
global_all,global_all_p000,人,十五,U,39,39,2114,39,107706,107706,2114,39,6.67097943368031,6.67097943368031,,,1,,641,1075
global_all,global_all_p000,任期,延長,U,39,39,195,176,107706,107706,195,176,7.9353793815383336,7.9353793815383336,,,1,,642,750
global_all,global_all_p000,全體,辭職,U,39,39,503,90,107706,107706,503,90,7.535873627790039,7.535873627790039,,,1,,643,834
global_all,global_all_p000,制定,新,U,39,39,1521,3317,107706,107706,1521,3317,0.7356735794127225,0.7356735794127225,,,1,,644,2560
global_all,global_all_p000,午後,昨日,U,39,39,169,95,107706,107706,169,95,9.031406269312109,9.031406269312109,,,1,,645,547
global_all,global_all_p000,參加,國大,U,39,39,358,265,107706,107706,358,265,6.4684769872104235,6.4684769872104235,,,1,,646,1146
global_all,global_all_p000,團體,婦女,U,39,39,280,59,107706,107706,280,59,8.990215247618433,8.990215247618433,,,1,,647,553
global_all,global_all_p000,團體,自治,U,39,39,280,2019,107706,107706,280,2019,3.8934331016488017,3.8934331016488017,,,1,,648,1867
global_all,global_all_p000,宣告,議長,U,39,39,323,664,107706,107706,323,664,5.291711527884392,5.291711527884392,,,1,,649,1491
global_all,global_all_p000,憲政會,總裁,U,39,39,193,91,107706,107706,193,91,8.901889636458465,8.901889636458465,,,1,,650,564
global_all,global_all_p000,憲法,解散,U,39,39,14834,663,107706,107706,14834,663,-0.22734379986419181,0,,,1,,651,2611
global_all,global_all_p000,憲法會議,昨日,U,39,39,865,95,107706,107706,865,95,6.675729383070206,6.675729383070206,,,1,,652,1051
global_all,global_all_p000,政治,法律,U,39,39,1586,642,107706,107706,1586,642,3.04453477109896,3.04453477109896,,,1,,653,2163
global_all,global_all_p000,政治,組織,U,39,39,1586,1294,107706,107706,1586,1294,2.033342356228755,2.033342356228755,,,1,,654,2370
global_all,global_all_p000,政治,考察,U,39,39,1586,358,107706,107706,1586,358,3.8871484809570065,3.8871484809570065,,,1,,655,1871
global_all,global_all_p000,方法,表決,U,39,39,160,262,107706,107706,160,262,7.6467902175004285,7.6467902175004285,,,1,,656,813
global_all,global_all_p000,求,治,U,39,39,92,107,107706,107706,92,107,9.73711237146708,9.73711237146708,,,1,,657,422
global_all,global_all_p000,不良,憲法,U,38,38,38,14834,107706,107706,38,14834,3.8601190413861475,3.8601190413861475,,,1,,658,1879
global_all,global_all_p000,世界,立憲,U,38,38,155,4911,107706,107706,155,4911,3.4267410960370315,3.4267410960370315,,,1,,659,2064
global_all,global_all_p000,主席,人,U,38,38,901,2114,107706,107706,901,2114,2.103523651310357,2.103523651310357,,,1,,660,2356
global_all,global_all_p000,主席,王家襄,U,38,38,901,81,107706,107706,901,81,6.809433309808415,6.809433309808415,,,1,,661,1020
global_all,global_all_p000,于式枚,憲政大臣,U,38,38,38,147,107706,107706,38,147,10.517066750226629,10.517066750226629,,,1,,662,290
global_all,global_all_p000,人,提出,U,38,38,2114,851,107706,107706,2114,851,2.185891625437933,2.185891625437933,,,1,,663,2340
global_all,global_all_p000,代表會,國民,U,38,38,38,1096,107706,107706,38,1096,7.618707012102466,7.618707012102466,,,1,,664,818
global_all,global_all_p000,制憲,印度,U,38,38,2467,280,107706,107706,2467,280,3.566841591261489,3.566841591261489,,,1,,665,2022
global_all,global_all_p000,區域,行政,U,38,38,76,1473,107706,107706,76,1473,6.192197380027143,6.192197380027143,,,1,,666,1246
global_all,global_all_p000,國家,財政,U,38,38,1683,465,107706,107706,1683,465,3.3867602411812356,3.3867602411812356,,,1,,667,2077
global_all,global_all_p000,報告,開會,U,38,38,373,1008,107706,107706,373,1008,4.444354864751424,4.444354864751424,,,1,,668,1725
global_all,global_all_p000,平等,男女,U,38,38,107,38,107706,107706,107,38,10.975272108661846,10.975272108661846,,,1,,669,221
global_all,global_all_p000,情形,辦理,U,38,38,418,354,107706,107706,418,354,5.7897019263426985,5.7897019263426985,,,1,,670,1345
global_all,global_all_p000,憲,政府,U,38,38,213,2457,107706,107706,213,2457,3.9672748459185754,3.9672748459185754,,,1,,671,1857
global_all,global_all_p000,憲法,早日,U,38,38,14834,174,107706,107706,14834,174,1.665103058981005,1.665103058981005,,,1,,672,2430
global_all,global_all_p000,憲法,正式,U,38,38,14834,572,107706,107706,14834,572,-0.05182478194865624,0,,,1,,673,2602
global_all,global_all_p000,憲法,統一,U,38,38,14834,349,107706,107706,14834,349,0.6609633286200809,0.6609633286200809,,,1,,674,2565
global_all,global_all_p000,憲法會議,解釋,U,38,38,865,187,107706,107706,865,187,5.661215826094855,5.661215826094855,,,1,,675,1374
global_all,global_all_p000,滇,黔,U,38,38,53,38,107706,107706,53,38,11.988818640499794,11.988818640499794,,,1,,676,129
global_all,global_all_p000,理由,說明,U,38,38,38,56,107706,107706,38,56,11.909384173005389,11.909384173005389,,,1,,677,139
global_all,global_all_p000,設,諮議局,U,38,38,409,741,107706,107706,409,741,4.7553798432589955,4.7553798432589955,,,1,,678,1633
global_all,global_all_p000,諮議局,議決,U,38,38,741,328,107706,107706,741,328,5.073784871582661,5.073784871582661,,,1,,679,1560
global_all,global_all_p000,議員,院,U,38,38,2706,257,107706,107706,2706,257,3.5570959353361635,3.5570959353361635,,,1,,680,2026
global_all,global_all_p000,不及,程度,U,37,37,37,222,107706,107706,37,222,9.922323228712887,9.922323228712887,,,1,,681,387
global_all,global_all_p000,九鐘,北京,U,37,37,37,881,107706,107706,37,881,7.933740886142579,7.933740886142579,,,1,,682,752
global_all,global_all_p000,代表,政府,U,37,37,1409,2457,107706,107706,1409,2457,1.2030544220201413,1.2030544220201413,,,1,,683,2504
global_all,global_all_p000,共和,政府,U,37,37,587,2457,107706,107706,587,2457,2.4662936252197256,2.4662936252197256,,,1,,684,2292
global_all,global_all_p000,分類,新聞,U,37,37,37,387,107706,107706,37,387,9.120549338918583,9.120549338918583,,,1,,685,527
global_all,global_all_p000,制憲,籌備處,U,37,37,2467,37,107706,107706,2467,37,6.44819709476287,6.44819709476287,,,1,,686,1166
global_all,global_all_p000,制憲,自治,U,37,37,2467,2019,107706,107706,2467,2019,0.6782252650603464,0.6782252650603464,,,1,,687,2564
global_all,global_all_p000,南下,議員,U,37,37,37,2706,107706,107706,37,2706,6.314792971086456,6.314792971086456,,,1,,688,1198
global_all,global_all_p000,原則,基本,U,37,37,116,126,107706,107706,116,126,9.090931542064455,9.090931542064455,,,1,,689,531
global_all,global_all_p000,問題,經濟,U,37,37,2410,293,107706,107706,2410,293,3.496618175152371,3.496618175152371,,,1,,690,2042
global_all,global_all_p000,問題,解決,U,37,37,2410,397,107706,107706,2410,397,3.058379832431661,3.058379832431661,,,1,,691,2161
global_all,global_all_p000,國會,方面,U,37,37,4674,262,107706,107706,4674,262,2.702327440371667,2.702327440371667,,,1,,692,2239
global_all,global_all_p000,國會,維持,U,37,37,4674,253,107706,107706,4674,253,2.7527568672148073,2.7527568672148073,,,1,,693,2227
global_all,global_all_p000,國會,請願,U,37,37,4674,75,107706,107706,4674,75,4.506931751413236,4.506931751413236,,,1,,694,1703
global_all,global_all_p000,地方,縣,U,37,37,2327,946,107706,107706,2327,946,1.856240591947199,1.856240591947199,,,1,,695,2398
global_all,global_all_p000,委員,行政,U,37,37,502,1473,107706,107706,502,1473,3.4301071917053214,3.4301071917053214,,,1,,696,2062
global_all,global_all_p000,德宗,景皇帝,U,37,37,54,37,107706,107706,54,37,11.961851592899524,11.961851592899524,,,1,,697,133
global_all,global_all_p000,憲政編查館會議,政務處,U,37,37,37,177,107706,107706,37,177,10.249133544979996,10.249133544979996,,,1,,698,334
global_all,global_all_p000,憲法,遵照,U,37,37,14834,150,107706,107706,14834,150,1.8407537165192165,1.8407537165192165,,,1,,699,2402
global_all,global_all_p000,敎育會,省,U,37,37,54,2760,107706,107706,54,2760,5.740852406862943,5.740852406862943,,,1,,700,1358
global_all,global_all_p000,演說,發表,U,37,37,55,333,107706,107706,55,333,8.76545438009602,8.76545438009602,,,1,,701,592
global_all,global_all_p000,社會,經濟,U,37,37,210,293,107706,107706,210,293,7.017190088603573,7.017190088603573,,,1,,702,954
global_all,global_all_p000,表示,贊成,U,37,37,233,429,107706,107706,233,429,6.317172478538117,6.317172478538117,,,1,,703,1197
global_all,global_all_p000,議員,資格,U,37,37,2706,148,107706,107706,2706,148,4.314792971086456,4.314792971086456,,,1,,704,1764
global_all,global_all_p000,資格,選舉,U,37,37,148,2186,107706,107706,148,2186,4.622661409391088,4.622661409391088,,,1,,705,1669
global_all,global_all_p000,一致,國,U,36,36,451,2370,107706,107706,451,2370,2.859009129464303,2.859009129464303,,,1,,706,2201
global_all,global_all_p000,一般,國民,U,36,36,138,1096,107706,107706,138,1096,5.680107556766609,5.680107556766609,,,1,,707,1370
global_all,global_all_p000,不能,絶對,U,36,36,774,36,107706,107706,774,36,8.120549338918583,8.120549338918583,,,1,,708,698
global_all,global_all_p000,五千,元,U,36,36,36,144,107706,107706,36,144,10.54681409362068,10.54681409362068,,,1,,709,286
global_all,global_all_p000,代表,選舉,U,36,36,1409,2186,107706,107706,1409,2186,1.332130514523764,1.332130514523764,,,1,,710,2478
global_all,global_all_p000,促成,憲政,U,36,36,168,5608,107706,107706,168,5608,3.041076039715922,3.041076039715922,,,1,,711,2164
global_all,global_all_p000,個人,自由,U,36,36,92,606,107706,107706,92,606,7.119928156975342,7.119928156975342,,,1,,712,926
global_all,global_all_p000,備,立憲,U,36,36,80,4911,107706,107706,80,4911,4.302934894422633,4.302934894422633,,,1,,713,1768
global_all,global_all_p000,元首,國家,U,36,36,58,1683,107706,107706,58,1683,6.311863640047784,6.311863640047784,,,1,,714,1207
global_all,global_all_p000,制憲,大業,U,36,36,2467,53,107706,107706,2467,53,5.890201641641983,5.890201641641983,,,1,,715,1318
global_all,global_all_p000,原案,維持,U,36,36,88,253,107706,107706,88,253,8.444238903173698,8.444238903173698,,,1,,716,638
global_all,global_all_p000,原案,通過,U,36,36,88,841,107706,107706,88,841,6.711270487612864,6.711270487612864,,,1,,717,1047
global_all,global_all_p000,參議會,市,U,36,36,53,156,107706,107706,53,156,9.873341423079857,9.873341423079857,,,1,,718,395
global_all,global_all_p000,反對,憲政,U,36,36,513,5608,107706,107706,513,5608,1.4305784468876284,1.4305784468876284,,,1,,719,2468
global_all,global_all_p000,取,法,U,36,36,88,466,107706,107706,88,466,7.563046333213728,7.563046333213728,,,1,,720,830
global_all,global_all_p000,司法,考試,U,36,36,710,165,107706,107706,710,165,6.048666667867445,6.048666667867445,,,1,,721,1276
global_all,global_all_p000,君主,專制,U,36,36,500,299,107706,107706,500,299,5.696878137645113,5.696878137645113,,,1,,722,1365
global_all,global_all_p000,國家,政治,U,36,36,1683,1586,107706,107706,1683,1586,1.5386675794713778,1.5386675794713778,,,1,,723,2451
global_all,global_all_p000,國會,政府,U,36,36,4674,2457,107706,107706,4674,2457,-0.566460064639685,0,,,1,,724,2625
global_all,global_all_p000,官長,設立,U,36,36,61,261,107706,107706,61,261,8.928020762372535,8.928020762372535,,,1,,725,563
global_all,global_all_p000,審議會,開,U,36,36,53,1666,107706,107706,53,1666,6.4565709565765586,6.4565709565765586,,,1,,726,1148
global_all,global_all_p000,延長,會期,U,36,36,176,36,107706,107706,176,36,10.257307476425696,10.257307476425696,,,1,,727,333
global_all,global_all_p000,憲政,辦理,U,36,36,5608,354,107706,107706,5608,354,1.9657879124116846,1.9657879124116846,,,1,,728,2379
global_all,global_all_p000,憲法,第八十七條,U,36,36,14834,36,107706,107706,14834,36,3.8601190413861475,3.8601190413861475,,,1,,729,1914
global_all,global_all_p000,憲法,纂擬,U,36,36,14834,56,107706,107706,14834,56,3.222689120770856,3.222689120770856,,,1,,730,2121
global_all,global_all_p000,憲法大綱,欽定,U,36,36,36,136,107706,107706,36,136,10.629276253812654,10.629276253812654,,,1,,731,280
global_all,global_all_p000,會議,正式,U,36,36,642,572,107706,107706,642,572,4.400363272604613,4.400363272604613,,,1,,732,1736
global_all,global_all_p000,機關,自治,U,36,36,1065,2019,107706,107706,1065,2019,1.8506011860606315,1.8506011860606315,,,1,,733,2401
global_all,global_all_p000,正式,選舉,U,36,36,572,2186,107706,107706,572,2186,2.632715074055011,2.632715074055011,,,1,,734,2257
global_all,global_all_p000,正式,開,U,36,36,572,1666,107706,107706,572,1666,3.0246200743613683,3.0246200743613683,,,1,,735,2169
global_all,global_all_p000,監督,財政,U,36,36,185,465,107706,107706,185,465,6.494195729993599,6.494195729993599,,,1,,736,1134
global_all,global_all_p000,總統,羅,U,36,36,1739,36,107706,107706,1739,36,6.952696877756406,6.952696877756406,,,1,,737,980
global_all,global_all_p000,繼續,進行,U,36,36,255,385,107706,107706,255,385,6.303596024064184,6.303596024064184,,,1,,738,1210
global_all,global_all_p000,衆議院,解散,U,36,36,257,663,107706,107706,257,663,5.50817448719884,5.50817448719884,,,1,,739,1423
global_all,global_all_p000,議會,通過,U,36,36,934,841,107706,107706,934,841,3.3034233665404993,3.3034233665404993,,,1,,740,2100
global_all,global_all_p000,鄕,鎭,U,36,36,106,67,107706,107706,106,67,10.092654451484334,10.092654451484334,,,1,,741,362
global_all,global_all_p000,三十餘,人,U,35,35,35,2114,107706,107706,35,2114,6.67097943368031,6.67097943368031,,,1,,742,1056
global_all,global_all_p000,不同,情形,U,35,35,66,418,107706,107706,66,418,8.094268860568624,8.094268860568624,,,1,,743,702
global_all,global_all_p000,主席,王正廷,U,35,35,901,57,107706,107706,901,57,7.197748802029679,7.197748802029679,,,1,,744,905
global_all,global_all_p000,主張,席,U,35,35,611,35,107706,107706,611,35,8.461710525244264,8.461710525244264,,,1,,745,637
global_all,global_all_p000,主義,國家,U,35,35,430,1683,107706,107706,430,1683,3.3810098010885503,3.3810098010885503,,,1,,746,2078
global_all,global_all_p000,五全,大會,U,35,35,35,790,107706,107706,35,790,8.091030251998527,8.091030251998527,,,1,,747,703
global_all,global_all_p000,人,十二,U,35,35,2114,35,107706,107706,2114,35,6.67097943368031,6.67097943368031,,,1,,748,1074
global_all,global_all_p000,人員,行政,U,35,35,53,1473,107706,107706,53,1473,6.593559942408911,6.593559942408911,,,1,,749,1108
global_all,global_all_p000,代表,名額,U,35,35,1409,77,107706,107706,1409,77,6.118779675003421,6.118779675003421,,,1,,750,1257
global_all,global_all_p000,共和,民主,U,35,35,587,1360,107706,107706,587,1360,3.2394144827602056,3.2394144827602056,,,1,,751,2118
global_all,global_all_p000,出席,委員,U,35,35,451,502,107706,107706,451,502,5.057494934801807,5.057494934801807,,,1,,752,1563
global_all,global_all_p000,參院,議長,U,35,35,50,664,107706,107706,50,664,7.82712649088631,7.82712649088631,,,1,,753,782
global_all,global_all_p000,問題,省憲,U,35,35,2410,185,107706,107706,2410,185,4.079823220374323,4.079823220374323,,,1,,754,1833
global_all,global_all_p000,大計,根本,U,35,35,53,685,107706,107706,53,685,7.698141479596871,7.698141479596871,,,1,,755,802
global_all,global_all_p000,奉行,實力,U,35,35,59,35,107706,107706,59,35,11.834096045701152,11.834096045701152,,,1,,756,144
global_all,global_all_p000,官吏,文武,U,35,35,84,35,107706,107706,84,35,11.324421672284233,11.324421672284233,,,1,,757,193
global_all,global_all_p000,專章,敎育,U,35,35,35,404,107706,107706,35,404,9.058527612311199,9.058527612311199,,,1,,758,537
global_all,global_all_p000,工,臣,U,35,35,35,53,107706,107706,35,53,11.988818640499794,11.988818640499794,,,1,,759,128
global_all,global_all_p000,德,法,U,35,35,209,466,107706,107706,209,466,6.274476835272797,6.274476835272797,,,1,,760,1219
global_all,global_all_p000,憲政,達到,U,35,35,5608,35,107706,107706,5608,35,5.26346846105237,5.26346846105237,,,1,,761,1514
global_all,global_all_p000,憲法,永久,U,35,35,14834,52,107706,107706,14834,52,3.288962340190022,3.288962340190022,,,1,,762,2103
global_all,global_all_p000,憲法,湘省,U,35,35,14834,55,107706,107706,14834,55,3.2080423448064543,3.2080423448064543,,,1,,763,2123
global_all,global_all_p000,憲法,維持,U,35,35,14834,253,107706,107706,14834,253,1.006408483636804,1.006408483636804,,,1,,764,2526
global_all,global_all_p000,我國,政治,U,35,35,240,1586,107706,107706,240,1586,4.307954460695463,4.307954460695463,,,1,,765,1767
global_all,global_all_p000,新,總理,U,35,35,3317,521,107706,107706,3317,521,2.125219252941429,2.125219252941429,,,1,,766,2353
global_all,global_all_p000,民選,議院,U,35,35,240,174,107706,107706,240,174,7.496188020550712,7.496188020550712,,,1,,767,839
global_all,global_all_p000,法律,省,U,35,35,642,2760,107706,107706,642,2760,2.0891400732201246,2.0891400732201246,,,1,,768,2358
global_all,global_all_p000,省,省議會,U,35,35,2760,337,107706,107706,2760,337,3.01896477916057,3.01896477916057,,,1,,769,2172
global_all,global_all_p000,表決,起立,U,35,35,262,70,107706,107706,262,70,8.683316093525542,8.683316093525542,,,1,,770,612
global_all,global_all_p000,議會,高,U,35,35,934,240,107706,107706,934,240,5.071852776689779,5.071852776689779,,,1,,771,1561
global_all,global_all_p000,不足,人,U,34,34,281,2114,107706,107706,281,2114,3.6240159547097233,3.6240159547097233,,,1,,772,2002
global_all,global_all_p000,中央,地方,U,34,34,276,2327,107706,107706,276,2327,3.5114219841298144,3.5114219841298144,,,1,,773,2037
global_all,global_all_p000,人民,印度,U,34,34,1912,280,107706,107706,1912,280,3.7740521113876175,3.7740521113876175,,,1,,774,1961
global_all,global_all_p000,人民,美國,U,34,34,1912,303,107706,107706,1912,303,3.660161144859633,3.660161144859633,,,1,,775,1993
global_all,global_all_p000,代表,國民,U,34,34,1409,1096,107706,107706,1409,1096,2.245713957043169,2.245713957043169,,,1,,776,2327
global_all,global_all_p000,副總統,馮,U,34,34,322,50,107706,107706,322,50,8.82942886842399,8.82942886842399,,,1,,777,582
global_all,global_all_p000,南京,憲法,U,34,34,277,14834,107706,107706,277,14834,0.8338397165872986,0.8338397165872986,,,1,,778,2548
global_all,global_all_p000,南北,統一,U,34,34,81,349,107706,107706,81,349,8.017268707219054,8.017268707219054,,,1,,779,712
global_all,global_all_p000,參衆兩院,議員,U,34,34,54,2706,107706,107706,54,2706,5.647368310173326,5.647368310173326,,,1,,780,1377
global_all,global_all_p000,召見,軍機,U,34,34,34,34,107706,107706,34,34,12.629276253812654,12.629276253812654,,,1,,781,73
global_all,global_all_p000,召集,定期,U,34,34,858,49,107706,107706,858,49,7.444658254698578,7.444658254698578,,,1,,782,851
global_all,global_all_p000,君主,政體,U,34,34,500,632,107706,107706,500,632,4.5346369034741425,4.5346369034741425,,,1,,783,1692
global_all,global_all_p000,國,小,U,34,34,2370,51,107706,107706,2370,51,5.921105250556216,5.921105250556216,,,1,,784,1311
global_all,global_all_p000,基本,權利,U,34,34,126,409,107706,107706,126,409,7.1509649798716675,7.1509649798716675,,,1,,785,921
global_all,global_all_p000,委員,憲法,U,34,34,502,14834,107706,107706,502,14834,-0.02396167131428498,0,,,1,,786,2600
global_all,global_all_p000,完成,訓政,U,34,34,666,700,107706,107706,666,700,3.9736124574097413,3.9736124574097413,,,1,,787,1856
global_all,global_all_p000,實在,情形,U,34,34,34,418,107706,107706,34,418,9.009379962982111,9.009379962982111,,,1,,788,550
global_all,global_all_p000,實現,民主,U,34,34,131,1360,107706,107706,131,1360,5.36138799863818,5.36138799863818,,,1,,789,1473
global_all,global_all_p000,專制,時代,U,34,34,299,312,107706,107706,299,312,6.294798043252979,6.294798043252979,,,1,,790,1213
global_all,global_all_p000,工作,準備,U,34,34,144,177,107706,107706,144,177,8.166671384788023,8.166671384788023,,,1,,791,683
global_all,global_all_p000,憲政,革新,U,34,34,5608,105,107706,107706,5608,105,3.6366857846365868,3.6366857846365868,,,1,,792,1997
global_all,global_all_p000,憲政編查館,飭下,U,34,34,853,34,107706,107706,853,34,7.980337163744703,7.980337163744703,,,1,,793,735
global_all,global_all_p000,憲法,改正,U,34,34,14834,34,107706,107706,14834,34,3.8601190413861475,3.8601190413861475,,,1,,794,1899
global_all,global_all_p000,憲法,速成,U,34,34,14834,34,107706,107706,14834,34,3.8601190413861475,3.8601190413861475,,,1,,795,1935
global_all,global_all_p000,條例,組織,U,34,34,69,1294,107706,107706,69,1294,6.358055577542656,6.358055577542656,,,1,,796,1187
global_all,global_all_p000,江蘇,諮議局,U,34,34,98,741,107706,107706,98,741,6.65616235989229,6.65616235989229,,,1,,797,1092
global_all,global_all_p000,程序,立法,U,34,34,210,769,107706,107706,210,769,5.503116630685383,5.503116630685383,,,1,,798,1425
global_all,global_all_p000,組織,議員,U,34,34,1294,2706,107706,107706,1294,2706,1.0646339103442877,1.0646339103442877,,,1,,799,2517
global_all,global_all_p000,綱目,行政,U,34,34,34,1473,107706,107706,34,1473,7.192197380027143,7.192197380027143,,,1,,800,912
global_all,global_all_p000,一體,遵照,U,33,33,33,150,107706,107706,33,150,10.487920404567111,10.487920404567111,,,1,,801,299
global_all,global_all_p000,中國,歷史,U,33,33,601,51,107706,107706,601,51,7.857486691738766,7.857486691738766,,,1,,802,772
global_all,global_all_p000,主席,延長,U,33,33,901,176,107706,107706,901,176,5.486318299970611,5.486318299970611,,,1,,803,1430
global_all,global_all_p000,主席,諮詢,U,33,33,901,56,107706,107706,901,56,7.1383949965503035,7.1383949965503035,,,1,,804,922
global_all,global_all_p000,主義,民治,U,33,33,430,125,107706,107706,430,125,7.0471560801698985,7.0471560801698985,,,1,,805,947
global_all,global_all_p000,主義,立憲,U,33,33,430,4911,107706,107706,430,4911,1.7511392576366767,1.7511392576366767,,,1,,806,2420
global_all,global_all_p000,事宜,籌辦,U,33,33,638,373,107706,107706,638,373,4.900688780401339,4.900688780401339,,,1,,807,1599
global_all,global_all_p000,二讀會,通過,U,33,33,75,841,107706,107706,75,841,6.816352533670422,6.816352533670422,,,1,,808,1012
global_all,global_all_p000,人民,選舉,U,33,33,1912,2186,107706,107706,1912,2186,0.7661887207687932,0.7661887207687932,,,1,,809,2557
global_all,global_all_p000,代表,推舉,U,33,33,1409,33,107706,107706,1409,33,7.256283198753357,7.256283198753357,,,1,,810,892
global_all,global_all_p000,任用,考試,U,33,33,33,165,107706,107706,33,165,10.350416880817177,10.350416880817177,,,1,,811,316
global_all,global_all_p000,全體,會議,U,33,33,503,642,107706,107706,503,642,4.460289137493616,4.460289137493616,,,1,,812,1716
global_all,global_all_p000,兩,權,U,33,33,1847,111,107706,107706,1847,111,5.115749197088903,5.115749197088903,,,1,,813,1551
global_all,global_all_p000,公佈,憲法,U,33,33,33,14834,107706,107706,33,14834,3.8601190413861475,3.8601190413861475,,,1,,814,1887
global_all,global_all_p000,典範,皇室,U,33,33,33,125,107706,107706,33,125,10.750954810400906,10.750954810400906,,,1,,815,256
global_all,global_all_p000,切實,可行,U,33,33,83,33,107706,107706,83,33,11.341699663716069,11.341699663716069,,,1,,816,191
global_all,global_all_p000,國家,民族,U,33,33,1683,94,107706,107706,1683,94,5.48972490141386,5.48972490141386,,,1,,817,1428
global_all,global_all_p000,國家,關係,U,33,33,1683,392,107706,107706,1683,392,3.429603908976289,3.429603908976289,,,1,,818,2063
global_all,global_all_p000,國會,規定,U,33,33,4674,1207,107706,107706,4674,1207,0.33348123488359965,0.33348123488359965,,,1,,819,2577
global_all,global_all_p000,國民,投票,U,33,33,1096,374,107706,107706,1096,374,4.116206671573283,4.116206671573283,,,1,,820,1821
global_all,global_all_p000,國策,基本,U,33,33,33,126,107706,107706,33,126,10.739459171563077,10.739459171563077,,,1,,821,261
global_all,global_all_p000,大政,方針,U,33,33,33,123,107706,107706,33,123,10.774224589723753,10.774224589723753,,,1,,822,252
global_all,global_all_p000,官,設,U,33,33,97,409,107706,107706,97,409,7.48526333929257,7.48526333929257,,,1,,823,844
global_all,global_all_p000,宣誓,就職,U,33,33,33,54,107706,107706,33,54,11.961851592899524,11.961851592899524,,,1,,824,131
global_all,global_all_p000,實現,早日,U,33,33,131,174,107706,107706,131,174,8.284766717035268,8.284766717035268,,,1,,825,665
global_all,global_all_p000,希望,憲法,U,33,33,71,14834,107706,107706,71,14834,2.754766041239919,2.754766041239919,,,1,,826,2226
global_all,global_all_p000,律,新,U,33,33,33,3317,107706,107706,33,3317,6.021075798274971,6.021075798274971,,,1,,827,1284
global_all,global_all_p000,意見,表示,U,33,33,497,233,107706,107706,497,233,5.93984502820488,5.93984502820488,,,1,,828,1305
global_all,global_all_p000,憲,護,U,33,33,213,33,107706,107706,213,33,9.982029474837155,9.982029474837155,,,1,,829,383
global_all,global_all_p000,憲政,討論會,U,33,33,5608,33,107706,107706,5608,33,5.26346846105237,5.26346846105237,,,1,,830,1511
global_all,global_all_p000,憲政,運動,U,33,33,5608,173,107706,107706,5608,173,2.8732343527740984,2.8732343527740984,,,1,,831,2192
global_all,global_all_p000,憲法,變更,U,33,33,14834,198,107706,107706,14834,198,1.2751565406649914,1.2751565406649914,,,1,,832,2487
global_all,global_all_p000,成績,籌辦,U,33,33,150,373,107706,107706,150,373,6.989282703670328,6.989282703670328,,,1,,833,967
global_all,global_all_p000,我國,民,U,33,33,240,169,107706,107706,240,169,7.453363182530744,7.453363182530744,,,1,,834,848
global_all,global_all_p000,提出,議員,U,33,33,851,2706,107706,107706,851,2706,1.6261717687589465,1.6261717687589465,,,1,,835,2439
global_all,global_all_p000,擬,派,U,33,33,410,642,107706,107706,410,642,4.755223627793697,4.755223627793697,,,1,,836,1634
global_all,global_all_p000,擬,設,U,33,33,410,409,107706,107706,410,409,5.405696081974251,5.405696081974251,,,1,,837,1460
global_all,global_all_p000,攝政王,監國,U,33,33,53,83,107706,107706,53,83,10.658173328511323,10.658173328511323,,,1,,838,274
global_all,global_all_p000,民主,精神,U,33,33,1360,181,107706,107706,1360,181,4.8518963912005395,4.8518963912005395,,,1,,839,1607
global_all,global_all_p000,決定,結果,U,33,33,354,236,107706,107706,354,236,6.410884614976608,6.410884614976608,,,1,,840,1178
global_all,global_all_p000,監察,考試,U,33,33,116,165,107706,107706,116,165,8.536830005048058,8.536830005048058,,,1,,841,627
global_all,global_all_p000,省,規定,U,33,33,2760,1207,107706,107706,2760,1207,1.0934707020008936,1.0934707020008936,,,1,,842,2514
global_all,global_all_p000,約法,舊,U,33,33,269,594,107706,107706,269,594,5.475351731064056,5.475351731064056,,,1,,843,1435
global_all,global_all_p000,行政院,院長,U,33,33,33,245,107706,107706,33,245,9.780101156060422,9.780101156060422,,,1,,844,413
global_all,global_all_p000,調查,選舉,U,33,33,164,2186,107706,107706,164,2186,4.309503524131458,4.309503524131458,,,1,,845,1766
global_all,global_all_p000,不可,憲法,U,32,32,370,14834,107706,107706,370,14834,0.3287375808698355,0.3287375808698355,,,1,,846,2580
global_all,global_all_p000,不能,人,U,32,32,774,2114,107706,107706,774,2114,2.0747896775359,2.0747896775359,,,1,,847,2362
global_all,global_all_p000,主張,恢復,U,32,32,611,381,107706,107706,611,381,4.888063337750942,4.888063337750942,,,1,,848,1600
global_all,global_all_p000,人,反對,U,32,32,2114,513,107706,107706,2114,513,2.668164418073256,2.668164418073256,,,1,,849,2246
global_all,global_all_p000,人物,重要,U,32,32,32,289,107706,107706,32,289,9.541813412562314,9.541813412562314,,,1,,850,449
global_all,global_all_p000,代理,部務,U,32,32,78,61,107706,107706,78,61,10.500599538637859,10.500599538637859,,,1,,851,295
global_all,global_all_p000,修改,提議,U,32,32,640,120,107706,107706,640,120,6.487920404567112,6.487920404567112,,,1,,852,1136
global_all,global_all_p000,俱樂部,新黨,U,32,32,108,32,107706,107706,108,32,10.961851592899524,10.961851592899524,,,1,,853,223
global_all,global_all_p000,兩,南北,U,32,32,1847,81,107706,107706,1847,81,5.52592094119593,5.52592094119593,,,1,,854,1416
global_all,global_all_p000,刑律,現行,U,32,32,118,54,107706,107706,118,54,10.079208543537684,10.079208543537684,,,1,,855,365
global_all,global_all_p000,制憲,前途,U,32,32,2467,391,107706,107706,2467,391,2.837172297455518,2.837172297455518,,,1,,856,2204
global_all,global_all_p000,同意,表,U,32,32,135,188,107706,107706,135,188,8.085334646334525,8.085334646334525,,,1,,857,706
global_all,global_all_p000,商法,民法,U,32,32,32,80,107706,107706,32,80,11.39481100017563,11.39481100017563,,,1,,858,184
global_all,global_all_p000,問題,立憲,U,32,32,2410,4911,107706,107706,2410,4911,-0.7798794432496408,0,,,1,,859,2640
global_all,global_all_p000,國,民,U,32,32,2370,169,107706,107706,2370,169,4.105188314995187,4.105188314995187,,,1,,860,1826
global_all,global_all_p000,國父,遺敎,U,32,32,32,80,107706,107706,32,80,11.39481100017563,11.39481100017563,,,1,,861,185
global_all,global_all_p000,地方,情形,U,32,32,2327,418,107706,107706,2327,418,2.8251244675767615,2.8251244675767615,,,1,,862,2209
global_all,global_all_p000,大會,憲法,U,32,32,790,14834,107706,107706,790,14834,-0.7655898016783177,0,,,1,,863,2638
global_all,global_all_p000,宗旨,開會,U,32,32,50,1008,107706,107706,50,1008,7.0956029817883515,7.0956029817883515,,,1,,864,928
global_all,global_all_p000,官僚,軍閥,U,32,32,57,32,107706,107706,57,32,11.883849080898251,11.883849080898251,,,1,,865,141
global_all,global_all_p000,局,署,U,32,32,54,32,107706,107706,54,32,11.961851592899524,11.961851592899524,,,1,,866,132
global_all,global_all_p000,建設,經濟,U,32,32,95,293,107706,107706,95,293,7.952126632309797,7.952126632309797,,,1,,867,747
global_all,global_all_p000,意見,陳述,U,32,32,497,32,107706,107706,497,32,8.759637053500708,8.759637053500708,,,1,,868,595
global_all,global_all_p000,憲法,提出,U,32,32,14834,851,107706,107706,14834,851,-0.872896280299815,0,,,1,,869,2641
global_all,global_all_p000,憲法,政治,U,32,32,14834,1586,107706,107706,14834,1586,-1.771058014317831,0,,,1,,870,2653
global_all,global_all_p000,憲法,美,U,32,32,14834,545,107706,107706,14834,545,-0.22999337827814104,0,,,1,,871,2612
global_all,global_all_p000,懸,旗,U,32,32,32,32,107706,107706,32,32,12.716739095062993,12.716739095062993,,,1,,872,65
global_all,global_all_p000,手續,法定,U,32,32,117,529,107706,107706,117,529,6.799250463365563,6.799250463365563,,,1,,873,1028
global_all,global_all_p000,採,擇,U,32,32,47,32,107706,107706,47,32,12.162150243385355,12.162150243385355,,,1,,874,119
global_all,global_all_p000,攝政,監國,U,32,32,89,83,107706,107706,89,83,9.86596623274967,9.86596623274967,,,1,,875,397
global_all,global_all_p000,敎育,總會,U,32,32,404,83,107706,107706,404,83,7.683488180964273,7.683488180964273,,,1,,876,805
global_all,global_all_p000,施行,細則,U,32,32,402,97,107706,107706,402,97,7.465774561696937,7.465774561696937,,,1,,877,846
global_all,global_all_p000,日本,考察,U,32,32,232,358,107706,107706,232,358,6.374942322671164,6.374942322671164,,,1,,878,1183
global_all,global_all_p000,民政黨,立憲,U,32,32,32,4911,107706,107706,32,4911,5.454937987867684,5.454937987867684,,,1,,879,1444
global_all,global_all_p000,消息,靈通,U,32,32,73,32,107706,107706,73,32,11.526914536182975,11.526914536182975,,,1,,880,167
global_all,global_all_p000,滬,議員,U,32,32,51,2706,107706,107706,51,2706,5.64236762911496,5.64236762911496,,,1,,881,1380
global_all,global_all_p000,省,粵,U,32,32,2760,90,107706,107706,2760,90,4.794433447067787,4.794433447067787,,,1,,882,1622
global_all,global_all_p000,縣,議事會,U,32,32,946,32,107706,107706,946,32,7.831042721723598,7.831042721723598,,,1,,883,780
global_all,global_all_p000,縣議會,聯合會,U,32,32,90,144,107706,107706,90,144,9.054960997291007,9.054960997291007,,,1,,884,541
global_all,global_all_p000,討論,詳細,U,32,32,1212,124,107706,107706,1212,124,5.519368801203167,5.519368801203167,,,1,,885,1419
global_all,global_all_p000,討論,開始,U,32,32,1212,315,107706,107706,1212,315,4.174357093202763,4.174357093202763,,,1,,886,1804
global_all,global_all_p000,諭旨,降,U,32,32,117,32,107706,107706,117,32,10.846374375479588,10.846374375479588,,,1,,887,249
global_all,global_all_p000,諸君,議員,U,32,32,57,2706,107706,107706,57,2706,5.481902956921714,5.481902956921714,,,1,,888,1432
global_all,global_all_p000,議會,開會,U,32,32,934,1008,107706,107706,934,1008,2.8721804318534145,2.8721804318534145,,,1,,889,2193
global_all,global_all_p000,辛亥,革命,U,32,32,32,229,107706,107706,32,229,9.877535306966049,9.877535306966049,,,1,,890,394
global_all,global_all_p000,不能,國會,U,31,31,774,4674,107706,107706,774,4674,0.8843036305226326,0.8843036305226326,,,1,,891,2542
global_all,global_all_p000,中央,黨部,U,31,31,276,31,107706,107706,276,31,9.608214638284824,9.608214638284824,,,1,,892,443
global_all,global_all_p000,主權,國家,U,31,31,64,1683,107706,107706,64,1683,5.954115944119919,5.954115944119919,,,1,,893,1302
global_all,global_all_p000,二十,元,U,31,31,80,144,107706,107706,80,144,9.179082309120194,9.179082309120194,,,1,,894,513
global_all,global_all_p000,二百,人,U,31,31,59,2114,107706,107706,59,2114,5.742532694705344,5.742532694705344,,,1,,895,1357
global_all,global_all_p000,人民,國家,U,31,31,1912,1683,107706,107706,1912,1683,1.0532491361391707,1.0532491361391707,,,1,,896,2519
global_all,global_all_p000,全民,政治,U,31,31,31,1586,107706,107706,31,1586,7.085562039359014,7.085562039359014,,,1,,897,934
global_all,global_all_p000,兩,方面,U,31,31,1847,262,107706,107706,1847,262,3.7865442529299798,3.7865442529299798,,,1,,898,1956
global_all,global_all_p000,兩院,議長,U,31,31,490,664,107706,107706,490,664,4.359258035100373,4.359258035100373,,,1,,899,1751
global_all,global_all_p000,共同,努力,U,31,31,135,80,107706,107706,135,80,9.272191713511674,9.272191713511674,,,1,,900,489
global_all,global_all_p000,命令,法律,U,31,31,107,642,107706,107706,107,642,6.603038931926418,6.603038931926418,,,1,,901,1106
global_all,global_all_p000,和平,解決,U,31,31,284,397,107706,107706,284,397,5.888193088802228,5.888193088802228,,,1,,902,1319
global_all,global_all_p000,國民大會,開會,U,31,31,594,1008,107706,107706,594,1008,3.4793363611491857,3.4793363611491857,,,1,,903,2047
global_all,global_all_p000,圖,強,U,31,31,81,31,107706,107706,81,31,11.376889092178368,11.376889092178368,,,1,,904,188
global_all,global_all_p000,城,鎭,U,31,31,62,67,107706,107706,62,67,10.65064990460522,10.65064990460522,,,1,,905,276
global_all,global_all_p000,執政,臨時,U,31,31,31,296,107706,107706,31,296,9.507285729434043,9.507285729434043,,,1,,906,454
global_all,global_all_p000,妥,籌,U,31,31,74,31,107706,107706,74,31,11.507285729434043,11.507285729434043,,,1,,907,168
global_all,global_all_p000,官吏,行政,U,31,31,84,1473,107706,107706,84,1473,5.754076267635258,5.754076267635258,,,1,,908,1351
global_all,global_all_p000,尊重,民意,U,31,31,115,296,107706,107706,115,296,7.615991988876543,7.615991988876543,,,1,,909,821
global_all,global_all_p000,巴黎,新聞社,U,31,31,31,137,107706,107706,31,137,10.618707012102465,10.618707012102465,,,1,,910,281
global_all,global_all_p000,憲政,清單,U,31,31,5608,235,107706,107706,5608,235,2.341147824874245,2.341147824874245,,,1,,911,2315
global_all,global_all_p000,憲法,擬,U,31,31,14834,410,107706,107706,14834,410,0.1348352522675768,0.1348352522675768,,,1,,912,2593
global_all,global_all_p000,憲法,訂,U,31,31,14834,133,107706,107706,14834,133,1.7590329162718332,1.7590329162718332,,,1,,913,2417
global_all,global_all_p000,捷克,斯拉夫,U,31,31,31,31,107706,107706,31,31,12.762542784676118,12.762542784676118,,,1,,914,62
global_all,global_all_p000,政府,民主,U,31,31,2457,1360,107706,107706,2457,1360,0.9988623269500015,0.9988623269500015,,,1,,915,2527
global_all,global_all_p000,政界,新聞,U,31,31,57,387,107706,107706,57,387,8.241855635140716,8.241855635140716,,,1,,916,675
global_all,global_all_p000,新,時代,U,31,31,3317,312,107706,107706,3317,312,2.689869889799598,2.689869889799598,,,1,,917,2241
global_all,global_all_p000,會議,通過,U,31,31,642,841,107706,107706,642,841,3.6285439280724208,3.6285439280724208,,,1,,918,2000
global_all,global_all_p000,東方,通信社,U,31,31,31,31,107706,107706,31,31,12.762542784676118,12.762542784676118,,,1,,919,63
global_all,global_all_p000,根本,解決,U,31,31,685,397,107706,107706,685,397,4.617980030459021,4.617980030459021,,,1,,920,1674
global_all,global_all_p000,理財,裁兵,U,31,31,85,160,107706,107706,85,160,8.939616374424805,8.939616374424805,,,1,,921,560
global_all,global_all_p000,總統,職權,U,31,31,1739,224,107706,107706,1739,224,4.099538266085677,4.099538266085677,,,1,,922,1829
global_all,global_all_p000,自由,集會,U,31,31,606,148,107706,107706,606,148,6.218308056347968,6.218308056347968,,,1,,923,1233
global_all,global_all_p000,行政,訴訟,U,31,31,1473,69,107706,107706,1473,69,6.03786923363585,6.03786923363585,,,1,,924,1279
global_all,global_all_p000,裁判權,領事,U,31,31,31,46,107706,107706,31,46,12.19317713900598,12.19317713900598,,,1,,925,117
global_all,global_all_p000,議長,開會,U,31,31,664,1008,107706,107706,664,1008,3.318616050603027,3.318616050603027,,,1,,926,2095
global_all,global_all_p000,軍民,長官,U,31,31,101,146,107706,107706,101,146,8.822899363818056,8.822899363818056,,,1,,927,583
global_all,global_all_p000,事務,行政,U,30,30,30,1473,107706,107706,30,1473,7.192197380027143,7.192197380027143,,,1,,928,907
global_all,global_all_p000,五十,人,U,30,30,30,2114,107706,107706,30,2114,6.67097943368031,6.67097943368031,,,1,,929,1064
global_all,global_all_p000,京,駐,U,30,30,157,94,107706,107706,157,94,8.774420090102247,8.774420090102247,,,1,,930,591
global_all,global_all_p000,人民,行使,U,30,30,1912,412,107706,107706,1912,412,3.0362623555075445,3.0362623555075445,,,1,,931,2166
global_all,global_all_p000,代理,暫行,U,30,30,78,94,107706,107706,78,94,9.783638620131626,9.783638620131626,,,1,,932,408
global_all,global_all_p000,代行,立法院,U,30,30,30,166,107706,107706,30,166,10.341699663716069,10.341699663716069,,,1,,933,320
global_all,global_all_p000,促成會,憲法,U,30,30,30,14834,107706,107706,30,14834,3.8601190413861475,3.8601190413861475,,,1,,934,1880
global_all,global_all_p000,信任,政府,U,30,30,30,2457,107706,107706,30,2457,6.454056952700828,6.454056952700828,,,1,,935,1149
global_all,global_all_p000,先生,孫,U,30,30,135,106,107706,107706,135,106,8.818893639057482,8.818893639057482,,,1,,936,584
global_all,global_all_p000,兩,縣,U,30,30,1847,946,107706,107706,1847,946,1.886965166349678,1.886965166349678,,,1,,937,2395
global_all,global_all_p000,兩院,聯合會,U,30,30,490,144,107706,107706,490,144,6.517066750226628,6.517066750226628,,,1,,938,1127
global_all,global_all_p000,八,民,U,30,30,135,169,107706,107706,135,169,8.145934657338497,8.145934657338497,,,1,,939,692
global_all,global_all_p000,制憲,南京,U,30,30,2467,277,107706,107706,2467,277,3.2413455243222002,3.2413455243222002,,,1,,940,2117
global_all,global_all_p000,制憲,手續,U,30,30,2467,117,107706,107706,2467,117,4.484722970787984,4.484722970787984,,,1,,941,1709
global_all,global_all_p000,制憲,程序,U,30,30,2467,210,107706,107706,2467,210,3.6408421727052658,3.6408421727052658,,,1,,942,1996
global_all,global_all_p000,召集,臨時,U,30,30,858,296,107706,107706,858,296,4.669342487543016,4.669342487543016,,,1,,943,1655
global_all,global_all_p000,合法,政府,U,30,30,64,2457,107706,107706,64,2457,5.360947548309347,5.360947548309347,,,1,,944,1474
global_all,global_all_p000,問題,省長,U,30,30,2410,361,107706,107706,2410,361,2.8929572326670163,2.8929572326670163,,,1,,945,2187
global_all,global_all_p000,問題,財政,U,30,30,2410,465,107706,107706,2410,465,2.527725353558794,2.527725353558794,,,1,,946,2280
global_all,global_all_p000,國會,開幕,U,30,30,4674,64,107706,107706,4674,64,4.433187671888686,4.433187671888686,,,1,,947,1729
global_all,global_all_p000,國際,私法,U,30,30,202,30,107706,107706,202,30,10.058527612311199,10.058527612311199,,,1,,948,373
global_all,global_all_p000,地方,實行,U,30,30,2327,1206,107706,107706,2327,1206,1.203360003366078,1.203360003366078,,,1,,949,2503
global_all,global_all_p000,地方,政治,U,30,30,2327,1586,107706,107706,2327,1586,0.8081971395621844,0.8081971395621844,,,1,,950,2550
global_all,global_all_p000,大行,太皇太后,U,30,30,70,30,107706,107706,70,30,11.587456078118027,11.587456078118027,,,1,,951,161
global_all,global_all_p000,委員長,蔣,U,30,30,46,305,107706,107706,46,305,8.84740230216425,8.84740230216425,,,1,,952,579
global_all,global_all_p000,官制,改革,U,30,30,357,179,107706,107706,357,179,6.660033649378155,6.660033649378155,,,1,,953,1091
global_all,global_all_p000,官制,釐定,U,30,30,357,30,107706,107706,357,30,9.236958831033894,9.236958831033894,,,1,,954,495
global_all,global_all_p000,實施,程序,U,30,30,1250,210,107706,107706,1250,210,4.621671793455939,4.621671793455939,,,1,,955,1671
global_all,global_all_p000,審查,結果,U,30,30,314,236,107706,107706,314,236,6.446365892418044,6.446365892418044,,,1,,956,1168
global_all,global_all_p000,快信,杭州,U,30,30,54,30,107706,107706,54,30,11.961851592899524,11.961851592899524,,,1,,957,134
global_all,global_all_p000,恢復,憲政,U,30,30,381,5608,107706,107706,381,5608,1.5967118691675664,1.5967118691675664,,,1,,958,2441
global_all,global_all_p000,情形,省,U,30,30,418,2760,107706,107706,418,2760,2.4858180069250975,2.4858180069250975,,,1,,959,2288
global_all,global_all_p000,意見,提出,U,30,30,497,851,107706,107706,497,851,3.9335123274232626,3.9335123274232626,,,1,,960,1863
global_all,global_all_p000,憲法,議決,U,30,30,14834,328,107706,107706,14834,328,0.4094576323765825,0.4094576323765825,,,1,,961,2575
global_all,global_all_p000,成立,早日,U,30,30,871,174,107706,107706,871,174,5.414157286223919,5.414157286223919,,,1,,962,1455
global_all,global_all_p000,成立,組織,U,30,30,871,1294,107706,107706,871,1294,2.5194788800801393,2.5194788800801393,,,1,,963,2284
global_all,global_all_p000,成立,開,U,30,30,871,1666,107706,107706,871,1666,2.154928096707099,2.154928096707099,,,1,,964,2346
global_all,global_all_p000,民享,民治,U,30,30,30,125,107706,107706,30,125,10.750954810400906,10.750954810400906,,,1,,965,259
global_all,global_all_p000,民有,民治,U,30,30,30,125,107706,107706,30,125,10.750954810400906,10.750954810400906,,,1,,966,260
global_all,global_all_p000,法律,變更,U,30,30,642,198,107706,107706,642,198,5.667843583469598,5.667843583469598,,,1,,967,1373
global_all,global_all_p000,清理,財政章程,U,30,30,145,30,107706,107706,145,30,10.536830005048058,10.536830005048058,,,1,,968,289
global_all,global_all_p000,省,設立,U,30,30,2760,261,107706,107706,2760,261,3.1652711424360955,3.1652711424360955,,,1,,969,2136
global_all,global_all_p000,紀念,週年,U,30,30,63,30,107706,107706,63,30,11.739459171563077,11.739459171563077,,,1,,970,154
global_all,global_all_p000,自由,行使,U,30,30,606,412,107706,107706,606,412,4.693955180015342,4.693955180015342,,,1,,971,1646
global_all,global_all_p000,一致,全體,U,29,29,451,503,107706,107706,451,503,4.783321877129657,4.783321877129657,,,1,,972,1626
global_all,global_all_p000,不能,解決,U,29,29,774,397,107706,107706,774,397,4.345535136903197,4.345535136903197,,,1,,973,1756
global_all,global_all_p000,不足,程度,U,29,29,281,222,107706,107706,281,222,6.6458779036195335,6.6458779036195335,,,1,,974,1096
global_all,global_all_p000,中國,共產黨,U,29,29,601,29,107706,107706,601,29,8.485517914351808,8.485517914351808,,,1,,975,632
global_all,global_all_p000,中山,先生,U,29,29,29,135,107706,107706,29,135,10.639923498012163,10.639923498012163,,,1,,976,278
global_all,global_all_p000,二時,開,U,29,29,90,1666,107706,107706,90,1666,5.380694308495342,5.380694308495342,,,1,,977,1466
global_all,global_all_p000,人,公推,U,29,29,2114,29,107706,107706,2114,29,6.67097943368031,6.67097943368031,,,1,,978,1067
global_all,global_all_p000,代表,參加,U,29,29,1409,358,107706,107706,1409,358,3.630448416616672,3.630448416616672,,,1,,979,1999
global_all,global_all_p000,代表,政團,U,29,29,1409,52,107706,107706,1409,52,6.413824475739836,6.413824475739836,,,1,,980,1176
global_all,global_all_p000,代議,制度,U,29,29,69,1018,107706,107706,69,1018,6.474673787336701,6.474673787336701,,,1,,981,1144
global_all,global_all_p000,依法,選舉,U,29,29,78,2186,107706,107706,78,2186,5.195240185656412,5.195240185656412,,,1,,982,1534
global_all,global_all_p000,先決,問題,U,29,29,44,2410,107706,107706,44,2410,5.880471040435944,5.880471040435944,,,1,,983,1320
global_all,global_all_p000,內外,官制,U,29,29,108,357,107706,107706,108,357,7.3400523239979965,7.3400523239979965,,,1,,984,874
global_all,global_all_p000,內外,責成,U,29,29,108,29,107706,107706,108,29,10.961851592899524,10.961851592899524,,,1,,985,225
global_all,global_all_p000,兩,憲政,U,29,29,1847,5608,107706,107706,1847,5608,-0.7295186948024964,0,,,1,,986,2634
global_all,global_all_p000,公使,國,U,29,29,29,2370,107706,107706,29,2370,6.506067751277372,6.506067751277372,,,1,,987,1130
global_all,global_all_p000,具體,辦法,U,29,29,29,241,107706,107706,29,241,9.803849758833032,9.803849758833032,,,1,,988,404
global_all,global_all_p000,制定,法律,U,29,29,1521,642,107706,107706,1521,642,2.6774861653437654,2.6774861653437654,,,1,,989,2245
global_all,global_all_p000,制度,選舉,U,29,29,1018,2186,107706,107706,1018,2186,1.4891205584429652,1.4891205584429652,,,1,,990,2461
global_all,global_all_p000,制憲,運動,U,29,29,2467,173,107706,107706,2467,173,3.8715498622537172,3.8715498622537172,,,1,,991,1874
global_all,global_all_p000,創制,複決,U,29,29,29,29,107706,107706,29,29,12.858758099935422,12.858758099935422,,,1,,992,58
global_all,global_all_p000,南,遷,U,29,29,63,29,107706,107706,63,29,11.739459171563077,11.739459171563077,,,1,,993,153
global_all,global_all_p000,召集,會議,U,29,29,858,642,107706,107706,858,642,3.5034567655687163,3.5034567655687163,,,1,,994,2038
global_all,global_all_p000,司法,部務,U,29,29,710,61,107706,107706,710,61,7.172307538235635,7.172307538235635,,,1,,995,917
global_all,global_all_p000,同時,國會,U,29,29,53,4674,107706,107706,53,4674,4.656357616844541,4.656357616844541,,,1,,996,1657
global_all,global_all_p000,君主,民主,U,29,29,500,1360,107706,107706,500,1360,3.199544869390776,3.199544869390776,,,1,,997,2125
global_all,global_all_p000,君主立憲,贊成,U,29,29,72,429,107706,107706,72,429,7.659961251248707,7.659961251248707,,,1,,998,810
global_all,global_all_p000,商會,聯合會,U,29,29,55,144,107706,107706,55,144,9.623435375223593,9.623435375223593,,,1,,999,439
global_all,global_all_p000,問題,選舉,U,29,29,2410,2186,107706,107706,2410,2186,0.24582497340133655,0.24582497340133655,,,1,,1000,2586
global_all,global_all_p000,國利,民福,U,29,29,29,29,107706,107706,29,29,12.858758099935422,12.858758099935422,,,1,,1001,59
global_all,global_all_p000,國情,適合,U,29,29,45,29,107706,107706,45,29,12.224885998733319,12.224885998733319,,,1,,1002,110
global_all,global_all_p000,國民大會,行使,U,29,29,594,412,107706,107706,594,412,4.673900442206581,4.673900442206581,,,1,,1003,1653
global_all,global_all_p000,國體,變更,U,29,29,155,198,107706,107706,155,198,7.669239064836718,7.669239064836718,,,1,,1004,807
global_all,global_all_p000,報告,大會,U,29,29,373,790,107706,107706,373,790,4.405979426870862,4.405979426870862,,,1,,1005,1735
global_all,global_all_p000,外交,總長,U,29,29,275,87,107706,107706,275,87,8.028488785929815,8.028488785929815,,,1,,1006,711
global_all,global_all_p000,外省,官制,U,29,29,29,357,107706,107706,29,357,9.236958831033894,9.236958831033894,,,1,,1007,492
global_all,global_all_p000,實進會,憲政,U,29,29,29,5608,107706,107706,29,5608,5.26346846105237,5.26346846105237,,,1,,1008,1501
global_all,global_all_p000,常軌,憲政,U,29,29,29,5608,107706,107706,29,5608,5.26346846105237,5.26346846105237,,,1,,1009,1502
global_all,global_all_p000,建國,綱領,U,29,29,460,47,107706,107706,460,47,8.174641187568552,8.174641187568552,,,1,,1010,682
global_all,global_all_p000,恭摺,情形,U,29,29,91,418,107706,107706,91,418,7.3595663179109865,7.3595663179109865,,,1,,1011,870
global_all,global_all_p000,憲,政體,U,29,29,213,632,107706,107706,213,632,5.536229721787624,5.536229721787624,,,1,,1012,1408
global_all,global_all_p000,憲,省,U,29,29,213,2760,107706,107706,213,2760,3.4095579182991953,3.4095579182991953,,,1,,1013,2067
global_all,global_all_p000,憲政編查館,核議,U,29,29,853,29,107706,107706,853,29,7.980337163744703,7.980337163744703,,,1,,1014,732
global_all,global_all_p000,拒,賄,U,29,29,29,55,107706,107706,29,55,11.935379381538333,11.935379381538333,,,1,,1015,137
global_all,global_all_p000,方法,進行,U,29,29,160,385,107706,107706,160,385,6.664077359720939,6.664077359720939,,,1,,1016,1090
global_all,global_all_p000,時期,約法,U,29,29,832,269,107706,107706,832,269,4.8028180094928485,4.8028180094928485,,,1,,1017,1619
global_all,global_all_p000,普通,立法,U,29,29,134,769,107706,107706,134,769,5.9217911117709665,5.9217911117709665,,,1,,1018,1310
global_all,global_all_p000,機關,造法,U,29,29,1065,29,107706,107706,1065,29,7.660101379949793,7.660101379949793,,,1,,1019,809
global_all,global_all_p000,民意,眞正,U,29,29,296,51,107706,107706,296,51,8.69284138259012,8.69284138259012,,,1,,1020,605
global_all,global_all_p000,法定,職業,U,29,29,529,138,107706,107706,529,138,6.41907172129837,6.41907172129837,,,1,,1021,1174
global_all,global_all_p000,特約,路透電,U,29,29,45,68,107706,107706,45,68,10.99540415261055,10.99540415261055,,,1,,1022,218
global_all,global_all_p000,省制,適用,U,29,29,183,53,107706,107706,183,53,9.331099797343324,9.331099797343324,,,1,,1023,480
global_all,global_all_p000,第三,開,U,29,29,47,1666,107706,107706,47,1666,6.31795855314738,6.31795855314738,,,1,,1024,1196
global_all,global_all_p000,緊急,處分,U,29,29,127,29,107706,107706,127,29,10.728054408290827,10.728054408290827,,,1,,1025,265
global_all,global_all_p000,習慣,風俗,U,29,29,29,29,107706,107706,29,29,12.858758099935422,12.858758099935422,,,1,,1026,60
global_all,global_all_p000,衆議院,議長,U,29,29,257,664,107706,107706,257,664,5.194056109649762,5.194056109649762,,,1,,1027,1536
global_all,global_all_p000,認眞,辦理,U,29,29,29,354,107706,107706,29,354,9.249133544979996,9.249133544979996,,,1,,1028,490
global_all,global_all_p000,議員,黨,U,29,29,2706,378,107706,107706,2706,378,2.6105315419929553,2.6105315419929553,,,1,,1029,2264
global_all,global_all_p000,三民主義,實行,U,28,28,226,1206,107706,107706,226,1206,4.467900862805324,4.467900862805324,,,1,,1030,1713
global_all,global_all_p000,不足,法數,U,28,28,281,28,107706,107706,281,28,9.582312774842066,9.582312774842066,,,1,,1031,445
global_all,global_all_p000,主席,吳景濓,U,28,28,901,28,107706,107706,901,28,7.901355799249455,7.901355799249455,,,1,,1032,766
global_all,global_all_p000,二百,元,U,28,28,59,144,107706,107706,59,144,9.471525966316444,9.471525966316444,,,1,,1033,458
global_all,global_all_p000,人,流會,U,28,28,2114,61,107706,107706,2114,61,5.547597018175027,5.547597018175027,,,1,,1034,1404
global_all,global_all_p000,促進,實施,U,28,28,110,1250,107706,107706,110,1250,5.455021924046489,5.455021924046489,,,1,,1035,1440
global_all,global_all_p000,內閣,辭職,U,28,28,912,90,107706,107706,912,90,6.19935090662618,6.19935090662618,,,1,,1036,1244
global_all,global_all_p000,兩院,常會,U,28,28,490,86,107706,107706,490,86,7.161191323415928,7.161191323415928,,,1,,1037,919
global_all,global_all_p000,公民,舉行,U,28,28,182,405,107706,107706,182,405,6.354521279149914,6.354521279149914,,,1,,1038,1190
global_all,global_all_p000,共和國,民主,U,28,28,94,1360,107706,107706,94,1360,5.560114229305258,5.560114229305258,,,1,,1039,1398
global_all,global_all_p000,出洋,考察,U,28,28,52,358,107706,107706,52,358,8.339838521715249,8.339838521715249,,,1,,1040,655
global_all,global_all_p000,制憲,理財委員會,U,28,28,2467,28,107706,107706,2467,28,6.44819709476287,6.44819709476287,,,1,,1041,1165
global_all,global_all_p000,副院長,院長,U,28,28,28,245,107706,107706,28,245,9.780101156060422,9.780101156060422,,,1,,1042,409
global_all,global_all_p000,加入,條件,U,28,28,372,125,107706,107706,372,125,7.019150921350478,7.019150921350478,,,1,,1043,952
global_all,global_all_p000,北京,十二鐘,U,28,28,881,28,107706,107706,881,28,7.933740886142579,7.933740886142579,,,1,,1044,755
global_all,global_all_p000,反對,省憲,U,28,28,513,185,107706,107706,513,185,5.989897540997231,5.989897540997231,,,1,,1045,1296
global_all,global_all_p000,司法,次長,U,28,28,710,28,107706,107706,710,28,8.245063880670948,8.245063880670948,,,1,,1046,672
global_all,global_all_p000,地方,完成,U,28,28,2327,666,107706,107706,2327,666,1.9604601546439864,1.9604601546439864,,,1,,1047,2382
global_all,global_all_p000,地方,審判廳,U,28,28,2327,152,107706,107706,2327,152,4.091911008271663,4.091911008271663,,,1,,1048,1831
global_all,global_all_p000,大會,提出,U,28,28,790,851,107706,107706,790,851,3.165369852370169,3.165369852370169,,,1,,1049,2135
global_all,global_all_p000,孫科,立法院長,U,28,28,46,28,107706,107706,46,28,12.19317713900598,12.19317713900598,,,1,,1050,115
global_all,global_all_p000,密切,關係,U,28,28,28,392,107706,107706,28,392,9.102029250947785,9.102029250947785,,,1,,1051,528
global_all,global_all_p000,實施,綱要,U,28,28,1250,56,107706,107706,1250,56,6.429026715513544,6.429026715513544,,,1,,1052,1173
global_all,global_all_p000,實行,自治,U,28,28,1206,2019,107706,107706,1206,2019,1.308654629889039,1.308654629889039,,,1,,1053,2482
global_all,global_all_p000,實行,預備,U,28,28,1206,1473,107706,107706,1206,1473,1.7635381101846632,1.7635381101846632,,,1,,1054,2415
global_all,global_all_p000,審判,級,U,28,28,47,134,107706,107706,47,134,9.903415974985187,9.903415974985187,,,1,,1055,391
global_all,global_all_p000,審判廳,高等,U,28,28,152,28,107706,107706,152,28,10.468811581619407,10.468811581619407,,,1,,1056,302
global_all,global_all_p000,審議,憲法,U,28,28,60,14834,107706,107706,60,14834,2.760583367835233,2.760583367835233,,,1,,1057,2224
global_all,global_all_p000,尚未,憲法,U,28,28,45,14834,107706,107706,45,14834,3.1756208671140773,3.1756208671140773,,,1,,1058,2132
global_all,global_all_p000,建國,革命,U,28,28,460,229,107706,107706,460,229,5.839400178079278,5.839400178079278,,,1,,1059,1332
global_all,global_all_p000,思想,政治,U,28,28,28,1586,107706,107706,28,1586,7.085562039359014,7.085562039359014,,,1,,1060,936
global_all,global_all_p000,憲政,日本,U,28,28,5608,232,107706,107706,5608,232,2.212842387982402,2.212842387982402,,,1,,1061,2332
global_all,global_all_p000,憲政,英國,U,28,28,5608,28,107706,107706,5608,28,5.26346846105237,5.26346846105237,,,1,,1062,1509
global_all,global_all_p000,憲政,進入,U,28,28,5608,28,107706,107706,5608,28,5.26346846105237,5.26346846105237,,,1,,1063,1513
global_all,global_all_p000,憲政編查館,查核,U,28,28,853,28,107706,107706,853,28,7.980337163744703,7.980337163744703,,,1,,1064,729
global_all,global_all_p000,憲法,承認,U,28,28,14834,137,107706,107706,14834,137,1.5694418804832249,1.5694418804832249,,,1,,1065,2446
global_all,global_all_p000,憲法,第一百二十六條,U,28,28,14834,28,107706,107706,14834,28,3.8601190413861475,3.8601190413861475,,,1,,1066,1908
global_all,global_all_p000,憲法,綱要,U,28,28,14834,56,107706,107706,14834,56,2.8601190413861475,2.8601190413861475,,,1,,1067,2200
global_all,global_all_p000,成命,收回,U,28,28,28,59,107706,107706,28,59,11.834096045701152,11.834096045701152,,,1,,1068,145
global_all,global_all_p000,損益,斟酌,U,28,28,28,28,107706,107706,28,28,12.909384173005389,12.909384173005389,,,1,,1069,57
global_all,global_all_p000,政治,獨裁,U,28,28,1586,44,107706,107706,1586,44,6.4334853427793215,6.4334853427793215,,,1,,1070,1172
global_all,global_all_p000,政治,議院,U,28,28,1586,174,107706,107706,1586,174,4.44997346556789,4.44997346556789,,,1,,1071,1720
global_all,global_all_p000,正式,開會,U,28,28,572,1008,107706,107706,572,1008,3.386942756842291,3.386942756842291,,,1,,1072,2076
global_all,global_all_p000,注意,特別,U,28,28,62,119,107706,107706,62,119,9.675079943425779,9.675079943425779,,,1,,1073,434
global_all,global_all_p000,現狀,維持,U,28,28,28,253,107706,107706,28,253,9.733745520368682,9.733745520368682,,,1,,1074,425
global_all,global_all_p000,章程,辦事,U,28,28,135,52,107706,107706,135,52,9.746838701928674,9.746838701928674,,,1,,1075,419
global_all,global_all_p000,罷免,選舉,U,28,28,46,2186,107706,107706,46,2186,5.90645437539168,5.90645437539168,,,1,,1076,1315
global_all,global_all_p000,諮議局,選舉,U,28,28,741,2186,107706,107706,741,2186,1.8966865991428588,1.8966865991428588,,,1,,1077,2394
global_all,global_all_p000,議員,議會,U,28,28,2706,934,107706,107706,2706,934,1.254869153434398,1.254869153434398,,,1,,1078,2494
global_all,global_all_p000,議員,賄選,U,28,28,2706,47,107706,107706,2706,47,5.567559041466422,5.567559041466422,,,1,,1079,1394
global_all,global_all_p000,議員,選,U,28,28,2706,102,107706,107706,2706,102,4.449722551172564,4.449722551172564,,,1,,1080,1721
global_all,global_all_p000,三鐘,香港,U,27,27,70,43,107706,107706,70,43,10.916078825579397,10.916078825579397,,,1,,1081,235
global_all,global_all_p000,不可,國會,U,27,27,370,4674,107706,107706,370,4674,1.749803117927324,1.749803117927324,,,1,,1082,2421
global_all,global_all_p000,中國,前途,U,27,27,601,391,107706,107706,601,391,4.629380619207923,4.629380619207923,,,1,,1083,1667
global_all,global_all_p000,中國,民主,U,27,27,601,1360,107706,107706,601,1360,2.8310144803775743,2.8310144803775743,,,1,,1084,2207
global_all,global_all_p000,主席,國民政府,U,27,27,901,27,107706,107706,901,27,7.901355799249455,7.901355799249455,,,1,,1085,768
global_all,global_all_p000,事項,討論,U,27,27,82,1212,107706,107706,82,1212,5.870900609135427,5.870900609135427,,,1,,1086,1323
global_all,global_all_p000,人,四十,U,27,27,2114,27,107706,107706,2114,27,6.67097943368031,6.67097943368031,,,1,,1087,1081
global_all,global_all_p000,人數,制憲,U,27,27,588,2467,107706,107706,588,2467,2.0034122520899738,2.0034122520899738,,,1,,1088,2376
global_all,global_all_p000,人權,保障,U,27,27,46,227,107706,107706,46,227,9.121516153878533,9.121516153878533,,,1,,1089,526
global_all,global_all_p000,人民,生活,U,27,27,1912,75,107706,107706,1912,75,5.341941098749832,5.341941098749832,,,1,,1090,1480
global_all,global_all_p000,代表,推,U,27,27,1409,46,107706,107706,1409,46,6.487608744859812,6.487608744859812,,,1,,1091,1137
global_all,global_all_p000,促進,委會,U,27,27,110,49,107706,107706,110,49,10.075557039586593,10.075557039586593,,,1,,1092,367
global_all,global_all_p000,候補,當選人,U,27,27,61,50,107706,107706,61,50,10.89703306988885,10.89703306988885,,,1,,1093,236
global_all,global_all_p000,兩,界,U,27,27,1847,27,107706,107706,1847,27,6.8657709440805545,6.8657709440805545,,,1,,1094,1000
global_all,global_all_p000,共同,制憲,U,27,27,135,2467,107706,107706,135,2467,4.126268999875507,4.126268999875507,,,1,,1095,1818
global_all,global_all_p000,出席費,制憲,U,27,27,27,2467,107706,107706,27,2467,6.44819709476287,6.44819709476287,,,1,,1096,1162
global_all,global_all_p000,出版,自由,U,27,27,74,606,107706,107706,74,606,7.018999248124561,7.018999248124561,,,1,,1097,953
global_all,global_all_p000,分治,軍民,U,27,27,27,101,107706,107706,27,101,11.058527612311199,11.058527612311199,,,1,,1098,215
global_all,global_all_p000,切實,預備,U,27,27,83,1473,107706,107706,83,1473,5.572045450843688,5.572045450843688,,,1,,1099,1392
global_all,global_all_p000,制定,省自治法,U,27,27,1521,42,107706,107706,1521,42,6.5085047367232045,6.5085047367232045,,,1,,1100,1129
global_all,global_all_p000,制度,國,U,27,27,1018,2370,107706,107706,1018,2370,1.2694334073651448,1.2694334073651448,,,1,,1101,2490
global_all,global_all_p000,協進會,實施,U,27,27,77,1250,107706,107706,77,1250,5.917127676982111,5.917127676982111,,,1,,1102,1312
global_all,global_all_p000,君主,立憲國,U,27,27,500,27,107706,107706,500,27,8.750954810400906,8.750954810400906,,,1,,1103,596
global_all,global_all_p000,國家,立法,U,27,27,1683,769,107706,107706,1683,769,2.167967347934686,2.167967347934686,,,1,,1104,2343
global_all,global_all_p000,國家,鞏固,U,27,27,1683,53,107706,107706,1683,53,6.0268866813333135,6.0268866813333135,,,1,,1105,1282
global_all,global_all_p000,國憲,抵觸,U,27,27,69,127,107706,107706,69,127,9.374417453676127,9.374417453676127,,,1,,1106,474
global_all,global_all_p000,國會,期限,U,27,27,4674,43,107706,107706,4674,43,4.854919823741538,4.854919823741538,,,1,,1107,1606
global_all,global_all_p000,地方,憲法,U,27,27,2327,14834,107706,107706,2327,14834,-2.5692489518557324,0,,,1,,1108,2658
global_all,global_all_p000,執行,委員,U,27,27,148,502,107706,107706,148,502,6.29062967764674,6.29062967764674,,,1,,1109,1214
global_all,global_all_p000,增修,約法,U,27,27,27,269,107706,107706,27,269,9.64527673250637,9.64527673250637,,,1,,1110,437
global_all,global_all_p000,大會,舉行,U,27,27,790,405,107706,107706,790,405,4.184139656390009,4.184139656390009,,,1,,1111,1798
global_all,global_all_p000,市,縣,U,27,27,156,946,107706,107706,156,946,5.300528005024818,5.300528005024818,,,1,,1112,1490
global_all,global_all_p000,建國,戡亂,U,27,27,460,67,107706,107706,460,67,7.560047355824314,7.560047355824314,,,1,,1113,831
global_all,global_all_p000,強迫,敎育,U,27,27,42,404,107706,107706,42,404,8.421097691695905,8.421097691695905,,,1,,1114,641
global_all,global_all_p000,意見,紛歧,U,27,27,497,27,107706,107706,497,27,8.759637053500708,8.759637053500708,,,1,,1115,594
global_all,global_all_p000,憲政編查館,民政部,U,27,27,853,51,107706,107706,853,51,7.062799323936676,7.062799323936676,,,1,,1116,943
global_all,global_all_p000,憲政編查館,覆核,U,27,27,853,27,107706,107706,853,27,7.980337163744703,7.980337163744703,,,1,,1117,733
global_all,global_all_p000,憲法,程序,U,27,27,14834,210,107706,107706,14834,210,0.9007610258834936,0.9007610258834936,,,1,,1118,2540
global_all,global_all_p000,憲法,維護,U,27,27,14834,27,107706,107706,14834,27,3.8601190413861475,3.8601190413861475,,,1,,1119,1918
global_all,global_all_p000,擬,章程,U,27,27,410,135,107706,107706,410,135,6.7153309006701845,6.7153309006701845,,,1,,1120,1045
global_all,global_all_p000,擴大,政府,U,27,27,27,2457,107706,107706,27,2457,6.454056952700828,6.454056952700828,,,1,,1121,1152
global_all,global_all_p000,概括,規定,U,27,27,48,1207,107706,107706,48,1207,6.649454135750284,6.649454135750284,,,1,,1122,1094
global_all,global_all_p000,機關,設,U,27,27,1065,409,107706,107706,1065,409,3.7390318491715124,3.7390318491715124,,,1,,1123,1973
global_all,global_all_p000,清理,財政局,U,27,27,145,27,107706,107706,145,27,10.536830005048058,10.536830005048058,,,1,,1124,288
global_all,global_all_p000,組織,臨時政府,U,27,27,1294,49,107706,107706,1294,49,6.519294851118746,6.519294851118746,,,1,,1125,1125
global_all,global_all_p000,結果,選舉,U,27,27,236,2186,107706,107706,236,2186,3.4949058621927156,3.4949058621927156,,,1,,1126,2043
global_all,global_all_p000,經費,自治,U,27,27,436,2019,107706,107706,436,2019,2.724017077118062,2.724017077118062,,,1,,1127,2234
global_all,global_all_p000,總統,繼任,U,27,27,1739,45,107706,107706,1739,45,6.2157312835902,6.2157312835902,,,1,,1128,1234
global_all,global_all_p000,英,駐,U,27,27,759,94,107706,107706,759,94,6.349081670133358,6.349081670133358,,,1,,1129,1194
global_all,global_all_p000,訓政,開始,U,27,27,700,315,107706,107706,700,315,4.721207467006854,4.721207467006854,,,1,,1130,1640
global_all,global_all_p000,詳細,調查,U,27,27,124,164,107706,107706,124,164,8.159878282221502,8.159878282221502,,,1,,1131,685
global_all,global_all_p000,七鐘,北京,U,26,26,26,881,107706,107706,26,881,7.933740886142579,7.933740886142579,,,1,,1132,751
global_all,global_all_p000,三百餘,人,U,26,26,26,2114,107706,107706,26,2114,6.67097943368031,6.67097943368031,,,1,,1133,1058
global_all,global_all_p000,中央,行政,U,26,26,276,1473,107706,107706,276,1473,3.7841126413900668,3.7841126413900668,,,1,,1134,1957
global_all,global_all_p000,五十餘,人,U,26,26,26,2114,107706,107706,26,2114,6.67097943368031,6.67097943368031,,,1,,1135,1065
global_all,global_all_p000,人,十六,U,26,26,2114,26,107706,107706,2114,26,6.67097943368031,6.67097943368031,,,1,,1136,1077
global_all,global_all_p000,人士,政界,U,26,26,113,57,107706,107706,113,57,9.764109836624156,9.764109836624156,,,1,,1137,415
global_all,global_all_p000,人數,憲法會議,U,26,26,588,865,107706,107706,588,865,3.4609501458436336,3.4609501458436336,,,1,,1138,2053
global_all,global_all_p000,人民,地方,U,26,26,1912,2327,107706,107706,1912,2327,0.33205650981798807,0.33205650981798807,,,1,,1139,2578
global_all,global_all_p000,人民,德國,U,26,26,1912,26,107706,107706,1912,26,6.815872287082245,6.815872287082245,,,1,,1140,1017
global_all,global_all_p000,仰祈,聖鑒,U,26,26,51,144,107706,107706,51,144,9.574828469790278,9.574828469790278,,,1,,1141,446
global_all,global_all_p000,全體,閣員,U,26,26,503,61,107706,107706,503,61,7.512026885835672,7.512026885835672,,,1,,1142,836
global_all,global_all_p000,兩,憲法,U,26,26,1847,14834,107706,107706,1847,14834,-2.2904093914551984,0,,,1,,1143,2656
global_all,global_all_p000,共和,憲政,U,26,26,587,5608,107706,107706,587,5608,0.7666914860834098,0.7666914860834098,,,1,,1144,2556
global_all,global_all_p000,初稿,憲法草案,U,26,26,91,86,107706,107706,91,86,9.483119418303291,9.483119418303291,,,1,,1145,457
global_all,global_all_p000,制度,行政,U,26,26,1018,1473,107706,107706,1018,1473,1.9011152520925405,1.9011152520925405,,,1,,1146,2393
global_all,global_all_p000,制度,議會,U,26,26,1018,934,107706,107706,1018,934,2.5583782274187277,2.5583782274187277,,,1,,1147,2274
global_all,global_all_p000,副總統,黎,U,26,26,322,106,107706,107706,322,106,7.358341480526269,7.358341480526269,,,1,,1148,871
global_all,global_all_p000,協商會,憲法,U,26,26,26,14834,107706,107706,26,14834,3.8601190413861475,3.8601190413861475,,,1,,1149,1889
global_all,global_all_p000,印度,英屬,U,26,26,280,26,107706,107706,280,26,9.587456078118027,9.587456078118027,,,1,,1150,444
global_all,global_all_p000,印書館,商務,U,26,26,26,116,107706,107706,26,116,10.858758099935422,10.858758099935422,,,1,,1151,244
global_all,global_all_p000,參政權,女子,U,26,26,26,73,107706,107706,26,73,11.526914536182975,11.526914536182975,,,1,,1152,165
global_all,global_all_p000,召集,議員,U,26,26,858,2706,107706,107706,858,2706,1.2703988517280025,1.2703988517280025,,,1,,1153,2488
global_all,global_all_p000,君,民,U,26,26,68,169,107706,107706,68,169,8.92883653567156,8.92883653567156,,,1,,1154,562
global_all,global_all_p000,咨請,政府,U,26,26,44,2457,107706,107706,44,2457,5.695065052204623,5.695065052204623,,,1,,1155,1366
global_all,global_all_p000,商會,國,U,26,26,55,2370,107706,107706,55,2370,5.425147755893804,5.425147755893804,,,1,,1156,1453
global_all,global_all_p000,問題,經費,U,26,26,2410,436,107706,107706,2410,436,2.4141770573098347,2.4141770573098347,,,1,,1157,2304
global_all,global_all_p000,問題,自治,U,26,26,2410,2019,107706,107706,2410,2019,0.20293618675528777,0.20293618675528777,,,1,,1158,2591
global_all,global_all_p000,困難,財政,U,26,26,26,465,107706,107706,26,465,8.8556521890676,8.8556521890676,,,1,,1159,575
global_all,global_all_p000,國基,鞏固,U,26,26,41,53,107706,107706,41,53,11.331706354022803,11.331706354022803,,,1,,1160,192
global_all,global_all_p000,國家,新,U,26,26,1683,3317,107706,107706,1683,3317,0.004696055086114075,0.004696055086114075,,,1,,1161,2599
global_all,global_all_p000,國家,組織,U,26,26,1683,1294,107706,107706,1683,1294,1.3627374498816285,1.3627374498816285,,,1,,1162,2476
global_all,global_all_p000,國家,規定,U,26,26,1683,1207,107706,107706,1683,1207,1.4631493911191145,1.4631493911191145,,,1,,1163,2465
global_all,global_all_p000,國會,年限,U,26,26,4674,48,107706,107706,4674,48,4.641774293700104,4.641774293700104,,,1,,1164,1661
global_all,global_all_p000,國會,要求,U,26,26,4674,173,107706,107706,4674,173,2.792108566784535,2.792108566784535,,,1,,1165,2219
global_all,global_all_p000,地方,權限,U,26,26,2327,26,107706,107706,2327,26,6.5324835996576445,6.5324835996576445,,,1,,1166,1119
global_all,global_all_p000,報告,畢,U,26,26,373,59,107706,107706,373,59,7.991503943587006,7.991503943587006,,,1,,1167,716
global_all,global_all_p000,報告,議長,U,26,26,373,664,107706,107706,373,664,4.499107561601923,4.499107561601923,,,1,,1168,1704
global_all,global_all_p000,大會,慶祝,U,26,26,790,174,107706,107706,790,174,5.348526474290892,5.348526474290892,,,1,,1169,1478
global_all,global_all_p000,大會,決定,U,26,26,790,354,107706,107706,790,354,4.323864420056623,4.323864420056623,,,1,,1170,1761
global_all,global_all_p000,大綱,組織,U,26,26,240,1294,107706,107706,240,1294,4.172666315603059,4.172666315603059,,,1,,1171,1805
global_all,global_all_p000,天下,臣民,U,26,26,26,77,107706,107706,26,77,11.449952554368092,11.449952554368092,,,1,,1172,173
global_all,global_all_p000,審查,審查會,U,26,26,314,131,107706,107706,314,131,7.089135062775008,7.089135062775008,,,1,,1173,933
global_all,global_all_p000,州縣,廳,U,26,26,26,369,107706,107706,26,369,9.189262089002597,9.189262089002597,,,1,,1174,507
global_all,global_all_p000,憲政,編查,U,26,26,5608,26,107706,107706,5608,26,5.26346846105237,5.26346846105237,,,1,,1175,1507
global_all,global_all_p000,憲政編查館,遵照,U,26,26,853,150,107706,107706,853,150,5.451958191389914,5.451958191389914,,,1,,1176,1447
global_all,global_all_p000,憲法,效力,U,26,26,14834,192,107706,107706,14834,192,0.9755962588060837,0.9755962588060837,,,1,,1177,2530
global_all,global_all_p000,憲法,自治,U,26,26,14834,2019,107706,107706,14834,2019,-2.4188664358042336,0,,,1,,1178,2657
global_all,global_all_p000,提前,趕辦,U,26,26,84,26,107706,107706,84,26,11.324421672284233,11.324421672284233,,,1,,1179,195
global_all,global_all_p000,擁護,政府,U,26,26,242,2457,107706,107706,242,2457,3.2356334335673256,3.2356334335673256,,,1,,1180,2120
global_all,global_all_p000,擬,辦法,U,26,26,410,241,107706,107706,410,241,5.824809377468678,5.824809377468678,,,1,,1181,1335
global_all,global_all_p000,政府,民選,U,26,26,2457,240,107706,107706,2457,240,3.247606075233402,3.247606075233402,,,1,,1182,2115
global_all,global_all_p000,新,議會,U,26,26,3317,934,107706,107706,3317,934,0.8542367767064011,0.8542367767064011,,,1,,1183,2546
global_all,global_all_p000,方面,消息,U,26,26,262,73,107706,107706,262,73,8.193931252786617,8.193931252786617,,,1,,1184,680
global_all,global_all_p000,會議,聯合,U,26,26,642,113,107706,107706,642,113,6.270570363666594,6.270570363666594,,,1,,1185,1221
global_all,global_all_p000,林,議長,U,26,26,47,664,107706,107706,47,664,7.487550530179523,7.487550530179523,,,1,,1186,841
global_all,global_all_p000,民選,議員,U,26,26,240,2706,107706,107706,240,2706,3.1083420936190294,3.1083420936190294,,,1,,1187,2150
global_all,global_all_p000,決議,通過,U,26,26,91,841,107706,107706,91,841,6.193422182750244,6.193422182750244,,,1,,1188,1245
global_all,global_all_p000,現役,軍人,U,26,26,26,26,107706,107706,26,26,13.016299376921902,13.016299376921902,,,1,,1189,56
global_all,global_all_p000,當選,總統,U,26,26,72,1739,107706,107706,72,1739,5.483211594455185,5.483211594455185,,,1,,1190,1431
global_all,global_all_p000,省,財政,U,26,26,2760,465,107706,107706,2760,465,2.12563935554316,2.12563935554316,,,1,,1191,2352
global_all,global_all_p000,省,選舉,U,26,26,2760,2186,107706,107706,2760,2186,-0.10735142413335087,0,,,1,,1192,2606
global_all,global_all_p000,督,裁兵,U,26,26,110,160,107706,107706,110,160,8.313891004792064,8.313891004792064,,,1,,1193,659
global_all,global_all_p000,立憲,頒布,U,26,26,4911,323,107706,107706,4911,323,1.8199873513148506,1.8199873513148506,,,1,,1194,2407
global_all,global_all_p000,立法,議會,U,26,26,769,934,107706,107706,769,934,2.9630602855325967,2.9630602855325967,,,1,,1195,2181
global_all,global_all_p000,立法院,通過,U,26,26,166,841,107706,107706,166,841,5.326177391602016,5.326177391602016,,,1,,1196,1485
global_all,global_all_p000,總統,選舉會,U,26,26,1739,26,107706,107706,1739,26,6.952696877756406,6.952696877756406,,,1,,1197,982
global_all,global_all_p000,臣民,薄海,U,26,26,77,26,107706,107706,77,26,11.449952554368092,11.449952554368092,,,1,,1198,176
global_all,global_all_p000,議員,議長,U,26,26,2706,664,107706,107706,2706,664,1.6401932578806233,1.6401932578806233,,,1,,1199,2433
global_all,global_all_p000,議員,賄,U,26,26,2706,55,107706,107706,2706,55,5.233872975702888,5.233872975702888,,,1,,1200,1522
global_all,global_all_p000,開會,集議,U,26,26,1008,26,107706,107706,1008,26,7.739459171563077,7.739459171563077,,,1,,1201,797
global_all,global_all_p000,三民主義,共和國,U,25,25,226,94,107706,107706,226,94,7.985827470744892,7.985827470744892,,,1,,1202,718
global_all,global_all_p000,上海,總商會,U,25,25,86,45,107706,107706,86,45,10.442477433805944,10.442477433805944,,,1,,1203,303
global_all,global_all_p000,世界,潮流,U,25,25,155,25,107706,107706,155,25,10.440614689788756,10.440614689788756,,,1,,1204,306
global_all,global_all_p000,丙辰,俱樂部,U,25,25,25,108,107706,107706,25,108,10.961851592899524,10.961851592899524,,,1,,1205,222
global_all,global_all_p000,中華民國,第一條,U,25,25,73,61,107706,107706,73,61,10.240033388394814,10.240033388394814,,,1,,1206,335
global_all,global_all_p000,主席,國府,U,25,25,901,25,107706,107706,901,25,7.901355799249455,7.901355799249455,,,1,,1207,767
global_all,global_all_p000,主義,民族,U,25,25,430,94,107706,107706,430,94,7.05781358357062,7.05781358357062,,,1,,1208,944
global_all,global_all_p000,人數,議員,U,25,25,588,2706,107706,107706,588,2706,1.7589768160248163,1.7589768160248163,,,1,,1209,2418
global_all,global_all_p000,人民,要求,U,25,25,1912,173,107706,107706,1912,173,4.025100249220245,4.025100249220245,,,1,,1210,1842
global_all,global_all_p000,代表,諸君,U,25,25,1409,57,107706,107706,1409,57,6.06724937436334,6.06724937436334,,,1,,1211,1271
global_all,global_all_p000,仰祈,恭摺,U,25,25,51,91,107706,107706,51,91,10.180375302667526,10.180375302667526,,,1,,1212,347
global_all,global_all_p000,內閣制,責任,U,25,25,25,114,107706,107706,25,114,10.883849080898251,10.883849080898251,,,1,,1213,238
global_all,global_all_p000,兩,層,U,25,25,1847,25,107706,107706,1847,25,6.8657709440805545,6.8657709440805545,,,1,,1214,999
global_all,global_all_p000,兩,級,U,25,25,1847,134,107706,107706,1847,134,4.443537943397507,4.443537943397507,,,1,,1215,1726
global_all,global_all_p000,公布,正式,U,25,25,512,572,107706,107706,512,572,4.200723948059328,4.200723948059328,,,1,,1216,1794
global_all,global_all_p000,公民,省,U,25,25,182,2760,107706,107706,182,2760,3.42234809297349,3.42234809297349,,,1,,1217,2065
global_all,global_all_p000,刑法,民法,U,25,25,25,80,107706,107706,25,80,11.39481100017563,11.39481100017563,,,1,,1218,183
global_all,global_all_p000,創,手,U,25,25,25,61,107706,107706,25,61,11.786001757500106,11.786001757500106,,,1,,1219,148
global_all,global_all_p000,十三,州,U,25,25,45,654,107706,107706,45,654,7.51559536300996,7.51559536300996,,,1,,1220,835
global_all,global_all_p000,印度,憲政,U,25,25,280,5608,107706,107706,280,5608,1.778041633882128,1.778041633882128,,,1,,1221,2412
global_all,global_all_p000,反對,國會,U,25,25,513,4674,107706,107706,513,4674,1.1673382504478382,1.1673382504478382,,,1,,1222,2507
global_all,global_all_p000,反對,新,U,25,25,513,3317,107706,107706,513,3317,1.6621169724426414,1.6621169724426414,,,1,,1223,2431
global_all,global_all_p000,名額,議員,U,25,25,77,2706,107706,107706,77,2706,4.69186262016628,4.69186262016628,,,1,,1224,1648
global_all,global_all_p000,君主,國體,U,25,25,500,155,107706,107706,500,155,6.118686594901393,6.118686594901393,,,1,,1225,1258
global_all,global_all_p000,國,財政,U,25,25,2370,465,107706,107706,2370,465,2.2888370350567024,2.2888370350567024,,,1,,1226,2321
global_all,global_all_p000,國家,謀,U,25,25,1683,213,107706,107706,1683,213,3.9090662032819306,3.9090662032819306,,,1,,1227,1865
global_all,global_all_p000,國家化,軍隊,U,25,25,25,40,107706,107706,25,40,12.39481100017563,12.39481100017563,,,1,,1228,98
global_all,global_all_p000,國會,自身,U,25,25,4674,25,107706,107706,4674,25,5.5262970762801675,5.5262970762801675,,,1,,1229,1413
global_all,global_all_p000,國民,生計,U,25,25,1096,45,107706,107706,1096,45,6.770710105547516,6.770710105547516,,,1,,1230,1031
global_all,global_all_p000,執行,職務,U,25,25,148,40,107706,107706,148,40,9.829213824321405,9.829213824321405,,,1,,1231,401
global_all,global_all_p000,大典,皇室,U,25,25,25,125,107706,107706,25,125,10.750954810400906,10.750954810400906,,,1,,1232,257
global_all,global_all_p000,大會,提交,U,25,25,790,82,107706,107706,790,82,6.377334437155168,6.377334437155168,,,1,,1233,1182
global_all,global_all_p000,委員,政府,U,25,25,502,2457,107706,107706,502,2457,2.126369588524781,2.126369588524781,,,1,,1234,2351
global_all,global_all_p000,完成,民主,U,25,25,666,1360,107706,107706,666,1360,2.571825981628754,2.571825981628754,,,1,,1235,2272
global_all,global_all_p000,完成,立法,U,25,25,666,769,107706,107706,666,769,3.394377129804629,3.394377129804629,,,1,,1236,2073
global_all,global_all_p000,官僚,政客,U,25,25,57,25,107706,107706,57,25,11.883849080898251,11.883849080898251,,,1,,1237,140
global_all,global_all_p000,官長,諮議局,U,25,25,61,741,107706,107706,61,741,6.896528214968997,6.896528214968997,,,1,,1238,988
global_all,global_all_p000,建設,新,U,25,25,95,3317,107706,107706,95,3317,4.095076379718748,4.095076379718748,,,1,,1239,1830
global_all,global_all_p000,憲政,時代,U,25,25,5608,312,107706,107706,5608,312,1.6219224319648462,1.6219224319648462,,,1,,1240,2440
global_all,global_all_p000,憲法,機關,U,25,25,14834,1065,107706,107706,14834,1065,-1.5526624839523282,0,,,1,,1241,2652
global_all,global_all_p000,憲法,牴觸,U,25,25,14834,25,107706,107706,14834,25,3.8601190413861475,3.8601190413861475,,,1,,1242,1906
global_all,global_all_p000,憲法,違,U,25,25,14834,25,107706,107706,14834,25,3.8601190413861475,3.8601190413861475,,,1,,1243,1936
global_all,global_all_p000,成立,諮議局,U,25,25,871,741,107706,107706,871,741,3.0607366439330193,3.0607366439330193,,,1,,1244,2160
global_all,global_all_p000,成績,籌備,U,25,25,150,1416,107706,107706,150,1416,4.66417104425884,4.66417104425884,,,1,,1245,1656
global_all,global_all_p000,提出,法律案,U,25,25,851,25,107706,107706,851,25,7.98372377337703,7.98372377337703,,,1,,1246,723
global_all,global_all_p000,政治,方面,U,25,25,1586,262,107706,107706,1586,262,3.6959952275962893,3.6959952275962893,,,1,,1247,1981
global_all,global_all_p000,政治,活動,U,25,25,1586,25,107706,107706,1586,25,7.085562039359014,7.085562039359014,,,1,,1248,938
global_all,global_all_p000,政策,華,U,25,25,122,46,107706,107706,122,46,9.906295991217819,9.906295991217819,,,1,,1249,390
global_all,global_all_p000,新,議員,U,25,25,3317,2706,107706,107706,3317,2706,-0.7370141359268417,0,,,1,,1250,2636
global_all,global_all_p000,會館,石行,U,25,25,25,25,107706,107706,25,25,13.072882905288267,13.072882905288267,,,1,,1251,55
global_all,global_all_p000,機關,監督,U,25,25,1065,185,107706,107706,1065,185,4.772576109208205,4.772576109208205,,,1,,1252,1628
global_all,global_all_p000,權利,臣民,U,25,25,409,77,107706,107706,409,77,7.417851711201068,7.417851711201068,,,1,,1253,856
global_all,global_all_p000,民主,社會黨,U,25,25,1360,111,107706,107706,1360,111,5.15678848234991,5.15678848234991,,,1,,1254,1545
global_all,global_all_p000,決議案,通過,U,25,25,25,841,107706,107706,25,841,8.000777104807849,8.000777104807849,,,1,,1255,715
global_all,global_all_p000,法,總統,U,25,25,466,1739,107706,107706,466,1739,2.7323669228768503,2.7323669228768503,,,1,,1256,2233
global_all,global_all_p000,法治,精神,U,25,25,25,181,107706,107706,25,181,10.216893207979787,10.216893207979787,,,1,,1257,340
global_all,global_all_p000,獨立,菲島,U,25,25,308,25,107706,107706,308,25,9.449952554368092,9.449952554368092,,,1,,1258,459
global_all,global_all_p000,裁兵,討論,U,25,25,160,1212,107706,107706,160,1212,4.7954932064774045,4.7954932064774045,,,1,,1259,1621
global_all,global_all_p000,三十分,十二時,U,24,24,24,40,107706,107706,24,40,12.39481100017563,12.39481100017563,,,1,,1260,96
global_all,global_all_p000,不能,適用,U,24,24,774,53,107706,107706,774,53,6.97759138507654,6.97759138507654,,,1,,1261,970
global_all,global_all_p000,中央,立法,U,24,24,276,769,107706,107706,276,769,4.606337351044154,4.606337351044154,,,1,,1262,1678
global_all,global_all_p000,主義,法西斯,U,24,24,430,24,107706,107706,430,24,8.968546245473533,8.968546245473533,,,1,,1263,556
global_all,global_all_p000,事項,左列,U,24,24,82,24,107706,107706,82,24,11.359187090444909,11.359187090444909,,,1,,1264,190
global_all,global_all_p000,二讀會,開,U,24,24,75,1666,107706,107706,75,1666,5.370710219922721,5.370710219922721,,,1,,1265,1468
global_all,global_all_p000,人,衆,U,24,24,2114,224,107706,107706,2114,224,3.448587012343862,3.448587012343862,,,1,,1266,2056
global_all,global_all_p000,人,討論,U,24,24,2114,1212,107706,107706,2114,1212,1.0127679509285152,1.0127679509285152,,,1,,1267,2524
global_all,global_all_p000,人戶,總數,U,24,24,24,45,107706,107706,24,45,12.224885998733319,12.224885998733319,,,1,,1268,108
global_all,global_all_p000,人民,保護,U,24,24,1912,24,107706,107706,1912,24,6.815872287082245,6.815872287082245,,,1,,1269,1013
global_all,global_all_p000,代表,國家,U,24,24,1409,1683,107706,107706,1409,1683,1.1244262381445636,1.1244262381445636,,,1,,1270,2511
global_all,global_all_p000,修訂,憲法,U,24,24,99,14834,107706,107706,99,14834,1.815724922027694,1.815724922027694,,,1,,1271,2409
global_all,global_all_p000,入手,辦法,U,24,24,24,241,107706,107706,24,241,9.803849758833032,9.803849758833032,,,1,,1272,403
global_all,global_all_p000,內閣,制度,U,24,24,912,1018,107706,107706,912,1018,2.477289735543712,2.477289735543712,,,1,,1273,2290
global_all,global_all_p000,內閣,英,U,24,24,912,759,107706,107706,912,759,2.900855506203941,2.900855506203941,,,1,,1274,2186
global_all,global_all_p000,全體,大會,U,24,24,503,790,107706,107706,503,790,3.701578162914157,3.701578162914157,,,1,,1275,1978
global_all,global_all_p000,兩,美,U,24,24,1847,545,107706,107706,1847,545,2.3606210251374224,2.3606210251374224,,,1,,1276,2312
global_all,global_all_p000,公決,大會,U,24,24,24,790,107706,107706,24,790,8.091030251998527,8.091030251998527,,,1,,1277,704
global_all,global_all_p000,共和,憲政會,U,24,24,587,193,107706,107706,587,193,5.512027865406017,5.512027865406017,,,1,,1278,1420
global_all,global_all_p000,出洋,大臣,U,24,24,52,325,107706,107706,52,325,8.25696596972724,8.25696596972724,,,1,,1279,669
global_all,global_all_p000,制憲,破壞,U,24,24,2467,143,107706,107706,2467,143,3.8732882587056365,3.8732882587056365,,,1,,1280,1873
global_all,global_all_p000,北京,四鐘,U,24,24,881,24,107706,107706,881,24,7.933740886142579,7.933740886142579,,,1,,1281,757
global_all,global_all_p000,北京,民政部,U,24,24,881,51,107706,107706,881,51,6.84627804489224,6.84627804489224,,,1,,1282,1007
global_all,global_all_p000,北京,譯電,U,24,24,881,24,107706,107706,881,24,7.933740886142579,7.933740886142579,,,1,,1283,758
global_all,global_all_p000,南京,快信,U,24,24,277,54,107706,107706,277,54,8.433071927571492,8.433071927571492,,,1,,1284,639
global_all,global_all_p000,句,鐘,U,24,24,24,24,107706,107706,24,24,13.131776594341837,13.131776594341837,,,1,,1285,51
global_all,global_all_p000,召集,開會,U,24,24,858,1008,107706,107706,858,1008,2.579587834784687,2.579587834784687,,,1,,1286,2270
global_all,global_all_p000,合併,討論,U,24,24,122,1212,107706,107706,122,1212,5.127790274748312,5.127790274748312,,,1,,1287,1549
global_all,global_all_p000,同志,黨,U,24,24,24,378,107706,107706,24,378,9.15449667084192,9.15449667084192,,,1,,1288,516
global_all,global_all_p000,同時,憲法,U,24,24,53,14834,107706,107706,53,14834,2.717161087544105,2.717161087544105,,,1,,1289,2236
global_all,global_all_p000,吳,議長,U,24,24,39,664,107706,107706,39,664,7.641259945574976,7.641259945574976,,,1,,1290,814
global_all,global_all_p000,哥斯拉夫,巨,U,24,24,24,24,107706,107706,24,24,13.131776594341837,13.131776594341837,,,1,,1291,52
global_all,global_all_p000,國,民意,U,24,24,2370,296,107706,107706,2370,296,2.881576886369578,2.881576886369578,,,1,,1292,2190
global_all,global_all_p000,國,謀,U,24,24,2370,213,107706,107706,2370,213,3.3563206317726895,3.3563206317726895,,,1,,1293,2086
global_all,global_all_p000,國務院,大總統,U,24,24,24,211,107706,107706,24,211,9.995639906355807,9.995639906355807,,,1,,1294,380
global_all,global_all_p000,地方,籌辦,U,24,24,2327,373,107706,107706,2327,373,2.5744142801235625,2.5744142801235625,,,1,,1295,2271
global_all,global_all_p000,執行,憲法,U,24,24,148,14834,107706,107706,148,14834,1.235628176478354,1.235628176478354,,,1,,1296,2499
global_all,global_all_p000,奉行,憲法,U,24,24,59,14834,107706,107706,59,14834,2.5624384927454624,2.5624384927454624,,,1,,1297,2273
global_all,global_all_p000,妥,擬,U,24,24,74,410,107706,107706,74,410,7.412768130649753,7.412768130649753,,,1,,1298,858
global_all,global_all_p000,學界,紳商,U,24,24,24,24,107706,107706,24,24,13.131776594341837,13.131776594341837,,,1,,1299,53
global_all,global_all_p000,宣布,正式,U,24,24,204,572,107706,107706,204,572,5.4694049170342645,5.4694049170342645,,,1,,1300,1436
global_all,global_all_p000,實施,新,U,24,24,1250,3317,107706,107706,1250,3317,0.31832591944667754,0.31832591944667754,,,1,,1301,2581
global_all,global_all_p000,干涉,憲法,U,24,24,64,14834,107706,107706,64,14834,2.445081542107304,2.445081542107304,,,1,,1302,2297
global_all,global_all_p000,建國,總理,U,24,24,460,521,107706,107706,460,521,4.431071982561265,4.431071982561265,,,1,,1303,1731
global_all,global_all_p000,憲政,督導,U,24,24,5608,46,107706,107706,5608,46,4.324869005716513,4.324869005716513,,,1,,1304,1760
global_all,global_all_p000,憲政,籌備會,U,24,24,5608,44,107706,107706,5608,44,4.388999343136229,4.388999343136229,,,1,,1305,1741
global_all,global_all_p000,憲政,精神,U,24,24,5608,181,107706,107706,5608,181,2.3485850746903205,2.3485850746903205,,,1,,1306,2314
global_all,global_all_p000,憲政,貽誤,U,24,24,5608,24,107706,107706,5608,24,5.26346846105237,5.26346846105237,,,1,,1307,1512
global_all,global_all_p000,懿旨,皇太后,U,24,24,24,124,107706,107706,24,124,10.762542784676118,10.762542784676118,,,1,,1308,254
global_all,global_all_p000,擬,改,U,24,24,410,106,107706,107706,410,106,6.894301041715504,6.894301041715504,,,1,,1309,989
global_all,global_all_p000,擬,纂,U,24,24,410,24,107706,107706,410,24,9.037258995557547,9.037258995557547,,,1,,1310,545
global_all,global_all_p000,改,省,U,24,24,106,2760,107706,107706,106,2760,4.143328589555418,4.143328589555418,,,1,,1311,1816
global_all,global_all_p000,改開,談話會,U,24,24,24,125,107706,107706,24,125,10.750954810400906,10.750954810400906,,,1,,1312,258
global_all,global_all_p000,新,約法,U,24,24,3317,269,107706,107706,3317,269,2.534575936439503,2.534575936439503,,,1,,1313,2277
global_all,global_all_p000,新,起草,U,24,24,3317,663,107706,107706,3317,663,1.2331732388835392,1.2331732388835392,,,1,,1314,2500
global_all,global_all_p000,新,頒布,U,24,24,3317,323,107706,107706,3317,323,2.270647944302202,2.270647944302202,,,1,,1315,2324
global_all,global_all_p000,明白,表示,U,24,24,151,233,107706,107706,151,233,7.19911071180479,7.19911071180479,,,1,,1316,904
global_all,global_all_p000,權力,高,U,24,24,41,240,107706,107706,41,240,9.037258995557547,9.037258995557547,,,1,,1317,546
global_all,global_all_p000,民主,自由,U,24,24,1360,606,107706,107706,1360,606,2.6491366761734962,2.6491366761734962,,,1,,1318,2252
global_all,global_all_p000,治安,維持,U,24,24,24,253,107706,107706,24,253,9.733745520368682,9.733745520368682,,,1,,1319,424
global_all,global_all_p000,發言,贊成,U,24,24,77,429,107706,107706,77,429,7.290081217589702,7.290081217589702,,,1,,1320,883
global_all,global_all_p000,監督,行政,U,24,24,185,1473,107706,107706,185,1473,4.2457784202319875,4.2457784202319875,,,1,,1321,1785
global_all,global_all_p000,籌辦,自治,U,24,24,373,2019,107706,107706,373,2019,2.779244580197438,2.779244580197438,,,1,,1322,2220
global_all,global_all_p000,細則,辦事,U,24,24,97,52,107706,107706,97,52,10.00134903545593,10.00134903545593,,,1,,1323,379
global_all,global_all_p000,縣,自治法,U,24,24,946,24,107706,107706,946,24,7.831042721723598,7.831042721723598,,,1,,1324,779
global_all,global_all_p000,總理,遺教,U,24,24,521,24,107706,107706,521,24,8.691599532784485,8.691599532784485,,,1,,1325,611
global_all,global_all_p000,羣力,羣策,U,24,24,24,24,107706,107706,24,24,13.131776594341837,13.131776594341837,,,1,,1326,54
global_all,global_all_p000,解散,非法,U,24,24,663,24,107706,107706,663,24,8.343874034950405,8.343874034950405,,,1,,1327,652
global_all,global_all_p000,解決,辦法,U,24,24,397,241,107706,107706,397,241,5.7558170624112295,5.7558170624112295,,,1,,1328,1350
global_all,global_all_p000,議員,護法,U,24,24,2706,24,107706,107706,2706,24,6.314792971086456,6.314792971086456,,,1,,1329,1205
global_all,global_all_p000,議員,質問,U,24,24,2706,69,107706,107706,2706,69,4.791231015029443,4.791231015029443,,,1,,1330,1624
global_all,global_all_p000,不能,立憲,U,23,23,774,4911,107706,107706,774,4911,0.3823101877802858,0.3823101877802858,,,1,,1331,2576
global_all,global_all_p000,不能,變更,U,23,23,774,198,107706,107706,774,198,5.014754674895986,5.014754674895986,,,1,,1332,1573
global_all,global_all_p000,中國,國民,U,23,23,601,1096,107706,107706,601,1096,2.911047787448294,2.911047787448294,,,1,,1333,2185
global_all,global_all_p000,主張,修改,U,23,23,611,640,107706,107706,611,640,3.6633443864139137,3.6633443864139137,,,1,,1334,1992
global_all,global_all_p000,主張,國會,U,23,23,611,4674,107706,107706,611,4674,0.7948304625184508,0.7948304625184508,,,1,,1335,2552
global_all,global_all_p000,主張,維持,U,23,23,611,253,107706,107706,611,253,5.002278906606966,5.002278906606966,,,1,,1336,1576
global_all,global_all_p000,九時,舉行,U,23,23,43,405,107706,107706,43,405,8.15225819864592,8.15225819864592,,,1,,1337,688
global_all,global_all_p000,事務所,選舉,U,23,23,23,2186,107706,107706,23,2186,6.622661409391088,6.622661409391088,,,1,,1338,1102
global_all,global_all_p000,事宜,辦,U,23,23,638,94,107706,107706,638,94,6.368299585677499,6.368299585677499,,,1,,1339,1184
global_all,global_all_p000,事實,問題,U,23,23,43,2410,107706,107706,43,2410,5.579218865300584,5.579218865300584,,,1,,1340,1389
global_all,global_all_p000,交換,條件,U,23,23,99,125,107706,107706,99,125,8.64516014637831,8.64516014637831,,,1,,1341,617
global_all,global_all_p000,人,十七,U,23,23,2114,23,107706,107706,2114,23,6.67097943368031,6.67097943368031,,,1,,1342,1072
global_all,global_all_p000,人,提議,U,23,23,2114,120,107706,107706,2114,120,4.287650794128805,4.287650794128805,,,1,,1343,1773
global_all,global_all_p000,人民,投票,U,23,23,1912,374,107706,107706,1912,374,2.7925397832516206,2.7925397832516206,,,1,,1344,2218
global_all,global_all_p000,人民,直接,U,23,23,1912,134,107706,107706,1912,134,4.273345052681485,4.273345052681485,,,1,,1345,1778
global_all,global_all_p000,人民,限制,U,23,23,1912,38,107706,107706,1912,38,6.091506729695672,6.091506729695672,,,1,,1346,1267
global_all,global_all_p000,代表,選出,U,23,23,1409,58,107706,107706,1409,58,5.921864159682797,5.921864159682797,,,1,,1347,1309
global_all,global_all_p000,修正,提議,U,23,23,504,120,107706,107706,504,120,6.356130532011571,6.356130532011571,,,1,,1348,1188
global_all,global_all_p000,修正案,憲草,U,23,23,184,41,107706,107706,184,41,9.359187090444909,9.359187090444909,,,1,,1349,478
global_all,global_all_p000,兩院,國會,U,23,23,490,4674,107706,107706,490,4674,1.1132210933346098,1.1132210933346098,,,1,,1350,2512
global_all,global_all_p000,兩院,會合,U,23,23,490,23,107706,107706,490,23,8.780101156060422,8.780101156060422,,,1,,1351,589
global_all,global_all_p000,共同,遵守,U,23,23,135,163,107706,107706,135,163,7.814757299838098,7.814757299838098,,,1,,1352,784
global_all,global_all_p000,切實,辦理,U,23,23,83,354,107706,107706,83,354,7.3976560696900835,7.3976560696900835,,,1,,1353,861
global_all,global_all_p000,初選,當選人,U,23,23,23,50,107706,107706,23,50,12.072882905288267,12.072882905288267,,,1,,1354,121
global_all,global_all_p000,制憲,粵,U,23,23,2467,90,107706,107706,2467,90,4.479905954490208,4.479905954490208,,,1,,1355,1710
global_all,global_all_p000,動員,戡亂,U,23,23,23,67,107706,107706,23,67,11.65064990460522,11.65064990460522,,,1,,1356,157
global_all,global_all_p000,北京,辦法,U,23,23,881,241,107706,107706,881,241,4.544413505969631,4.544413505969631,,,1,,1357,1691
global_all,global_all_p000,協商,政團,U,23,23,23,52,107706,107706,23,52,12.016299376921902,12.016299376921902,,,1,,1358,125
global_all,global_all_p000,印度,問題,U,23,23,280,2410,107706,107706,280,2410,2.8762006030577156,2.8762006030577156,,,1,,1359,2191
global_all,global_all_p000,印度,自治,U,23,23,280,2019,107706,107706,280,2019,3.131592838843566,3.131592838843566,,,1,,1360,2144
global_all,global_all_p000,參加,拒絶,U,23,23,358,23,107706,107706,358,23,9.232923317798736,9.232923317798736,,,1,,1361,496
global_all,global_all_p000,反對,贊成,U,23,23,513,429,107706,107706,513,429,4.492652198013406,4.492652198013406,,,1,,1362,1707
global_all,global_all_p000,合併,聲明,U,23,23,122,85,107706,107706,122,85,8.900172777419417,8.900172777419417,,,1,,1363,567
global_all,global_all_p000,君主,大權,U,23,23,500,60,107706,107706,500,60,7.3676261708494,7.3676261708494,,,1,,1364,867
global_all,global_all_p000,呼號,奔走,U,23,23,23,23,107706,107706,23,23,13.19317713900598,13.19317713900598,,,1,,1365,49
global_all,global_all_p000,國,民衆,U,23,23,2370,41,107706,107706,2370,41,5.672077702716301,5.672077702716301,,,1,,1366,1371
global_all,global_all_p000,大衆,諮詢,U,23,23,23,56,107706,107706,23,56,11.909384173005389,11.909384173005389,,,1,,1367,138
global_all,global_all_p000,契稅,田賦,U,23,23,23,23,107706,107706,23,23,13.19317713900598,13.19317713900598,,,1,,1368,50
global_all,global_all_p000,完竣,審查,U,23,23,23,314,107706,107706,23,314,9.422118346171366,9.422118346171366,,,1,,1369,464
global_all,global_all_p000,宣告,開議,U,23,23,323,79,107706,107706,323,79,7.601129948248978,7.601129948248978,,,1,,1370,823
global_all,global_all_p000,實行,開始,U,23,23,1206,315,107706,107706,1206,315,3.705078840832642,3.705078840832642,,,1,,1371,1976
global_all,global_all_p000,審查,意見,U,23,23,314,497,107706,107706,314,497,4.988578260666093,4.988578260666093,,,1,,1372,1579
global_all,global_all_p000,急進,社會黨,U,23,23,23,111,107706,107706,23,111,10.922323228712887,10.922323228712887,,,1,,1373,231
global_all,global_all_p000,情形,籌備,U,23,23,418,1416,107706,107706,418,1416,3.0653363689561255,3.0653363689561255,,,1,,1374,2158
global_all,global_all_p000,憲政,破壞,U,23,23,5608,143,107706,107706,5608,143,2.627159080330993,2.627159080330993,,,1,,1375,2258
global_all,global_all_p000,憲政館,知道,U,23,23,249,157,107706,107706,249,157,6.985678370160298,6.985678370160298,,,1,,1376,968
global_all,global_all_p000,憲法,民法,U,23,23,14834,80,107706,107706,14834,80,2.0617529025557984,2.0617529025557984,,,1,,1377,2364
global_all,global_all_p000,憲法,總投票,U,23,23,14834,38,107706,107706,14834,38,3.135753483999575,3.135753483999575,,,1,,1378,2143
global_all,global_all_p000,憲法,良好,U,23,23,14834,23,107706,107706,14834,23,3.8601190413861475,3.8601190413861475,,,1,,1379,1925
global_all,global_all_p000,憲法,草定,U,23,23,14834,63,107706,107706,14834,63,2.406401073943244,2.406401073943244,,,1,,1380,2306
global_all,global_all_p000,憲法,顧問,U,23,23,14834,23,107706,107706,14834,23,3.8601190413861475,3.8601190413861475,,,1,,1381,1941
global_all,global_all_p000,憲法會議,議長,U,23,23,865,664,107706,107706,865,664,3.108705297248994,3.108705297248994,,,1,,1382,2149
global_all,global_all_p000,成績,臚列,U,23,23,150,45,107706,107706,150,45,9.51962926429445,9.51962926429445,,,1,,1383,451
global_all,global_all_p000,我國,民主,U,23,23,240,1360,107706,107706,240,1360,3.9240195193737857,3.9240195193737857,,,1,,1384,1864
global_all,global_all_p000,我國,立憲,U,23,23,240,4911,107706,107706,240,4911,2.0716093483161777,2.0716093483161777,,,1,,1385,2363
global_all,global_all_p000,投票,記名,U,23,23,374,23,107706,107706,374,23,9.169844635175357,9.169844635175357,,,1,,1386,515
global_all,global_all_p000,推翻,根本,U,23,23,40,685,107706,107706,40,685,7.498412778384754,7.498412778384754,,,1,,1387,838
global_all,global_all_p000,提出,辭呈,U,23,23,851,23,107706,107706,851,23,7.98372377337703,7.98372377337703,,,1,,1388,725
global_all,global_all_p000,提出,辭職,U,23,23,851,90,107706,107706,851,90,6.015432633104369,6.015432633104369,,,1,,1389,1286
global_all,global_all_p000,擔負,責任,U,23,23,23,114,107706,107706,23,114,10.883849080898251,10.883849080898251,,,1,,1390,239
global_all,global_all_p000,攝政,王鈐章,U,23,23,89,23,107706,107706,89,23,11.241005664096596,11.241005664096596,,,1,,1391,200
global_all,global_all_p000,政治,日本,U,23,23,1586,232,107706,107706,1586,232,3.7511430002884554,3.7511430002884554,,,1,,1392,1968
global_all,global_all_p000,文官,考試,U,23,23,23,165,107706,107706,23,165,10.350416880817177,10.350416880817177,,,1,,1393,318
global_all,global_all_p000,日程,開議,U,23,23,252,79,107706,107706,252,79,7.959240379442987,7.959240379442987,,,1,,1394,741
global_all,global_all_p000,有效,繼續,U,23,23,38,255,107706,107706,38,255,8.998020100817563,8.998020100817563,,,1,,1395,552
global_all,global_all_p000,法官,考試,U,23,23,23,165,107706,107706,23,165,10.350416880817177,10.350416880817177,,,1,,1396,319
global_all,global_all_p000,法規,行憲,U,23,23,72,63,107706,107706,72,63,10.093096126177777,10.093096126177777,,,1,,1397,361
global_all,global_all_p000,派,甲,U,23,23,642,39,107706,107706,642,39,7.628469345135454,7.628469345135454,,,1,,1398,816
global_all,global_all_p000,用人,行政,U,23,23,23,1473,107706,107706,23,1473,7.192197380027143,7.192197380027143,,,1,,1399,911
global_all,global_all_p000,省,軍民,U,23,23,2760,101,107706,107706,2760,101,4.151637016702679,4.151637016702679,,,1,,1400,1811
global_all,global_all_p000,省議會,縣議會,U,23,23,337,90,107706,107706,337,90,7.351843173608473,7.351843173608473,,,1,,1401,873
global_all,global_all_p000,第一章,總綱,U,23,23,23,42,107706,107706,23,42,12.324421672284233,12.324421672284233,,,1,,1402,105
global_all,global_all_p000,結果,表決,U,23,23,236,262,107706,107706,236,262,6.324235000220714,6.324235000220714,,,1,,1403,1195
global_all,global_all_p000,行使,規定,U,23,23,412,1207,107706,107706,412,1207,3.316590563181766,3.316590563181766,,,1,,1404,2097
global_all,global_all_p000,詳細,辦法,U,23,23,124,241,107706,107706,124,241,7.373215404503169,7.373215404503169,,,1,,1405,866
global_all,global_all_p000,諮議局,議長,U,23,23,741,664,107706,107706,741,664,3.331931887467247,3.331931887467247,,,1,,1406,2088
global_all,global_all_p000,議會,選舉,U,23,23,934,2186,107706,107706,934,2186,1.2789446257384391,1.2789446257384391,,,1,,1407,2486
global_all,global_all_p000,一時,憲法會議,U,22,22,93,865,107706,107706,93,865,5.880455580068172,5.880455580068172,,,1,,1408,1321
global_all,global_all_p000,一致,反對,U,22,22,451,513,107706,107706,451,513,4.356372074837855,4.356372074837855,,,1,,1409,1754
global_all,global_all_p000,一般,人士,U,22,22,138,113,107706,107706,138,113,8.247467294506933,8.247467294506933,,,1,,1410,671
global_all,global_all_p000,上海,商務,U,22,22,86,116,107706,107706,86,116,8.89192496387062,8.89192496387062,,,1,,1411,569
global_all,global_all_p000,上海,預備,U,22,22,86,1473,107706,107706,86,1473,5.225364243962343,5.225364243962343,,,1,,1412,1524
global_all,global_all_p000,中華,共和,U,22,22,55,587,107706,107706,55,587,7.197594307065579,7.197594307065579,,,1,,1413,906
global_all,global_all_p000,主席,兩,U,22,22,901,1847,107706,107706,901,1847,1.5098192669043136,1.5098192669043136,,,1,,1414,2457
global_all,global_all_p000,主席,議長,U,22,22,901,664,107706,107706,901,664,2.985747986539827,2.985747986539827,,,1,,1415,2178
global_all,global_all_p000,主張,立憲,U,22,22,611,4911,107706,107706,611,4911,0.6593410366862511,0.6593410366862511,,,1,,1416,2566
global_all,global_all_p000,事件,議決,U,22,22,59,328,107706,107706,59,328,7.9359756597203654,7.9359756597203654,,,1,,1417,749
global_all,global_all_p000,二十五,人,U,22,22,39,2114,107706,107706,39,2114,5.845008833455359,5.845008833455359,,,1,,1418,1330
global_all,global_all_p000,交付,審查,U,22,22,22,314,107706,107706,22,314,9.422118346171366,9.422118346171366,,,1,,1419,462
global_all,global_all_p000,人,六十餘,U,22,22,2114,22,107706,107706,2114,22,6.67097943368031,6.67097943368031,,,1,,1420,1069
global_all,global_all_p000,人民,基本,U,22,22,1912,126,107706,107706,1912,126,4.298023982219625,4.298023982219625,,,1,,1421,1771
global_all,global_all_p000,人民,福利,U,22,22,1912,39,107706,107706,1912,39,5.989901686857293,5.989901686857293,,,1,,1422,1295
global_all,global_all_p000,代議,機關,U,22,22,69,1065,107706,107706,69,1065,6.011008541808921,6.011008541808921,,,1,,1423,1289
global_all,global_all_p000,任命,自由,U,22,22,41,606,107706,107706,41,606,7.575444725609255,7.575444725609255,,,1,,1424,828
global_all,global_all_p000,俄,英,U,22,22,41,759,107706,107706,41,759,7.250662633666741,7.250662633666741,,,1,,1425,898
global_all,global_all_p000,修正,條文,U,22,22,504,199,107706,107706,504,199,5.562266169656725,5.562266169656725,,,1,,1426,1397
global_all,global_all_p000,個人,意見,U,22,22,92,497,107706,107706,92,497,6.695506716080991,6.695506716080991,,,1,,1427,1050
global_all,global_all_p000,停止,憲法,U,22,22,22,14834,107706,107706,22,14834,3.8601190413861475,3.8601190413861475,,,1,,1428,1884
global_all,global_all_p000,元首,國,U,22,22,58,2370,107706,107706,58,2370,5.107518374787097,5.107518374787097,,,1,,1429,1553
global_all,global_all_p000,全體,委員,U,22,22,503,502,107706,107706,503,502,4.230212569943991,4.230212569943991,,,1,,1430,1789
global_all,global_all_p000,兩,議院,U,22,22,1847,174,107706,107706,1847,174,3.882259066869124,3.882259066869124,,,1,,1431,1872
global_all,global_all_p000,兩院,談話會,U,22,22,490,125,107706,107706,490,125,6.273748490035633,6.273748490035633,,,1,,1432,1220
global_all,global_all_p000,公共,利益,U,22,22,43,38,107706,107706,43,38,11.501978445554606,11.501978445554606,,,1,,1433,169
global_all,global_all_p000,制,台,U,22,22,133,22,107706,107706,133,22,10.661456659561804,10.661456659561804,,,1,,1434,273
global_all,global_all_p000,制度,聯邦,U,22,22,1018,59,107706,107706,1018,59,6.302005818262754,6.302005818262754,,,1,,1435,1211
global_all,global_all_p000,副總統,問題,U,22,22,322,2410,107706,107706,322,2410,2.6104364044683495,2.6104364044683495,,,1,,1436,2265
global_all,global_all_p000,北京,路透電,U,22,22,881,68,107706,107706,881,68,6.305709663529537,6.305709663529537,,,1,,1437,1209
global_all,global_all_p000,北京,通信,U,22,22,881,43,107706,107706,881,43,6.9669077500777785,6.9669077500777785,,,1,,1438,974
global_all,global_all_p000,印度,臨時政府,U,22,22,280,49,107706,107706,280,49,8.432177852640116,8.432177852640116,,,1,,1439,640
global_all,global_all_p000,司法,大臣,U,22,22,710,325,107706,107706,710,325,4.360199591392429,4.360199591392429,,,1,,1440,1750
global_all,global_all_p000,問題,政府,U,22,22,2410,2457,107706,107706,2410,2457,-0.3213288597791985,0,,,1,,1441,2617
global_all,global_all_p000,國,考察,U,22,22,2370,358,107706,107706,2370,358,2.4816835926504126,2.4816835926504126,,,1,,1442,2289
global_all,global_all_p000,國是,解決,U,22,22,22,397,107706,107706,22,397,9.083743897920035,9.083743897920035,,,1,,1443,532
global_all,global_all_p000,國會,尊重,U,22,22,4674,115,107706,107706,4674,115,3.1402386439730896,3.1402386439730896,,,1,,1444,2142
global_all,global_all_p000,國會,議定,U,22,22,4674,64,107706,107706,4674,64,3.985728694917465,3.985728694917465,,,1,,1445,1852
global_all,global_all_p000,國民,權利,U,22,22,1096,409,107706,107706,1096,409,3.4021815977980143,3.4021815977980143,,,1,,1446,2069
global_all,global_all_p000,國民大會,決定,U,22,22,594,354,107706,107706,594,354,4.494246042816527,4.494246042816527,,,1,,1447,1706
global_all,global_all_p000,國民會議,解決,U,22,22,107,397,107706,107706,107,397,6.801708530156185,6.801708530156185,,,1,,1448,1026
global_all,global_all_p000,團體,地方,U,22,22,280,2327,107706,107706,280,2327,2.8626322013499754,2.8626322013499754,,,1,,1449,2197
global_all,global_all_p000,地方,鄕,U,22,22,2327,106,107706,107706,2327,106,4.263994763731742,4.263994763731742,,,1,,1450,1780
global_all,global_all_p000,奏聞,臚列,U,22,22,22,45,107706,107706,22,45,12.224885998733319,12.224885998733319,,,1,,1451,111
global_all,global_all_p000,委員會,常務,U,22,22,108,40,107706,107706,108,40,10.099355116649459,10.099355116649459,,,1,,1452,360
global_all,global_all_p000,委員會,混合,U,22,22,108,38,107706,107706,108,38,10.173355698093236,10.173355698093236,,,1,,1453,348
global_all,global_all_p000,委會,督導,U,22,22,49,46,107706,107706,49,46,11.03789891352807,11.03789891352807,,,1,,1454,216
global_all,global_all_p000,宣統五年,開設,U,22,22,22,174,107706,107706,22,174,10.273795599214264,10.273795599214264,,,1,,1455,330
global_all,global_all_p000,實施,民主,U,22,22,1250,1360,107706,107706,1250,1360,1.479067398013139,1.479067398013139,,,1,,1456,2462
global_all,global_all_p000,審議長,王正廷,U,22,22,22,57,107706,107706,22,57,11.883849080898251,11.883849080898251,,,1,,1457,142
global_all,global_all_p000,局,設,U,22,22,54,409,107706,107706,54,409,7.745326178595073,7.745326178595073,,,1,,1458,794
global_all,global_all_p000,年限,立憲,U,22,22,48,4911,107706,107706,48,4911,4.329407105783824,4.329407105783824,,,1,,1459,1759
global_all,global_all_p000,恭祝,立憲,U,22,22,22,4911,107706,107706,22,4911,5.454937987867684,5.454937987867684,,,1,,1460,1442
global_all,global_all_p000,意見書,提出,U,22,22,22,851,107706,107706,22,851,7.98372377337703,7.98372377337703,,,1,,1461,721
global_all,global_all_p000,憲政,我國,U,22,22,5608,240,107706,107706,5608,240,1.8160094840811485,1.8160094840811485,,,1,,1462,2408
global_all,global_all_p000,憲政,樹立,U,22,22,5608,22,107706,107706,5608,22,5.26346846105237,5.26346846105237,,,1,,1463,1504
global_all,global_all_p000,憲政,舉行,U,22,22,5608,405,107706,107706,5608,405,1.0611219819176798,1.0611219819176798,,,1,,1464,2518
global_all,global_all_p000,憲政會,議員,U,22,22,193,2706,107706,107706,193,2706,3.1817675524556726,3.1817675524556726,,,1,,1465,2129
global_all,global_all_p000,憲政籌備處,設立,U,22,22,41,261,107706,107706,41,261,8.790712712512322,8.790712712512322,,,1,,1466,586
global_all,global_all_p000,憲法,手續,U,22,22,14834,117,107706,107706,14834,117,1.4491859404400402,1.4491859404400402,,,1,,1467,2467
global_all,global_all_p000,憲法,第五十五條,U,22,22,14834,22,107706,107706,14834,22,3.8601190413861475,3.8601190413861475,,,1,,1468,1912
global_all,global_all_p000,憲法,第六十七條,U,22,22,14834,22,107706,107706,14834,22,3.8601190413861475,3.8601190413861475,,,1,,1469,1916
global_all,global_all_p000,憲法,訂入,U,22,22,14834,22,107706,107706,14834,22,3.8601190413861475,3.8601190413861475,,,1,,1470,1930
global_all,global_all_p000,憲法起草委員會,起草,U,22,22,55,663,107706,107706,55,663,7.021945940063043,7.021945940063043,,,1,,1471,951
global_all,global_all_p000,提前,赶辦,U,22,22,84,22,107706,107706,84,22,11.324421672284233,11.324421672284233,,,1,,1472,194
global_all,global_all_p000,提名,總統,U,22,22,22,1739,107706,107706,22,1739,6.952696877756406,6.952696877756406,,,1,,1473,979
global_all,global_all_p000,攻擊,政府,U,22,22,22,2457,107706,107706,22,2457,6.454056952700828,6.454056952700828,,,1,,1474,1153
global_all,global_all_p000,政友會,總裁,U,22,22,42,91,107706,107706,42,91,10.276058650722833,10.276058650722833,,,1,,1475,329
global_all,global_all_p000,政治,民主化,U,22,22,1586,22,107706,107706,1586,22,7.085562039359014,7.085562039359014,,,1,,1476,937
global_all,global_all_p000,政策,經濟,U,22,22,122,293,107706,107706,122,293,7.050676521715157,7.050676521715157,,,1,,1477,945
global_all,global_all_p000,政體,民主,U,22,22,632,1360,107706,107706,632,1360,2.4629990293854855,2.4629990293854855,,,1,,1478,2294
global_all,global_all_p000,星期,開,U,22,22,69,1666,107706,107706,69,1666,5.365473571556573,5.365473571556573,,,1,,1479,1471
global_all,global_all_p000,會同,法部,U,22,22,115,22,107706,107706,115,22,10.871249044118617,10.871249044118617,,,1,,1480,241
global_all,global_all_p000,機構,民意,U,22,22,57,296,107706,107706,57,296,8.133827333906599,8.133827333906599,,,1,,1481,695
global_all,global_all_p000,民主,眞正,U,22,22,1360,51,107706,107706,1360,51,6.094354435591093,6.094354435591093,,,1,,1482,1266
global_all,global_all_p000,民政,財政,U,22,22,22,465,107706,107706,22,465,8.8556521890676,8.8556521890676,,,1,,1483,577
global_all,global_all_p000,法律,現行,U,22,22,642,54,107706,107706,642,54,7.094853724414518,7.094853724414518,,,1,,1484,930
global_all,global_all_p000,登台,發言,U,22,22,22,77,107706,107706,22,77,11.449952554368092,11.449952554368092,,,1,,1485,175
global_all,global_all_p000,省,長官,U,22,22,2760,146,107706,107706,2760,146,3.5558936031547415,3.5558936031547415,,,1,,1486,2027
global_all,global_all_p000,社會黨,領袖,U,22,22,111,116,107706,107706,111,116,8.523773852222613,8.523773852222613,,,1,,1487,628
global_all,global_all_p000,空文,紙,U,22,22,22,22,107706,107706,22,22,13.257307476425696,13.257307476425696,,,1,,1488,47
global_all,global_all_p000,組織法,草案,U,22,22,96,56,107706,107706,96,56,9.78385329092153,9.78385329092153,,,1,,1489,407
global_all,global_all_p000,總統,蔣,U,22,22,1739,305,107706,107706,1739,305,3.1594630639434547,3.1594630639434547,,,1,,1490,2137
global_all,global_all_p000,若槻,首相,U,22,22,22,79,107706,107706,22,79,11.41295834688589,11.41295834688589,,,1,,1491,181
global_all,global_all_p000,衆議院,開會,U,22,22,257,1008,107706,107706,257,1008,4.193266241006496,4.193266241006496,,,1,,1492,1795
global_all,global_all_p000,變通,辦法,U,22,22,86,241,107706,107706,86,241,7.837016622768231,7.837016622768231,,,1,,1493,775
global_all,global_all_p000,運動,革命,U,22,22,173,229,107706,107706,173,229,6.902338697966622,6.902338697966622,,,1,,1494,987
global_all,global_all_p000,部會,首長,U,22,22,22,22,107706,107706,22,22,13.257307476425696,13.257307476425696,,,1,,1495,48
global_all,global_all_p000,一致,擁護,U,21,21,451,242,107706,107706,451,242,5.373209657311778,5.373209657311778,,,1,,1496,1467
global_all,global_all_p000,三民主義,實現,U,21,21,226,131,107706,107706,226,131,7.255454553889115,7.255454553889115,,,1,,1497,895
global_all,global_all_p000,不能,執行,U,21,21,774,148,107706,107706,774,148,5.303413396068393,5.303413396068393,,,1,,1498,1488
global_all,global_all_p000,不能,通過,U,21,21,774,841,107706,107706,774,841,2.7969047714421986,2.7969047714421986,,,1,,1499,2215
global_all,global_all_p000,主管,機關,U,21,21,38,1065,107706,107706,38,1065,6.804491289284967,6.804491289284967,,,1,,1500,1024
global_all,global_all_p000,主要,任務,U,21,21,42,21,107706,107706,42,21,12.324421672284233,12.324421672284233,,,1,,1501,103
global_all,global_all_p000,主要,目的,U,21,21,42,21,107706,107706,42,21,12.324421672284233,12.324421672284233,,,1,,1502,104
global_all,global_all_p000,事件,重要,U,21,21,59,289,107706,107706,59,289,8.051487785979234,8.051487785979234,,,1,,1503,708
global_all,global_all_p000,事權,國家,U,21,21,21,1683,107706,107706,21,1683,6.999919633733044,6.999919633733044,,,1,,1504,963
global_all,global_all_p000,人,四十餘,U,21,21,2114,21,107706,107706,2114,21,6.67097943368031,6.67097943368031,,,1,,1505,1082
global_all,global_all_p000,人,治,U,21,21,2114,107,107706,107706,2114,107,4.321829870057924,4.321829870057924,,,1,,1506,1762
global_all,global_all_p000,人民,增進,U,21,21,1912,21,107706,107706,1912,21,6.815872287082245,6.815872287082245,,,1,,1507,1016
global_all,global_all_p000,代奏,呈請,U,21,21,38,21,107706,107706,38,21,12.468811581619407,12.468811581619407,,,1,,1508,92
global_all,global_all_p000,代表,團體,U,21,21,1409,280,107706,107706,1409,280,3.51931760458715,3.51931760458715,,,1,,1509,2033
global_all,global_all_p000,代表,提出,U,21,21,1409,851,107706,107706,1409,851,1.915585299846154,1.915585299846154,,,1,,1510,2390
global_all,global_all_p000,保,境,U,21,21,21,21,107706,107706,21,21,13.324421672284233,13.324421672284233,,,1,,1511,43
global_all,global_all_p000,信仰,自由,U,21,21,21,606,107706,107706,21,606,8.473565111590043,8.473565111590043,,,1,,1512,635
global_all,global_all_p000,修正,籌備,U,21,21,504,1416,107706,107706,504,1416,2.6641710442588393,2.6641710442588393,,,1,,1513,2248
global_all,global_all_p000,倫敦,路透社,U,21,21,55,36,107706,107706,55,36,11.15777180287478,11.15777180287478,,,1,,1514,207
global_all,global_all_p000,內務,總長,U,21,21,41,87,107706,107706,41,87,10.308561017374942,10.308561017374942,,,1,,1515,323
global_all,global_all_p000,內閣,林,U,21,21,912,47,107706,107706,912,47,6.721577651999374,6.721577651999374,,,1,,1516,1044
global_all,global_all_p000,兩,立法,U,21,21,1847,769,107706,107706,1847,769,1.6712485788974885,1.6712485788974885,,,1,,1517,2429
global_all,global_all_p000,公共,租界,U,21,21,43,21,107706,107706,43,21,12.290474340360895,12.290474340360895,,,1,,1518,106
global_all,global_all_p000,公布,明令,U,21,21,512,21,107706,107706,512,21,8.716739095062993,8.716739095062993,,,1,,1519,601
global_all,global_all_p000,公民,資格,U,21,21,182,148,107706,107706,182,148,7.391808512014107,7.391808512014107,,,1,,1520,862
global_all,global_all_p000,共同,參加,U,21,21,135,358,107706,107706,135,358,6.548425143526666,6.548425143526666,,,1,,1521,1113
global_all,global_all_p000,具陳伏乞,恭摺,U,21,21,40,91,107706,107706,40,91,10.279333782755694,10.279333782755694,,,1,,1522,328
global_all,global_all_p000,出席,參議院,U,21,21,451,186,107706,107706,451,186,5.752914083478341,5.752914083478341,,,1,,1523,1352
global_all,global_all_p000,制定,國憲,U,21,21,1521,69,107706,107706,1521,69,5.429727623339088,5.429727623339088,,,1,,1524,1452
global_all,global_all_p000,制度,民主,U,21,21,1018,1360,107706,107706,1018,1360,1.7081437356283562,1.7081437356283562,,,1,,1525,2423
global_all,global_all_p000,制憲,西德,U,21,21,2467,21,107706,107706,2467,21,6.44819709476287,6.44819709476287,,,1,,1526,1167
global_all,global_all_p000,動議案,緊急,U,21,21,21,127,107706,107706,21,127,10.728054408290827,10.728054408290827,,,1,,1527,263
global_all,global_all_p000,危亡,救,U,21,21,21,37,107706,107706,21,37,12.507285729434043,12.507285729434043,,,1,,1528,91
global_all,global_all_p000,原則,根本,U,21,21,116,685,107706,107706,116,685,5.8311153448662925,5.8311153448662925,,,1,,1529,1334
global_all,global_all_p000,取,概括,U,21,21,88,48,107706,107706,88,48,10.0646623984833,10.0646623984833,,,1,,1530,369
global_all,global_all_p000,召集,舊,U,21,21,858,594,107706,107706,858,594,3.1499035595414417,3.1499035595414417,,,1,,1531,2140
global_all,global_all_p000,同意,表示,U,21,21,135,233,107706,107706,135,233,7.168054776136642,7.168054776136642,,,1,,1532,918
global_all,global_all_p000,君主,憲法,U,21,21,500,14834,107706,107706,500,14834,-0.7133478204971792,0,,,1,,1533,2632
global_all,global_all_p000,問題,討論,U,21,21,2410,1212,107706,107706,2410,1212,0.6310651032514785,0.6310651032514785,,,1,,1534,2569
global_all,global_all_p000,問題,軍事,U,21,21,2410,51,107706,107706,2410,51,5.201813744752934,5.201813744752934,,,1,,1535,1530
global_all,global_all_p000,國家,社會,U,21,21,1683,210,107706,107706,1683,210,3.6779915388456814,3.6779915388456814,,,1,,1536,1989
global_all,global_all_p000,國憲,範圍,U,21,21,69,142,107706,107706,69,142,8.850784941558903,8.850784941558903,,,1,,1537,578
global_all,global_all_p000,國會,解決,U,21,21,4674,397,107706,107706,4674,397,1.28561930191597,1.28561930191597,,,1,,1538,2485
global_all,global_all_p000,國會,閉會,U,21,21,4674,36,107706,107706,4674,36,4.748689497616615,4.748689497616615,,,1,,1539,1636
global_all,global_all_p000,國民大會,通過,U,21,21,594,841,107706,107706,594,841,3.178775406785843,3.178775406785843,,,1,,1540,2131
global_all,global_all_p000,圓滿,閉幕,U,21,21,21,40,107706,107706,21,40,12.39481100017563,12.39481100017563,,,1,,1541,99
global_all,global_all_p000,地方,討論,U,21,21,2327,1212,107706,107706,2327,1212,0.6816270389634539,0.6816270389634539,,,1,,1542,2563
global_all,global_all_p000,報告,請假,U,21,21,373,39,107706,107706,373,39,8.280622478724267,8.280622478724267,,,1,,1543,666
global_all,global_all_p000,外交,華,U,21,21,275,46,107706,107706,275,46,8.482206753372719,8.482206753372719,,,1,,1544,634
global_all,global_all_p000,大使,美,U,21,21,21,545,107706,107706,21,545,8.626626675398704,8.626626675398704,,,1,,1545,618
global_all,global_all_p000,大理院,院長,U,21,21,21,245,107706,107706,21,245,9.780101156060422,9.780101156060422,,,1,,1546,411
global_all,global_all_p000,媾和,宣戰,U,21,21,21,21,107706,107706,21,21,13.324421672284233,13.324421672284233,,,1,,1547,44
global_all,global_all_p000,存在,繼續,U,21,21,38,255,107706,107706,38,255,8.86677556753931,8.86677556753931,,,1,,1548,573
global_all,global_all_p000,安全,社會,U,21,21,40,210,107706,107706,40,210,9.072882905288267,9.072882905288267,,,1,,1549,533
global_all,global_all_p000,實行,新,U,21,21,1206,3317,107706,107706,1206,3317,0.17737902915364634,0.17737902915364634,,,1,,1550,2592
global_all,global_all_p000,就職,總統,U,21,21,54,1739,107706,107706,54,1739,5.590126798371697,5.590126798371697,,,1,,1551,1386
global_all,global_all_p000,布,憲法,U,21,21,21,14834,107706,107706,21,14834,3.8601190413861475,3.8601190413861475,,,1,,1552,1897
global_all,global_all_p000,希望,政府,U,21,21,71,2457,107706,107706,71,2457,4.6966272559749065,4.6966272559749065,,,1,,1553,1645
global_all,global_all_p000,帝制,恢復,U,21,21,21,381,107706,107706,21,381,9.143091907569671,9.143091907569671,,,1,,1554,521
global_all,global_all_p000,建國,抗戰,U,21,21,460,76,107706,107706,460,76,7.015638953453792,7.015638953453792,,,1,,1555,956
global_all,global_all_p000,御史,趙炳麟,U,21,21,21,21,107706,107706,21,21,13.324421672284233,13.324421672284233,,,1,,1556,45
global_all,global_all_p000,恢復,約法,U,21,21,381,269,107706,107706,381,269,5.4639469677918076,5.4639469677918076,,,1,,1557,1437
global_all,global_all_p000,憲政,有關,U,21,21,5608,66,107706,107706,5608,66,3.6113917644726765,3.6113917644726765,,,1,,1558,2008
global_all,global_all_p000,憲政,準備,U,21,21,5608,177,107706,107706,5608,177,2.1881803337481327,2.1881803337481327,,,1,,1559,2339
global_all,global_all_p000,憲政,設立,U,21,21,5608,261,107706,107706,5608,261,1.6278798872612457,1.6278798872612457,,,1,,1560,2437
global_all,global_all_p000,憲政會,方面,U,21,21,193,262,107706,107706,193,262,6.4831764790362225,6.4831764790362225,,,1,,1561,1139
global_all,global_all_p000,憲政編查館,草定,U,21,21,853,63,107706,107706,853,63,6.395374663023547,6.395374663023547,,,1,,1562,1180
global_all,global_all_p000,憲法,良,U,21,21,14834,21,107706,107706,14834,21,3.8601190413861475,3.8601190413861475,,,1,,1563,1924
global_all,global_all_p000,憲法,議案,U,21,21,14834,122,107706,107706,14834,122,1.3216991266020215,1.3216991266020215,,,1,,1564,2480
global_all,global_all_p000,憲法會議,議員,U,21,21,865,2706,107706,107706,865,2706,0.9505540713411291,0.9505540713411291,,,1,,1565,2534
global_all,global_all_p000,憲法起草委員,選舉,U,21,21,21,2186,107706,107706,21,2186,6.622661409391088,6.622661409391088,,,1,,1566,1103
global_all,global_all_p000,成立,新,U,21,21,871,3317,107706,107706,871,3317,0.6468643124548665,0.6468643124548665,,,1,,1567,2567
global_all,global_all_p000,投票,法,U,21,21,374,466,107706,107706,374,466,4.697975913299836,4.697975913299836,,,1,,1568,1644
global_all,global_all_p000,提出,擬,U,21,21,851,410,107706,107706,851,410,3.6965610966503446,3.6965610966503446,,,1,,1569,1980
global_all,global_all_p000,提議,組織,U,21,21,120,1294,107706,107706,120,1294,4.864544020240727,4.864544020240727,,,1,,1570,1602
global_all,global_all_p000,提議,議員,U,21,21,120,2706,107706,107706,120,2706,3.800219798256698,3.800219798256698,,,1,,1571,1952
global_all,global_all_p000,操,權,U,21,21,21,111,107706,107706,21,111,10.922323228712887,10.922323228712887,,,1,,1572,232
global_all,global_all_p000,改革,貴族院,U,21,21,179,21,107706,107706,179,21,10.232923317798736,10.232923317798736,,,1,,1573,336
global_all,global_all_p000,政府,決定,U,21,21,2457,354,107706,107706,2457,354,2.378768825396591,2.378768825396591,,,1,,1574,2308
global_all,global_all_p000,日期,開會,U,21,21,81,1008,107706,107706,81,1008,5.791926591457212,5.791926591457212,,,1,,1575,1344
global_all,global_all_p000,普選,舉行,U,21,21,21,405,107706,107706,21,405,9.054960997291007,9.054960997291007,,,1,,1576,540
global_all,global_all_p000,東京,通信,U,21,21,58,43,107706,107706,58,43,10.824810768012084,10.824810768012084,,,1,,1577,251
global_all,global_all_p000,正式,組織,U,21,21,572,1294,107706,107706,572,1294,2.6115632790708565,2.6115632790708565,,,1,,1578,2263
global_all,global_all_p000,歲出入,總數,U,21,21,21,45,107706,107706,21,45,12.224885998733319,12.224885998733319,,,1,,1579,113
global_all,global_all_p000,民智,開通,U,21,21,38,21,107706,107706,38,21,12.468811581619407,12.468811581619407,,,1,,1580,94
global_all,global_all_p000,治國,法,U,21,21,42,466,107706,107706,42,466,7.852552950408713,7.852552950408713,,,1,,1581,773
global_all,global_all_p000,治國,黨,U,21,21,42,378,107706,107706,42,378,8.15449667084192,8.15449667084192,,,1,,1582,686
global_all,global_all_p000,清單,繕具,U,21,21,235,21,107706,107706,235,21,9.840222148497993,9.840222148497993,,,1,,1583,400
global_all,global_all_p000,濱口,首相,U,21,21,21,79,107706,107706,21,79,11.41295834688589,11.41295834688589,,,1,,1584,179
global_all,global_all_p000,田中,首相,U,21,21,21,79,107706,107706,21,79,11.41295834688589,11.41295834688589,,,1,,1585,180
global_all,global_all_p000,監督,複選,U,21,21,185,21,107706,107706,185,21,10.185357634546682,10.185357634546682,,,1,,1586,345
global_all,global_all_p000,省自治法會議,組織,U,21,21,21,1294,107706,107706,21,1294,7.379117193070486,7.379117193070486,,,1,,1587,864
global_all,global_all_p000,省長,韓,U,21,21,361,21,107706,107706,361,21,9.220884068175822,9.220884068175822,,,1,,1588,501
global_all,global_all_p000,研究,詳細,U,21,21,181,124,107706,107706,181,124,7.655014320371673,7.655014320371673,,,1,,1589,811
global_all,global_all_p000,約法,規定,U,21,21,269,1207,107706,107706,269,1207,3.800384194530108,3.800384194530108,,,1,,1590,1951
global_all,global_all_p000,總長,財政,U,21,21,87,465,107706,107706,87,465,6.805026115997631,6.805026115997631,,,1,,1591,1023
global_all,global_all_p000,脫離,關係,U,21,21,21,392,107706,107706,21,392,9.102029250947785,9.102029250947785,,,1,,1592,529
global_all,global_all_p000,臨時,開,U,21,21,296,1666,107706,107706,296,1666,3.1974304668472557,3.1974304668472557,,,1,,1593,2126
global_all,global_all_p000,自治研究所,設立,U,21,21,21,261,107706,107706,21,261,9.68883309849311,9.68883309849311,,,1,,1594,432
global_all,global_all_p000,衆院,解散,U,21,21,92,663,107706,107706,92,663,6.212629501672152,6.212629501672152,,,1,,1595,1239
global_all,global_all_p000,衆院,議長,U,21,21,92,664,107706,107706,92,664,6.210455130437816,6.210455130437816,,,1,,1596,1242
global_all,global_all_p000,表面,觀,U,21,21,21,21,107706,107706,21,21,13.324421672284233,13.324421672284233,,,1,,1597,46
global_all,global_all_p000,規定,詳細,U,21,21,1207,124,107706,107706,1207,124,4.917650246699857,4.917650246699857,,,1,,1598,1596
global_all,global_all_p000,規定,選舉,U,21,21,1207,2186,107706,107706,1207,2186,0.7777688714148271,0.7777688714148271,,,1,,1599,2554
global_all,global_all_p000,議決,院,U,21,21,328,257,107706,107706,328,257,5.7458799640297915,5.7458799640297915,,,1,,1600,1356
global_all,global_all_p000,議長,選舉,U,21,21,664,2186,107706,107706,664,2186,1.6399394008229238,1.6399394008229238,,,1,,1601,2434
global_all,global_all_p000,運動,選舉,U,21,21,173,2186,107706,107706,173,2186,3.580350604533124,3.580350604533124,,,1,,1602,2017
global_all,global_all_p000,一時,開會,U,20,20,93,1008,107706,107706,93,1008,5.5222284553424075,5.5222284553424075,,,1,,1603,1418
global_all,global_all_p000,三十五,人,U,20,20,20,2114,107706,107706,20,2114,6.67097943368031,6.67097943368031,,,1,,1604,1055
global_all,global_all_p000,三百,人,U,20,20,20,2114,107706,107706,20,2114,6.67097943368031,6.67097943368031,,,1,,1605,1057
global_all,global_all_p000,三讀會,開,U,20,20,20,1666,107706,107706,20,1666,7.014566409697445,7.014566409697445,,,1,,1606,957
global_all,global_all_p000,不能,干涉,U,20,20,774,64,107706,107706,774,64,6.442477433805945,6.442477433805945,,,1,,1607,1170
global_all,global_all_p000,中國,數千,U,20,20,601,20,107706,107706,601,20,8.485517914351808,8.485517914351808,,,1,,1608,633
global_all,global_all_p000,主張,加入,U,20,20,611,372,107706,107706,611,372,4.244479809023594,4.244479809023594,,,1,,1609,1786
global_all,global_all_p000,主張,君主,U,20,20,611,500,107706,107706,611,500,3.817854335469539,3.817854335469539,,,1,,1610,1950
global_all,global_all_p000,主張,省制,U,20,20,611,183,107706,107706,611,183,5.267938781847583,5.267938781847583,,,1,,1611,1495
global_all,global_all_p000,主張,議員,U,20,20,611,2706,107706,107706,611,2706,1.3816924961550887,1.3816924961550887,,,1,,1612,2472
global_all,global_all_p000,九時,晨,U,20,20,43,35,107706,107706,43,35,11.483119418303291,11.483119418303291,,,1,,1613,170
global_all,global_all_p000,事實,法律,U,20,20,43,642,107706,107706,43,642,7.285972948125954,7.285972948125954,,,1,,1614,885
global_all,global_all_p000,二十一,人,U,20,20,20,2114,107706,107706,20,2114,6.67097943368031,6.67097943368031,,,1,,1615,1060
global_all,global_all_p000,人,十三,U,20,20,2114,45,107706,107706,2114,45,5.501054432237997,5.501054432237997,,,1,,1616,1426
global_all,global_all_p000,人,起立,U,20,20,2114,70,107706,107706,2114,70,4.863624511622706,4.863624511622706,,,1,,1617,1603
global_all,global_all_p000,人心,安,U,20,20,20,20,107706,107706,20,20,13.39481100017563,13.39481100017563,,,1,,1618,40
global_all,global_all_p000,人民,請願,U,20,20,1912,75,107706,107706,1912,75,4.908981691473726,4.908981691473726,,,1,,1619,1598
global_all,global_all_p000,代總統,李,U,20,20,20,20,107706,107706,20,20,13.39481100017563,13.39481100017563,,,1,,1620,41
global_all,global_all_p000,任期,議長,U,20,20,195,664,107706,107706,195,664,5.05629744485382,5.05629744485382,,,1,,1621,1564
global_all,global_all_p000,促成,制憲,U,20,20,168,2467,107706,107706,168,2467,3.377807766871472,3.377807766871472,,,1,,1622,2080
global_all,global_all_p000,修律,大臣,U,20,20,20,325,107706,107706,20,325,9.372443187147177,9.372443187147177,,,1,,1623,475
global_all,global_all_p000,修改,原則,U,20,20,640,116,107706,107706,640,116,5.858758099935421,5.858758099935421,,,1,,1624,1327
global_all,global_all_p000,修正,憲法草案,U,20,20,504,86,107706,107706,504,86,6.635122511748341,6.635122511748341,,,1,,1625,1100
global_all,global_all_p000,先朝,諭旨,U,20,20,20,117,107706,107706,20,117,10.846374375479588,10.846374375479588,,,1,,1626,248
global_all,global_all_p000,內務,大臣,U,20,20,41,325,107706,107706,41,325,8.336819277416454,8.336819277416454,,,1,,1627,657
global_all,global_all_p000,內閣,設立,U,20,20,912,261,107706,107706,912,261,4.177871179215729,4.177871179215729,,,1,,1628,1802
global_all,global_all_p000,兩,德,U,20,20,1847,209,107706,107706,1847,209,3.4803399068870347,3.4803399068870347,,,1,,1629,2046
global_all,global_all_p000,兩,軍民,U,20,20,1847,101,107706,107706,1847,101,4.5294875562161225,4.5294875562161225,,,1,,1630,1695
global_all,global_all_p000,八旗,生計,U,20,20,20,45,107706,107706,20,45,12.224885998733319,12.224885998733319,,,1,,1631,109
global_all,global_all_p000,公布,總統,U,20,20,512,1739,107706,107706,512,1739,2.2746249726437684,2.2746249726437684,,,1,,1632,2322
global_all,global_all_p000,共和,政治,U,20,20,587,1586,107706,107706,587,1586,2.2102734411363247,2.2102734411363247,,,1,,1633,2333
global_all,global_all_p000,出席,憲法會議,U,20,20,451,865,107706,107706,451,865,3.4651272441708874,3.4651272441708874,,,1,,1634,2051
global_all,global_all_p000,出席,衆議院,U,20,20,451,257,107706,107706,451,257,5.216059017501096,5.216059017501096,,,1,,1635,1527
global_all,global_all_p000,刑律草案,訂,U,20,20,36,133,107706,107706,36,133,9.813459753006853,9.813459753006853,,,1,,1636,402
global_all,global_all_p000,判決,最高法院,U,20,20,20,36,107706,107706,20,36,12.54681409362068,12.54681409362068,,,1,,1637,83
global_all,global_all_p000,制度,憲政,U,20,20,1018,5608,107706,107706,1018,5608,-0.40612529013596327,0,,,1,,1638,2618
global_all,global_all_p000,制憲,江蘇省,U,20,20,2467,82,107706,107706,2467,82,4.412573185032149,4.412573185032149,,,1,,1639,1732
global_all,global_all_p000,制憲,湘省,U,20,20,2467,55,107706,107706,2467,55,4.988765476125573,4.988765476125573,,,1,,1640,1578
global_all,global_all_p000,制憲,組織法,U,20,20,2467,96,107706,107706,2467,96,4.1851626889290765,4.1851626889290765,,,1,,1641,1797
global_all,global_all_p000,前途,民國,U,20,20,391,158,107706,107706,391,158,6.1238616444659,6.1238616444659,,,1,,1642,1255
global_all,global_all_p000,動員戡亂,完成,U,20,20,20,666,107706,107706,20,666,8.337360727991731,8.337360727991731,,,1,,1643,656
global_all,global_all_p000,北京,參衆兩院,U,20,20,881,54,107706,107706,881,54,6.5007814788664735,6.5007814788664735,,,1,,1644,1133
global_all,global_all_p000,北京,攝政王,U,20,20,881,53,107706,107706,881,53,6.527748526466742,6.527748526466742,,,1,,1645,1123
global_all,global_all_p000,區域,自治,U,20,20,76,2019,107706,107706,76,2019,4.811314481175296,4.811314481175296,,,1,,1646,1616
global_all,global_all_p000,印度,獨立,U,20,20,280,308,107706,107706,280,308,5.642597632310488,5.642597632310488,,,1,,1647,1379
global_all,global_all_p000,參政,婦女,U,20,20,84,59,107706,107706,84,59,9.763706717809754,9.763706717809754,,,1,,1648,416
global_all,global_all_p000,參議院,衆議院,U,20,20,186,257,107706,107706,186,257,6.493883829648446,6.493883829648446,,,1,,1649,1135
global_all,global_all_p000,司法,行政部,U,20,20,710,20,107706,107706,710,20,8.245063880670948,8.245063880670948,,,1,,1650,673
global_all,global_all_p000,同意權,行使,U,20,20,20,412,107706,107706,20,412,9.030238567879774,9.030238567879774,,,1,,1651,548
global_all,global_all_p000,同盟會,運動,U,20,20,20,173,107706,107706,20,173,10.282110867426269,10.282110867426269,,,1,,1652,325
global_all,global_all_p000,同胞,四萬萬,U,20,20,71,20,107706,107706,71,20,11.566991975558311,11.566991975558311,,,1,,1653,163
global_all,global_all_p000,咨報,憲政編查館,U,20,20,20,853,107706,107706,20,853,7.980337163744703,7.980337163744703,,,1,,1654,726
global_all,global_all_p000,問題,大選,U,20,20,2410,38,107706,107706,2410,38,5.555922245389446,5.555922245389446,,,1,,1655,1400
global_all,global_all_p000,問題,存廢,U,20,20,2410,20,107706,107706,2410,20,6.481921663945669,6.481921663945669,,,1,,1656,1142
global_all,global_all_p000,善良,行狀,U,20,20,35,20,107706,107706,35,20,12.587456078118027,12.587456078118027,,,1,,1657,77
global_all,global_all_p000,國,會議,U,20,20,2370,642,107706,107706,2370,642,1.5015663590424309,1.5015663590424309,,,1,,1658,2459
global_all,global_all_p000,國會,改選,U,20,20,4674,35,107706,107706,4674,35,4.718942154222564,4.718942154222564,,,1,,1659,1641
global_all,global_all_p000,國會,重開,U,20,20,4674,20,107706,107706,4674,20,5.5262970762801675,5.5262970762801675,,,1,,1660,1415
global_all,global_all_p000,國民,資格,U,20,20,1096,148,107706,107706,1096,148,4.731181741360879,4.731181741360879,,,1,,1661,1637
global_all,global_all_p000,國民代表會議,條例,U,20,20,20,69,107706,107706,20,69,11.608214638284824,11.608214638284824,,,1,,1662,159
global_all,global_all_p000,國民大會,規定,U,20,20,594,1207,107706,107706,594,1207,2.587138108394568,2.587138108394568,,,1,,1663,2267
global_all,global_all_p000,地方,辦,U,20,20,2327,94,107706,107706,2327,94,4.2998228428673695,4.2998228428673695,,,1,,1664,1770
global_all,global_all_p000,埠,總商會,U,20,20,66,45,107706,107706,66,45,10.502419974262228,10.502419974262228,,,1,,1665,294
global_all,global_all_p000,增加,敎育,U,20,20,20,404,107706,107706,20,404,9.058527612311199,9.058527612311199,,,1,,1666,536
global_all,global_all_p000,大權,統,U,20,20,60,20,107706,107706,60,20,11.809848499454475,11.809848499454475,,,1,,1667,146
global_all,global_all_p000,委員,專門,U,20,20,502,40,107706,107706,502,40,7.745195541112221,7.745195541112221,,,1,,1668,795
global_all,global_all_p000,學校,專門,U,20,20,20,40,107706,107706,20,40,12.39481100017563,12.39481100017563,,,1,,1669,100
global_all,global_all_p000,學者,憲法,U,20,20,20,14834,107706,107706,20,14834,3.8601190413861475,3.8601190413861475,,,1,,1670,1896
global_all,global_all_p000,完成,選舉,U,20,20,666,2186,107706,107706,666,2186,1.5652111372071884,1.5652111372071884,,,1,,1671,2448
global_all,global_all_p000,宣告,戒嚴,U,20,20,323,20,107706,107706,323,20,9.381348740369068,9.381348740369068,,,1,,1672,472
global_all,global_all_p000,宣告,討論,U,20,20,323,1212,107706,107706,323,1212,3.4601028517834793,3.4601028517834793,,,1,,1673,2055
global_all,global_all_p000,實業,振興,U,20,20,62,20,107706,107706,62,20,11.762542784676118,11.762542784676118,,,1,,1674,151
global_all,global_all_p000,審查,開會,U,20,20,314,1008,107706,107706,314,1008,3.766766517558812,3.766766517558812,,,1,,1675,1963
global_all,global_all_p000,審查會,浙憲,U,20,20,131,20,107706,107706,131,20,10.683316093525542,10.683316093525542,,,1,,1676,270
global_all,global_all_p000,審查會,紀,U,20,20,131,20,107706,107706,131,20,10.683316093525542,10.683316093525542,,,1,,1677,271
global_all,global_all_p000,將軍,戴高樂,U,20,20,36,20,107706,107706,36,20,12.54681409362068,12.54681409362068,,,1,,1678,85
global_all,global_all_p000,專制,立憲,U,20,20,299,4911,107706,107706,299,4911,1.5528644085569405,1.5528644085569405,,,1,,1679,2449
global_all,global_all_p000,干涉,政治,U,20,20,64,1586,107706,107706,64,1586,5.407490134246377,5.407490134246377,,,1,,1680,1458
global_all,global_all_p000,彈劾,提出,U,20,20,36,851,107706,107706,36,851,7.13572686682208,7.13572686682208,,,1,,1681,923
global_all,global_all_p000,恢復,法統,U,20,20,381,36,107706,107706,381,36,8.29509500101472,8.29509500101472,,,1,,1682,663
global_all,global_all_p000,愛爾蘭,自由邦,U,20,20,20,36,107706,107706,20,36,12.54681409362068,12.54681409362068,,,1,,1683,86
global_all,global_all_p000,憲兵,設立,U,20,20,20,261,107706,107706,20,261,9.68883309849311,9.68883309849311,,,1,,1684,431
global_all,global_all_p000,憲政會,政友會,U,20,20,193,42,107706,107706,193,42,9.053892729903515,9.053892729903515,,,1,,1685,542
global_all,global_all_p000,憲法,推行,U,20,20,14834,82,107706,107706,14834,82,1.8244951316554263,1.8244951316554263,,,1,,1686,2406
global_all,global_all_p000,憲法,權,U,20,20,14834,111,107706,107706,14834,111,1.387631269923404,1.387631269923404,,,1,,1687,2471
global_all,global_all_p000,憲法,第七條,U,20,20,14834,20,107706,107706,14834,20,3.8601190413861475,3.8601190413861475,,,1,,1688,1909
global_all,global_all_p000,憲法,編訂,U,20,20,14834,20,107706,107706,14834,20,3.8601190413861475,3.8601190413861475,,,1,,1689,1922
global_all,global_all_p000,憲法,舉,U,20,20,14834,137,107706,107706,14834,137,1.084015053312983,1.084015053312983,,,1,,1690,2516
global_all,global_all_p000,憲法,論,U,20,20,14834,149,107706,107706,14834,149,0.9628786158113485,0.9628786158113485,,,1,,1691,2533
global_all,global_all_p000,憲法大臣,纂擬,U,20,20,35,56,107706,107706,35,56,11.102029250947785,11.102029250947785,,,1,,1692,210
global_all,global_all_p000,憲法會議,籌備會,U,20,20,865,44,107706,107706,865,44,6.822679248788971,6.822679248788971,,,1,,1693,1010
global_all,global_all_p000,憲法草案,討論,U,20,20,86,1212,107706,107706,86,1212,5.369228451775307,5.369228451775307,,,1,,1694,1469
global_all,global_all_p000,憲法草案,起草,U,20,20,86,663,107706,107706,86,663,6.2395373751356695,6.2395373751356695,,,1,,1695,1231
global_all,global_all_p000,戶口章程,調查,U,20,20,20,164,107706,107706,20,164,10.359187090444909,10.359187090444909,,,1,,1696,315
global_all,global_all_p000,手,訂,U,20,20,61,133,107706,107706,61,133,9.052647416886279,9.052647416886279,,,1,,1697,543
global_all,global_all_p000,投票,決定,U,20,20,374,354,107706,107706,374,354,5.024167179979721,5.024167179979721,,,1,,1698,1569
global_all,global_all_p000,抗議,提出,U,20,20,20,851,107706,107706,20,851,7.98372377337703,7.98372377337703,,,1,,1699,722
global_all,global_all_p000,提前,辦理,U,20,20,84,354,107706,107706,84,354,7.178744217088598,7.178744217088598,,,1,,1700,916
global_all,global_all_p000,政友,革新,U,20,20,73,105,107706,107706,73,105,9.134597113404215,9.134597113404215,,,1,,1701,523
global_all,global_all_p000,政治館,考察,U,20,20,20,358,107706,107706,20,358,9.232923317798736,9.232923317798736,,,1,,1702,499
global_all,global_all_p000,敎育,江蘇,U,20,20,404,98,107706,107706,404,98,6.765745863083352,6.765745863083352,,,1,,1703,1032
global_all,global_all_p000,施行,附則,U,20,20,402,20,107706,107706,402,20,9.065687403884064,9.065687403884064,,,1,,1704,535
global_all,global_all_p000,時代,過渡,U,20,20,312,102,107706,107706,312,102,7.080839629116611,7.080839629116611,,,1,,1705,940
global_all,global_all_p000,東京,聯合社,U,20,20,58,20,107706,107706,58,20,11.858758099935422,11.858758099935422,,,1,,1706,143
global_all,global_all_p000,機構,行政,U,20,20,57,1473,107706,107706,57,1473,5.681235460749765,5.681235460749765,,,1,,1707,1369
global_all,global_all_p000,權,輿,U,20,20,111,20,107706,107706,111,20,10.922323228712887,10.922323228712887,,,1,,1708,233
global_all,global_all_p000,欽奉 諭旨,軍機大臣,U,20,20,20,20,107706,107706,20,20,13.39481100017563,13.39481100017563,,,1,,1709,42
global_all,global_all_p000,決定,討論,U,20,20,354,1212,107706,107706,354,1212,3.327887656394407,3.327887656394407,,,1,,1710,2090
global_all,global_all_p000,決定,開會,U,20,20,354,1008,107706,107706,354,1008,3.5937817163674413,3.5937817163674413,,,1,,1711,2014
global_all,global_all_p000,無異議,通過,U,20,20,69,841,107706,107706,69,841,6.214180742917042,6.214180742917042,,,1,,1712,1236
global_all,global_all_p000,煙,禁,U,20,20,20,36,107706,107706,20,36,12.54681409362068,12.54681409362068,,,1,,1713,89
global_all,global_all_p000,發起,組織,U,20,20,20,1294,107706,107706,20,1294,7.379117193070486,7.379117193070486,,,1,,1714,863
global_all,global_all_p000,省,縣議會,U,20,20,2760,90,107706,107706,2760,90,4.116361541955149,4.116361541955149,,,1,,1715,1820
global_all,global_all_p000,省,預算,U,20,20,2760,109,107706,107706,2760,109,3.8400303135078975,3.8400303135078975,,,1,,1716,1946
global_all,global_all_p000,省憲,自制,U,20,20,185,20,107706,107706,185,20,10.185357634546682,10.185357634546682,,,1,,1717,346
global_all,global_all_p000,省議會,聯合會,U,20,20,337,144,107706,107706,337,144,6.472137407326184,6.472137407326184,,,1,,1718,1145
global_all,global_all_p000,省長,規定,U,20,20,361,1207,107706,107706,361,1207,3.305602202308163,3.305602202308163,,,1,,1719,2099
global_all,global_all_p000,秩序,維持,U,20,20,77,253,107706,107706,77,253,7.788887074561144,7.788887074561144,,,1,,1720,786
global_all,global_all_p000,立憲,組織,U,20,20,4911,1294,107706,107706,4911,1294,-0.5607558192374619,0,,,1,,1721,2624
global_all,global_all_p000,立憲,豫備,U,20,20,4911,20,107706,107706,4911,20,5.454937987867684,5.454937987867684,,,1,,1722,1445
global_all,global_all_p000,粵,閩,U,20,20,90,20,107706,107706,90,20,11.224885998733319,11.224885998733319,,,1,,1723,201
global_all,global_all_p000,組織,規定,U,20,20,1294,1207,107706,107706,1294,1207,1.4638353272028264,1.4638353272028264,,,1,,1724,2464
global_all,global_all_p000,組織,規程,U,20,20,1294,160,107706,107706,1294,160,4.379117193070486,4.379117193070486,,,1,,1725,1746
global_all,global_all_p000,聲明,鄭重,U,20,20,85,20,107706,107706,85,20,11.307348158925292,11.307348158925292,,,1,,1726,197
global_all,global_all_p000,茶話會,開,U,20,20,20,1666,107706,107706,20,1666,7.014566409697445,7.014566409697445,,,1,,1727,961
global_all,global_all_p000,訴訟,選舉,U,20,20,69,2186,107706,107706,69,2186,4.8360650475002815,4.8360650475002815,,,1,,1728,1611
global_all,global_all_p000,辦法,過渡,U,20,20,241,102,107706,107706,241,102,7.453352511748898,7.453352511748898,,,1,,1729,849
global_all,global_all_p000,選舉,開會,U,20,20,2186,1008,107706,107706,2186,1008,0.9673095807785342,0.9673095807785342,,,1,,1730,2531
global_all,global_all_p000,不能,成會,U,19,19,774,19,107706,107706,774,19,8.120549338918583,8.120549338918583,,,1,,1731,696
global_all,global_all_p000,主席,表決,U,19,19,901,262,107706,107706,901,262,4.11586031115559,4.11586031115559,,,1,,1732,1822
global_all,global_all_p000,事宜,北京,U,19,19,638,881,107706,107706,638,881,2.8642557858212956,2.8642557858212956,,,1,,1733,2194
global_all,global_all_p000,二十四,人,U,19,19,19,2114,107706,107706,19,2114,6.67097943368031,6.67097943368031,,,1,,1734,1061
global_all,global_all_p000,五鐘,北京,U,19,19,19,881,107706,107706,19,881,7.933740886142579,7.933740886142579,,,1,,1735,753
global_all,global_all_p000,人,六十,U,19,19,2114,19,107706,107706,2114,19,6.67097943368031,6.67097943368031,,,1,,1736,1068
global_all,global_all_p000,人,十九,U,19,19,2114,19,107706,107706,2114,19,6.67097943368031,6.67097943368031,,,1,,1737,1073
global_all,global_all_p000,人,意見,U,19,19,2114,497,107706,107706,2114,497,1.9618049055616094,1.9618049055616094,,,1,,1738,2381
global_all,global_all_p000,人,數百,U,19,19,2114,19,107706,107706,2114,19,6.67097943368031,6.67097943368031,,,1,,1739,1085
global_all,global_all_p000,人,注意,U,19,19,2114,62,107706,107706,2114,62,4.964710636737021,4.964710636737021,,,1,,1740,1583
global_all,global_all_p000,人,贊成,U,19,19,2114,429,107706,107706,2114,429,2.1740731096243495,2.1740731096243495,,,1,,1741,2341
global_all,global_all_p000,人權,宣言,U,19,19,46,112,107706,107706,46,112,9.633749730391962,9.633749730391962,,,1,,1742,438
global_all,global_all_p000,人民,共和黨,U,19,19,1912,19,107706,107706,1912,19,6.815872287082245,6.815872287082245,,,1,,1743,1015
global_all,global_all_p000,人民,謀,U,19,19,1912,213,107706,107706,1912,213,3.3290901802999917,3.3290901802999917,,,1,,1744,2089
global_all,global_all_p000,任命,總統,U,19,19,41,1739,107706,107706,41,1739,5.843072386581908,5.843072386581908,,,1,,1745,1331
global_all,global_all_p000,依法,解決,U,19,19,78,397,107706,107706,78,397,7.046269192501372,7.046269192501372,,,1,,1746,948
global_all,global_all_p000,俄,政府,U,19,19,41,2457,107706,107706,41,2457,5.34443246152633,5.34443246152633,,,1,,1747,1479
global_all,global_all_p000,修正,草案,U,19,19,504,56,107706,107706,504,56,7.180031762949058,7.180031762949058,,,1,,1748,915
global_all,global_all_p000,內閣,改組,U,19,19,912,109,107706,107706,912,109,5.3635922695649105,5.3635922695649105,,,1,,1749,1472
global_all,global_all_p000,兩,時期,U,19,19,1847,832,107706,107706,1847,832,1.413258739383048,1.413258739383048,,,1,,1750,2469
global_all,global_all_p000,具陳伏乞,皇上,U,19,19,40,181,107706,107706,40,181,9.14289262653601,9.14289262653601,,,1,,1751,522
global_all,global_all_p000,出示,曉諭,U,19,19,19,19,107706,107706,19,19,13.468811581619407,13.468811581619407,,,1,,1752,33
global_all,global_all_p000,列舉,規定,U,19,19,34,1207,107706,107706,34,1207,6.639993806501217,6.639993806501217,,,1,,1753,1098
global_all,global_all_p000,功,日程,U,19,19,19,252,107706,107706,19,252,9.739459171563077,9.739459171563077,,,1,,1754,421
global_all,global_all_p000,北京,大總統,U,19,19,881,211,107706,107706,881,211,4.46056921087898,4.46056921087898,,,1,,1755,1715
global_all,global_all_p000,北京,資政院,U,19,19,881,237,107706,107706,881,237,4.292925150687906,4.292925150687906,,,1,,1756,1772
global_all,global_all_p000,印度,聯邦,U,19,19,280,59,107706,107706,280,59,7.952740542199771,7.952740542199771,,,1,,1757,746
global_all,global_all_p000,原則,憲法,U,19,19,116,14834,107706,107706,116,14834,1.250065559702161,1.250065559702161,,,1,,1758,2495
global_all,global_all_p000,原則,高,U,19,19,116,240,107706,107706,116,240,7.199795017770487,7.199795017770487,,,1,,1759,903
global_all,global_all_p000,反對,賄選,U,19,19,513,47,107706,107706,513,47,7.407262741221887,7.407262741221887,,,1,,1760,859
global_all,global_all_p000,反對黨,領袖,U,19,19,19,116,107706,107706,19,116,10.858758099935422,10.858758099935422,,,1,,1761,245
global_all,global_all_p000,取消,憲法,U,19,19,34,14834,107706,107706,34,14834,3.0205837135793936,3.0205837135793936,,,1,,1762,2171
global_all,global_all_p000,召集,臨時會,U,19,19,858,90,107706,107706,858,90,5.727979674677358,5.727979674677358,,,1,,1763,1361
global_all,global_all_p000,問題,民選,U,19,19,2410,240,107706,107706,2410,240,2.822958581780736,2.822958581780736,,,1,,1764,2210
global_all,global_all_p000,國,行政,U,19,19,2370,1473,107706,107706,2370,1473,0.22945354968510784,0.22945354968510784,,,1,,1765,2589
global_all,global_all_p000,國,議會,U,19,19,2370,934,107706,107706,2370,934,0.8867165250112952,0.8867165250112952,,,1,,1766,2541
global_all,global_all_p000,國大,閉幕,U,19,19,265,40,107706,107706,265,40,8.592889964168654,8.592889964168654,,,1,,1767,623
global_all,global_all_p000,國家,安全,U,19,19,1683,40,107706,107706,1683,40,5.9259190522892675,5.9259190522892675,,,1,,1768,1307
global_all,global_all_p000,國家,建設,U,19,19,1683,95,107706,107706,1683,95,4.677991538845681,4.677991538845681,,,1,,1769,1651
global_all,global_all_p000,國家,獨立,U,19,19,1683,308,107706,107706,1683,308,2.981060606481728,2.981060606481728,,,1,,1770,2179
global_all,global_all_p000,國會,本身,U,19,19,4674,36,107706,107706,4674,36,4.604299588281441,4.604299588281441,,,1,,1771,1679
global_all,global_all_p000,國會,滬,U,19,19,4674,51,107706,107706,4674,51,4.101799247752258,4.101799247752258,,,1,,1772,1828
global_all,global_all_p000,國民,心理,U,19,19,1096,36,107706,107706,1096,36,6.696709524103739,6.696709524103739,,,1,,1773,1049
global_all,global_all_p000,國民大會,職權,U,19,19,594,224,107706,107706,594,224,4.9429925656482085,4.9429925656482085,,,1,,1774,1588
global_all,global_all_p000,國民會議,開,U,19,19,107,1666,107706,107706,107,1666,4.521026936739884,4.521026936739884,,,1,,1775,1700
global_all,global_all_p000,圖,緩,U,19,19,81,107,107706,107706,81,107,8.883349619220807,8.883349619220807,,,1,,1776,570
global_all,global_all_p000,團體,選出,U,19,19,280,58,107706,107706,280,58,7.97740259643404,7.97740259643404,,,1,,1777,736
global_all,global_all_p000,地方,辦理,U,19,19,2327,354,107706,107706,2327,354,2.3128055630182325,2.3128055630182325,,,1,,1778,2319
global_all,global_all_p000,地方,選舉,U,19,19,2327,2186,107706,107706,2327,2186,-0.31366657257067476,0,,,1,,1779,2616
global_all,global_all_p000,地方,長官,U,19,19,2327,146,107706,107706,2327,146,3.5905865542212125,3.5905865542212125,,,1,,1780,2015
global_all,global_all_p000,大會,宣言,U,19,19,790,112,107706,107706,790,112,5.531602843384509,5.531602843384509,,,1,,1781,1410
global_all,global_all_p000,大會,議決,U,19,19,790,328,107706,107706,790,328,3.981405760824029,3.981405760824029,,,1,,1782,1853
global_all,global_all_p000,大總統,規定,U,19,19,211,1207,107706,107706,211,1207,4.006357459044372,4.006357459044372,,,1,,1783,1848
global_all,global_all_p000,奧,德,U,19,19,19,209,107706,107706,19,209,10.009379962982111,10.009379962982111,,,1,,1784,376
global_all,global_all_p000,妥,訂,U,19,19,74,133,107706,107706,74,133,8.69993080737644,8.69993080737644,,,1,,1785,604
global_all,global_all_p000,委員,高級,U,19,19,502,19,107706,107706,502,19,8.74519554111222,8.74519554111222,,,1,,1786,597
global_all,global_all_p000,完成,建國,U,19,19,666,460,107706,107706,666,460,3.739798190490941,3.739798190490941,,,1,,1787,1972
global_all,global_all_p000,實施,訓政,U,19,19,1250,700,107706,107706,1250,700,2.2257431171248,2.2257431171248,,,1,,1788,2329
global_all,global_all_p000,實際,政治,U,19,19,19,1586,107706,107706,19,1586,7.085562039359014,7.085562039359014,,,1,,1789,935
global_all,global_all_p000,審判,衙門,U,19,19,47,115,107706,107706,47,115,9.564587705884566,9.564587705884566,,,1,,1790,447
global_all,global_all_p000,專額,議員,U,19,19,19,2706,107706,107706,19,2706,6.314792971086456,6.314792971086456,,,1,,1791,1199
global_all,global_all_p000,工作,建國,U,19,19,144,460,107706,107706,144,460,5.949251556119891,5.949251556119891,,,1,,1792,1303
global_all,global_all_p000,建設,政治,U,19,19,95,1586,107706,107706,95,1586,4.763633944471652,4.763633944471652,,,1,,1793,1629
global_all,global_all_p000,建議,政府,U,19,19,19,2457,107706,107706,19,2457,6.454056952700828,6.454056952700828,,,1,,1794,1151
global_all,global_all_p000,德,駐,U,19,19,209,94,107706,107706,209,94,7.702718624748059,7.702718624748059,,,1,,1795,801
global_all,global_all_p000,憲政,研究,U,19,19,5608,181,107706,107706,5608,181,2.0115500874127497,2.0115500874127497,,,1,,1796,2373
global_all,global_all_p000,憲政,考查,U,19,19,5608,19,107706,107706,5608,19,5.26346846105237,5.26346846105237,,,1,,1797,1508
global_all,global_all_p000,憲政,討論,U,19,19,5608,1212,107706,107706,5608,1212,-0.7317780089769957,0,,,1,,1798,2635
global_all,global_all_p000,憲政,論,U,19,19,5608,149,107706,107706,5608,149,2.2922274540337937,2.2922274540337937,,,1,,1799,2320
global_all,global_all_p000,憲政籌備處,設,U,19,19,41,409,107706,107706,41,409,7.931157570946746,7.931157570946746,,,1,,1800,760
global_all,global_all_p000,憲政館,核訂,U,19,19,249,19,107706,107706,249,19,9.756737162994913,9.756737162994913,,,1,,1801,417
global_all,global_all_p000,憲政館,資政院,U,19,19,249,237,107706,107706,249,237,6.115921427540239,6.115921427540239,,,1,,1802,1261
global_all,global_all_p000,憲法,爭執,U,19,19,14834,19,107706,107706,14834,19,3.8601190413861475,3.8601190413861475,,,1,,1803,1905
global_all,global_all_p000,憲法,發生,U,19,19,14834,170,107706,107706,14834,170,0.6986556186920313,0.6986556186920313,,,1,,1804,2562
global_all,global_all_p000,憲法,編制,U,19,19,14834,19,107706,107706,14834,19,3.8601190413861475,3.8601190413861475,,,1,,1805,1919
global_all,global_all_p000,憲法,贊成,U,19,19,14834,429,107706,107706,14834,429,-0.6367872826698125,0,,,1,,1806,2630
global_all,global_all_p000,成立會,開,U,19,19,19,1666,107706,107706,19,1666,7.014566409697445,7.014566409697445,,,1,,1807,958
global_all,global_all_p000,承認,新,U,19,19,137,3317,107706,107706,137,3317,3.1709712287580296,3.1709712287580296,,,1,,1808,2134
global_all,global_all_p000,投票,贊成,U,19,19,374,429,107706,107706,374,429,4.672938311119396,4.672938311119396,,,1,,1809,1654
global_all,global_all_p000,接,緊要,U,19,19,19,210,107706,107706,19,210,10.002493577396871,10.002493577396871,,,1,,1810,377
global_all,global_all_p000,推,狄克,U,19,19,46,19,107706,107706,46,19,12.19317713900598,12.19317713900598,,,1,,1811,116
global_all,global_all_p000,提出,質問書,U,19,19,851,19,107706,107706,851,19,7.98372377337703,7.98372377337703,,,1,,1812,724
global_all,global_all_p000,攝政,王,U,19,19,89,213,107706,107706,89,213,7.754223557314343,7.754223557314343,,,1,,1813,790
global_all,global_all_p000,改革,政治,U,19,19,179,1586,107706,107706,179,1586,3.8496737755383434,3.8496737755383434,,,1,,1814,1944
global_all,global_all_p000,政府,革命,U,19,19,2457,229,107706,107706,2457,229,2.8627806780474696,2.8627806780474696,,,1,,1815,2196
global_all,global_all_p000,政權,開放,U,19,19,99,19,107706,107706,99,19,11.087382474983384,11.087382474983384,,,1,,1816,214
global_all,global_all_p000,施行,頒布,U,19,19,402,323,107706,107706,402,323,4.978224562633725,4.978224562633725,,,1,,1817,1580
global_all,global_all_p000,日皇,裕仁,U,19,19,19,19,107706,107706,19,19,13.468811581619407,13.468811581619407,,,1,,1818,34
global_all,global_all_p000,會議,結果,U,19,19,642,236,107706,107706,642,236,4.755594072022435,4.755594072022435,,,1,,1819,1632
global_all,global_all_p000,朝廷,立憲,U,19,19,91,4911,107706,107706,91,4911,3.1950708611125727,3.1950708611125727,,,1,,1820,2127
global_all,global_all_p000,根本,法律,U,19,19,685,642,107706,107706,685,642,3.2182769435363863,3.2182769435363863,,,1,,1821,2122
global_all,global_all_p000,極端,贊成,U,19,19,36,429,107706,107706,36,429,8.04990776956472,8.04990776956472,,,1,,1822,709
global_all,global_all_p000,法案,組織,U,19,19,34,1294,107706,107706,34,1294,6.539581865263732,6.539581865263732,,,1,,1823,1116
global_all,global_all_p000,滋,紛擾,U,19,19,19,19,107706,107706,19,19,13.468811581619407,13.468811581619407,,,1,,1824,35
global_all,global_all_p000,狀況,經濟,U,19,19,19,293,107706,107706,19,293,9.521982240640746,9.521982240640746,,,1,,1825,450
global_all,global_all_p000,痛,詆,U,19,19,19,19,107706,107706,19,19,13.468811581619407,13.468811581619407,,,1,,1826,36
global_all,global_all_p000,發出,通告,U,19,19,19,19,107706,107706,19,19,13.468811581619407,13.468811581619407,,,1,,1827,37
global_all,global_all_p000,皇上,陳伏乞,U,19,19,181,19,107706,107706,181,19,10.216893207979787,10.216893207979787,,,1,,1828,341
global_all,global_all_p000,省長,趙,U,19,19,361,19,107706,107706,361,19,9.220884068175822,9.220884068175822,,,1,,1829,500
global_all,global_all_p000,省長,選舉,U,19,19,361,2186,107706,107706,361,2186,2.374733895947503,2.374733895947503,,,1,,1830,2310
global_all,global_all_p000,省長,齊,U,19,19,361,19,107706,107706,361,19,9.220884068175822,9.220884068175822,,,1,,1831,502
global_all,global_all_p000,立憲,精神,U,19,19,4911,181,107706,107706,4911,181,2.2030196142280634,2.2030196142280634,,,1,,1832,2335
global_all,global_all_p000,第一條,總綱,U,19,19,61,42,107706,107706,61,42,10.641611848164931,10.641611848164931,,,1,,1833,277
global_all,global_all_p000,緊急會議,開,U,19,19,19,1666,107706,107706,19,1666,7.014566409697445,7.014566409697445,,,1,,1834,959
global_all,global_all_p000,聚,訟,U,19,19,19,19,107706,107706,19,19,13.468811581619407,13.468811581619407,,,1,,1835,38
global_all,global_all_p000,草定,行政,U,19,19,63,1473,107706,107706,63,1473,5.462844969970813,5.462844969970813,,,1,,1836,1438
global_all,global_all_p000,衆議院,開,U,19,19,257,1666,107706,107706,257,1666,3.256869373947153,3.256869373947153,,,1,,1837,2111
global_all,global_all_p000,衆院,議員,U,19,19,92,2706,107706,107706,92,2706,4.0391585284730285,4.0391585284730285,,,1,,1838,1838
global_all,global_all_p000,表示,贊同,U,19,19,233,103,107706,107706,233,103,7.4139799366690795,7.4139799366690795,,,1,,1839,857
global_all,global_all_p000,西安,飯店,U,19,19,19,19,107706,107706,19,19,13.468811581619407,13.468811581619407,,,1,,1840,39
global_all,global_all_p000,討論,通過,U,19,19,1212,841,107706,107706,1212,841,2.0055306347784834,2.0055306347784834,,,1,,1841,2374
global_all,global_all_p000,一般,民衆,U,18,18,138,41,107706,107706,138,41,9.420587635109053,9.420587635109053,,,1,,1842,465
global_all,global_all_p000,三時,午後,U,18,18,48,169,107706,107706,48,169,8.900822159501965,8.900822159501965,,,1,,1843,566
global_all,global_all_p000,上諭,監國,U,18,18,34,83,107706,107706,34,83,10.42416182390804,10.42416182390804,,,1,,1844,308
global_all,global_all_p000,不信任案,提出,U,18,18,18,851,107706,107706,18,851,7.98372377337703,7.98372377337703,,,1,,1845,719
global_all,global_all_p000,不可,勝,U,18,18,370,18,107706,107706,370,18,9.185357634546682,9.185357634546682,,,1,,1846,509
global_all,global_all_p000,世界,憲法,U,18,18,155,14834,107706,107706,155,14834,0.7539196375542225,0.7539196375542225,,,1,,1847,2559
global_all,global_all_p000,主席,孫科,U,18,18,901,46,107706,107706,901,46,6.547718844634754,6.547718844634754,,,1,,1848,1114
global_all,global_all_p000,主張,制憲,U,18,18,611,2467,107706,107706,611,2467,1.3630935263864528,1.3630935263864528,,,1,,1849,2475
global_all,global_all_p000,主張,召集,U,18,18,611,858,107706,107706,611,858,2.8868016891870303,2.8868016891870303,,,1,,1850,2189
global_all,global_all_p000,事宜,自治,U,18,18,638,2019,107706,107706,638,2019,1.5898262874089628,1.5898262874089628,,,1,,1851,2444
global_all,global_all_p000,二讀會,憲法,U,18,18,75,14834,107706,107706,75,14834,1.8012253523325792,1.8012253523325792,,,1,,1852,2411
global_all,global_all_p000,五權憲法,總理,U,18,18,170,521,107706,107706,170,521,5.4521335980890955,5.4521335980890955,,,1,,1853,1446
global_all,global_all_p000,五百,人,U,18,18,18,2114,107706,107706,18,2114,6.67097943368031,6.67097943368031,,,1,,1854,1066
global_all,global_all_p000,人,十八,U,18,18,2114,18,107706,107706,2114,18,6.67097943368031,6.67097943368031,,,1,,1855,1076
global_all,global_all_p000,人,十四,U,18,18,2114,18,107706,107706,2114,18,6.67097943368031,6.67097943368031,,,1,,1856,1078
global_all,global_all_p000,人,起草,U,18,18,2114,663,107706,107706,2114,663,1.4680393750100347,1.4680393750100347,,,1,,1857,2463
global_all,global_all_p000,人員,候補,U,18,18,53,61,107706,107706,53,61,10.22800630437922,10.22800630437922,,,1,,1858,337
global_all,global_all_p000,人數,在場,U,18,18,588,34,107706,107706,588,34,7.599528910418601,7.599528910418601,,,1,,1859,824
global_all,global_all_p000,人民,公意,U,18,18,1912,18,107706,107706,1912,18,6.815872287082245,6.815872287082245,,,1,,1860,1014
global_all,global_all_p000,付託,國民,U,18,18,18,1096,107706,107706,18,1096,7.618707012102466,7.618707012102466,,,1,,1861,817
global_all,global_all_p000,代表,女,U,18,18,1409,18,107706,107706,1409,18,7.256283198753357,7.256283198753357,,,1,,1862,889
global_all,global_all_p000,代表,請願,U,18,18,1409,75,107706,107706,1409,75,5.1973895096997875,5.1973895096997875,,,1,,1863,1532
global_all,global_all_p000,代表,黨,U,18,18,1409,378,107706,107706,1409,378,2.863965775974596,2.863965775974596,,,1,,1864,2195
global_all,global_all_p000,代議,政治,U,18,18,69,1586,107706,107706,69,1586,5.146962584023158,5.146962584023158,,,1,,1865,1547
global_all,global_all_p000,修改,提出,U,18,18,640,851,107706,107706,640,851,2.8317206799319803,2.8317206799319803,,,1,,1866,2206
global_all,global_all_p000,修改,討論,U,18,18,640,1212,107706,107706,640,1212,2.321562018144992,2.321562018144992,,,1,,1867,2318
global_all,global_all_p000,修正,擬,U,18,18,504,410,107706,107706,504,410,4.2299040734999425,4.2299040734999425,,,1,,1868,1790
global_all,global_all_p000,修正文,憲法,U,18,18,18,14834,107706,107706,18,14834,3.8601190413861475,3.8601190413861475,,,1,,1869,1883
global_all,global_all_p000,們,先生,U,18,18,33,135,107706,107706,33,135,9.76545438009602,9.76545438009602,,,1,,1870,414
global_all,global_all_p000,兩,組,U,18,18,1847,33,107706,107706,1847,33,5.991301826164413,5.991301826164413,,,1,,1871,1294
global_all,global_all_p000,公布,議決,U,18,18,512,328,107706,107706,512,328,4.529112091887222,4.529112091887222,,,1,,1872,1697
global_all,global_all_p000,公所,自治,U,18,18,34,2019,107706,107706,34,2019,5.819776059923493,5.819776059923493,,,1,,1873,1336
global_all,global_all_p000,公益,地方,U,18,18,18,2327,107706,107706,18,2327,6.5324835996576445,6.5324835996576445,,,1,,1874,1118
global_all,global_all_p000,共同,研究,U,18,18,135,181,107706,107706,135,181,7.310002612371269,7.310002612371269,,,1,,1875,879
global_all,global_all_p000,出席,說明,U,18,18,451,56,107706,107706,451,56,7.26232555119232,7.26232555119232,,,1,,1876,887
global_all,global_all_p000,出席,開會,U,18,18,451,1008,107706,107706,451,1008,3.092400549750008,3.092400549750008,,,1,,1877,2154
global_all,global_all_p000,分子,重要,U,18,18,33,289,107706,107706,33,289,8.667344294646172,8.667344294646172,,,1,,1878,614
global_all,global_all_p000,制定,國大,U,18,18,1521,265,107706,107706,1521,265,3.2660111093302473,3.2660111093302473,,,1,,1879,2110
global_all,global_all_p000,制定,機關,U,18,18,1521,1065,107706,107706,1521,1065,1.259221943667608,1.259221943667608,,,1,,1880,2492
global_all,global_all_p000,制定,程序,U,18,18,1521,210,107706,107706,1521,210,3.601614141114686,3.601614141114686,,,1,,1881,2012
global_all,global_all_p000,副總統,繼任,U,18,18,322,45,107706,107706,322,45,8.063894122061013,8.063894122061013,,,1,,1882,707
global_all,global_all_p000,北京,情形,U,18,18,881,418,107706,107706,881,418,3.3963067555040087,3.3963067555040087,,,1,,1883,2071
global_all,global_all_p000,區域,特別,U,18,18,76,119,107706,107706,76,119,8.743918819753777,8.743918819753777,,,1,,1884,598
global_all,global_all_p000,反對,通電,U,18,18,513,33,107706,107706,513,33,7.839454961539798,7.839454961539798,,,1,,1885,774
global_all,global_all_p000,可靠,方面,U,18,18,18,262,107706,107706,18,262,9.683316093525542,9.683316093525542,,,1,,1886,433
global_all,global_all_p000,合併,國會,U,18,18,122,4674,107706,107706,122,4674,2.765484740159594,2.765484740159594,,,1,,1887,2223
global_all,global_all_p000,同意,院,U,18,18,135,257,107706,107706,135,257,6.804223950260596,6.804223950260596,,,1,,1888,1025
global_all,global_all_p000,君子,邦人,U,18,18,18,18,107706,107706,18,18,13.54681409362068,13.54681409362068,,,1,,1889,29
global_all,global_all_p000,和平,民主,U,18,18,284,1360,107706,107706,284,1360,3.3275260408629217,3.3275260408629217,,,1,,1890,2092
global_all,global_all_p000,和談,恢復,U,18,18,18,381,107706,107706,18,381,9.143091907569671,9.143091907569671,,,1,,1891,520
global_all,global_all_p000,咨請,省長,U,18,18,44,361,107706,107706,44,361,7.931377450980837,7.931377450980837,,,1,,1892,759
global_all,global_all_p000,商榷會,憲法,U,18,18,18,14834,107706,107706,18,14834,3.8601190413861475,3.8601190413861475,,,1,,1893,1893
global_all,global_all_p000,問題,提出,U,18,18,2410,851,107706,107706,2410,851,0.9188313437020187,0.9188313437020187,,,1,,1894,2539
global_all,global_all_p000,問題,責任,U,18,18,2410,114,107706,107706,2410,114,3.81895665122324,3.81895665122324,,,1,,1895,1949
global_all,global_all_p000,問題,關係,U,18,18,2410,392,107706,107706,2410,392,2.037136821272773,2.037136821272773,,,1,,1896,2369
global_all,global_all_p000,國,歷史,U,18,18,2370,51,107706,107706,2370,51,5.003567410748188,5.003567410748188,,,1,,1897,1575
global_all,global_all_p000,國,統一,U,18,18,2370,349,107706,107706,2370,349,2.2289095265100314,2.2289095265100314,,,1,,1898,2328
global_all,global_all_p000,國力,集中,U,18,18,18,18,107706,107706,18,18,13.54681409362068,13.54681409362068,,,1,,1899,30
global_all,global_all_p000,國外,要聞,U,18,18,18,78,107706,107706,18,78,11.431336876200744,11.431336876200744,,,1,,1900,177
global_all,global_all_p000,國家,大計,U,18,18,1683,53,107706,107706,1683,53,5.441924180612157,5.441924180612157,,,1,,1901,1448
global_all,global_all_p000,國家,聯邦,U,18,18,1683,59,107706,107706,1683,59,5.287201585813515,5.287201585813515,,,1,,1902,1492
global_all,global_all_p000,國會,設,U,18,18,4674,409,107706,107706,4674,409,1.020265044780731,1.020265044780731,,,1,,1903,2523
global_all,global_all_p000,執行,機關,U,18,18,148,1065,107706,107706,148,1065,4.620573015763155,4.620573015763155,,,1,,1904,1672
global_all,global_all_p000,大總統,黎,U,18,18,211,106,107706,107706,211,106,7.437644453234921,7.437644453234921,,,1,,1905,852
global_all,global_all_p000,大街,石駙馬,U,18,18,18,18,107706,107706,18,18,13.54681409362068,13.54681409362068,,,1,,1906,31
global_all,global_all_p000,大選,舉行,U,18,18,38,405,107706,107706,38,405,7.976958485289733,7.976958485289733,,,1,,1907,738
global_all,global_all_p000,天恩,懇,U,18,18,18,18,107706,107706,18,18,13.54681409362068,13.54681409362068,,,1,,1908,32
global_all,global_all_p000,奏請,欽定,U,18,18,49,136,107706,107706,49,136,9.184491411139758,9.184491411139758,,,1,,1909,512
global_all,global_all_p000,委員,常務,U,18,18,502,40,107706,107706,502,40,7.593192447667171,7.593192447667171,,,1,,1910,826
global_all,global_all_p000,委員,派,U,18,18,502,642,107706,107706,502,642,3.58869105543223,3.58869105543223,,,1,,1911,2016
global_all,global_all_p000,委員會,組織,U,18,18,108,1294,107706,107706,108,1294,4.79415469234933,4.79415469234933,,,1,,1912,1623
global_all,global_all_p000,學堂,法律,U,18,18,131,642,107706,107706,131,642,5.526811607845552,5.526811607845552,,,1,,1913,1412
global_all,global_all_p000,宗旨,立憲,U,18,18,50,4911,107706,107706,50,4911,3.9810067995352707,3.9810067995352707,,,1,,1914,1854
global_all,global_all_p000,官吏,政府,U,18,18,84,2457,107706,107706,84,2457,4.23166453136438,4.23166453136438,,,1,,1915,1788
global_all,global_all_p000,官廳,行政,U,18,18,18,1473,107706,107706,18,1473,7.192197380027143,7.192197380027143,,,1,,1916,908
global_all,global_all_p000,宣告,開會,U,18,18,323,1008,107706,107706,323,1008,3.573993818311464,3.573993818311464,,,1,,1917,2020
global_all,global_all_p000,宣布,獨立,U,18,18,204,308,107706,107706,204,308,5.9474522138389085,5.9474522138389085,,,1,,1918,1304
global_all,global_all_p000,實施,開始,U,18,18,1250,315,107706,107706,1250,315,3.299743698568577,3.299743698568577,,,1,,1919,2101
global_all,global_all_p000,審查,憲法,U,18,18,314,14834,107706,107706,314,14834,-0.2645767060631671,0,,,1,,1920,2614
global_all,global_all_p000,審查,起草,U,18,18,314,663,107706,107706,314,663,4.219178287501091,4.219178287501091,,,1,,1921,1791
global_all,global_all_p000,專制,政治,U,18,18,299,1586,107706,107706,299,1586,3.031485366603222,3.031485366603222,,,1,,1922,2168
global_all,global_all_p000,幸福,謀,U,18,18,18,213,107706,107706,18,213,9.982029474837155,9.982029474837155,,,1,,1923,382
global_all,global_all_p000,彈劾案,提出,U,18,18,18,851,107706,107706,18,851,7.98372377337703,7.98372377337703,,,1,,1924,720
global_all,global_all_p000,情形,籌辦,U,18,18,418,373,107706,107706,418,373,4.636273144169184,4.636273144169184,,,1,,1925,1664
global_all,global_all_p000,意見,憲草,U,18,18,497,41,107706,107706,497,41,7.572010050324936,7.572010050324936,,,1,,1926,829
global_all,global_all_p000,憲,毀,U,18,18,213,66,107706,107706,213,66,8.107560356921013,8.107560356921013,,,1,,1927,701
global_all,global_all_p000,憲政大臣,李家駒,U,18,18,147,18,107706,107706,147,18,10.517066750226629,10.517066750226629,,,1,,1928,291
global_all,global_all_p000,憲政會,東京電,U,18,18,193,18,107706,107706,193,18,10.124282057794913,10.124282057794913,,,1,,1929,356
global_all,global_all_p000,憲政編查館,提調,U,18,18,853,18,107706,107706,853,18,7.980337163744703,7.980337163744703,,,1,,1930,728
global_all,global_all_p000,憲政編查館,辦理,U,18,18,853,354,107706,107706,853,354,3.6826566151040176,3.6826566151040176,,,1,,1931,1987
global_all,global_all_p000,憲政館,蘇撫咨,U,18,18,249,18,107706,107706,249,18,9.756737162994913,9.756737162994913,,,1,,1932,418
global_all,global_all_p000,憲政黨,民主,U,18,18,18,1360,107706,107706,18,1360,7.307348158925292,7.307348158925292,,,1,,1933,880
global_all,global_all_p000,憲法,改,U,18,18,14834,106,107706,107706,14834,106,1.3021235882652609,1.3021235882652609,,,1,,1934,2483
global_all,global_all_p000,憲法,會議,U,18,18,14834,642,107706,107706,14834,642,-1.2963854442938432,0,,,1,,1935,2647
global_all,global_all_p000,憲法,第八條,U,18,18,14834,18,107706,107706,14834,18,3.8601190413861475,3.8601190413861475,,,1,,1936,1915
global_all,global_all_p000,憲法,紀念,U,18,18,14834,63,107706,107706,14834,63,2.0527641193285433,2.0527641193285433,,,1,,1937,2366
global_all,global_all_p000,憲法,舊,U,18,18,14834,594,107706,107706,14834,594,-1.184275077972306,0,,,1,,1938,2644
global_all,global_all_p000,憲法審議會,開會,U,18,18,66,1008,107706,107706,66,1008,5.8649900536469355,5.8649900536469355,,,1,,1939,1326
global_all,global_all_p000,戰爭,結束,U,18,18,18,103,107706,107706,18,103,11.030238567879774,11.030238567879774,,,1,,1940,217
global_all,global_all_p000,提出,規定,U,18,18,851,1207,107706,107706,851,1207,1.9164388140643211,1.9164388140643211,,,1,,1941,2389
global_all,global_all_p000,擬定,辦法,U,18,18,18,241,107706,107706,18,241,9.803849758833032,9.803849758833032,,,1,,1942,406
global_all,global_all_p000,政府,法,U,18,18,2457,466,107706,107706,2457,466,1.7597958094888604,1.7597958094888604,,,1,,1943,2416
global_all,global_all_p000,政府,責,U,18,18,2457,18,107706,107706,2457,18,6.454056952700828,6.454056952700828,,,1,,1944,1157
global_all,global_all_p000,新,閣員,U,18,18,3317,61,107706,107706,3317,61,4.260263462154397,4.260263462154397,,,1,,1945,1783
global_all,global_all_p000,方法,解決,U,18,18,160,397,107706,107706,160,397,5.931740804474985,5.931740804474985,,,1,,1946,1306
global_all,global_all_p000,方面,議員,U,18,18,262,2706,107706,107706,262,2706,2.451294970991318,2.451294970991318,,,1,,1947,2296
global_all,global_all_p000,日期,選舉,U,18,18,81,2186,107706,107706,81,2186,4.452736407948776,4.452736407948776,,,1,,1948,1719
global_all,global_all_p000,時代,訓政,U,18,18,312,700,107706,107706,312,700,4.150050765810728,4.150050765810728,,,1,,1949,1812
global_all,global_all_p000,會同,資政院,U,18,18,115,237,107706,107706,115,237,7.152430796662671,7.152430796662671,,,1,,1950,920
global_all,global_all_p000,杜邁格,總理,U,18,18,18,521,107706,107706,18,521,8.691599532784485,8.691599532784485,,,1,,1951,609
global_all,global_all_p000,根本,立國,U,18,18,685,18,107706,107706,685,18,8.296778917215104,8.296778917215104,,,1,,1952,662
global_all,global_all_p000,欽顯,皇后,U,18,18,35,35,107706,107706,35,35,11.628098062615372,11.628098062615372,,,1,,1953,158
global_all,global_all_p000,步,第三,U,18,18,18,47,107706,107706,18,47,12.162150243385355,12.162150243385355,,,1,,1954,120
global_all,global_all_p000,民事,訴訟,U,18,18,34,69,107706,107706,34,69,10.690676798476797,10.690676798476797,,,1,,1955,266
global_all,global_all_p000,民國憲法,第十四條,U,18,18,18,35,107706,107706,18,35,12.587456078118027,12.587456078118027,,,1,,1956,79
global_all,global_all_p000,民族,民權,U,18,18,94,121,107706,107706,94,121,8.413212007553074,8.413212007553074,,,1,,1957,642
global_all,global_all_p000,民族,自決,U,18,18,94,18,107706,107706,94,18,11.162150243385355,11.162150243385355,,,1,,1958,206
global_all,global_all_p000,民權,直接,U,18,18,121,134,107706,107706,121,134,7.901711668772938,7.901711668772938,,,1,,1959,765
global_all,global_all_p000,求,立憲,U,18,18,92,4911,107706,107706,92,4911,3.101301033252983,3.101301033252983,,,1,,1960,2152
global_all,global_all_p000,求,統一,U,18,18,92,349,107706,107706,92,349,6.916018914238641,6.916018914238641,,,1,,1961,984
global_all,global_all_p000,法規,行政,U,18,18,72,1473,107706,107706,72,1473,5.192197380027143,5.192197380027143,,,1,,1962,1537
global_all,global_all_p000,派,添,U,18,18,642,18,107706,107706,642,18,8.39030960794069,8.39030960794069,,,1,,1963,644
global_all,global_all_p000,演說,畢,U,18,18,55,59,107706,107706,55,59,10.222661333618804,10.222661333618804,,,1,,1964,338
global_all,global_all_p000,王,議長,U,18,18,213,664,107706,107706,213,664,4.776915044932542,4.776915044932542,,,1,,1965,1627
global_all,global_all_p000,產,階級,U,18,18,18,35,107706,107706,18,35,12.587456078118027,12.587456078118027,,,1,,1966,80
global_all,global_all_p000,疆,臣,U,18,18,18,53,107706,107706,18,53,11.988818640499794,11.988818640499794,,,1,,1967,130
global_all,global_all_p000,監察,立法,U,18,18,116,769,107706,107706,116,769,5.441843313415907,5.441843313415907,,,1,,1968,1449
global_all,global_all_p000,直接,關係,U,18,18,134,392,107706,107706,134,392,6.205865061932324,6.205865061932324,,,1,,1969,1243
global_all,global_all_p000,省,省長,U,18,18,2760,361,107706,107706,2760,361,1.960356517952603,1.960356517952603,,,1,,1970,2383
global_all,global_all_p000,省政府,聯,U,18,18,18,173,107706,107706,18,173,10.282110867426269,10.282110867426269,,,1,,1971,326
global_all,global_all_p000,省會,選舉,U,18,18,18,2186,107706,107706,18,2186,6.622661409391088,6.622661409391088,,,1,,1972,1104
global_all,global_all_p000,省議會,開會,U,18,18,337,1008,107706,107706,337,1008,3.51277939182353,3.51277939182353,,,1,,1973,2036
global_all,global_all_p000,研究,討論,U,18,18,181,1212,107706,107706,181,1212,4.143644225949149,4.143644225949149,,,1,,1974,1815
global_all,global_all_p000,破壞,約法,U,18,18,143,269,107706,107706,143,269,6.6553303971702915,6.6553303971702915,,,1,,1975,1093
global_all,global_all_p000,立委,選舉,U,18,18,33,2186,107706,107706,33,2186,5.748192291474947,5.748192291474947,,,1,,1976,1355
global_all,global_all_p000,立法院,院長,U,18,18,166,245,107706,107706,166,245,6.57498672615581,6.57498672615581,,,1,,1977,1110
global_all,global_all_p000,組織,總統,U,18,18,1294,1739,107706,107706,1294,1739,0.7849999772062106,0.7849999772062106,,,1,,1978,2553
global_all,global_all_p000,組織,聯合,U,18,18,1294,113,107706,107706,1294,113,4.72886323209761,4.72886323209761,,,1,,1979,1638
global_all,global_all_p000,經濟,財政,U,18,18,293,465,107706,107706,293,465,4.830820336087664,4.830820336087664,,,1,,1980,1613
global_all,global_all_p000,綱領,訓政,U,18,18,47,700,107706,107706,47,700,6.880864132995339,6.880864132995339,,,1,,1981,992
global_all,global_all_p000,縣,設,U,18,18,946,409,107706,107706,946,409,3.325010690224161,3.325010690224161,,,1,,1982,2093
global_all,global_all_p000,總統,罷免,U,18,18,1739,46,107706,107706,1739,46,5.599059923141706,5.599059923141706,,,1,,1983,1383
global_all,global_all_p000,美,蘇,U,18,18,545,33,107706,107706,545,33,7.752157557482564,7.752157557482564,,,1,,1984,791
global_all,global_all_p000,美,駐,U,18,18,545,94,107706,107706,545,94,6.241962825163379,6.241962825163379,,,1,,1985,1228
global_all,global_all_p000,聯合會,開,U,18,18,144,1666,107706,107706,144,1666,4.014566409697445,4.014566409697445,,,1,,1986,1845
global_all,global_all_p000,聯席會議,開,U,18,18,18,1666,107706,107706,18,1666,7.014566409697445,7.014566409697445,,,1,,1987,960
global_all,global_all_p000,自治,鄕,U,18,18,2019,106,107706,107706,2019,106,4.179318446610633,4.179318446610633,,,1,,1988,1799
global_all,global_all_p000,行政,裁判院,U,18,18,1473,18,107706,107706,1473,18,7.192197380027143,7.192197380027143,,,1,,1989,913
global_all,global_all_p000,表,贊成,U,18,18,188,429,107706,107706,188,429,5.587241407328122,5.587241407328122,,,1,,1990,1387
global_all,global_all_p000,表決,討論,U,18,18,262,1212,107706,107706,262,1212,3.6100671114949043,3.6100671114949043,,,1,,1991,2009
global_all,global_all_p000,要求,解散,U,18,18,173,663,107706,107706,173,663,5.079170808755993,5.079170808755993,,,1,,1992,1558
global_all,global_all_p000,請假,議員,U,18,18,39,2706,107706,107706,39,2706,5.19931575366652,5.19931575366652,,,1,,1993,1531
global_all,global_all_p000,請旨,辦理,U,18,18,33,354,107706,107706,33,354,8.374664427063854,8.374664427063854,,,1,,1994,648
global_all,global_all_p000,議員,陳,U,18,18,2706,50,107706,107706,2706,50,4.840861782754043,4.840861782754043,,,1,,1995,1609
global_all,global_all_p000,議員,額數,U,18,18,2706,18,107706,107706,2706,18,6.314792971086456,6.314792971086456,,,1,,1996,1206
global_all,global_all_p000,議院法,選舉法,U,18,18,18,34,107706,107706,18,34,12.629276253812654,12.629276253812654,,,1,,1997,75
global_all,global_all_p000,變通,辦理,U,18,18,86,354,107706,107706,86,354,6.99279379172021,6.99279379172021,,,1,,1998,966
global_all,global_all_p000,辦,選舉,U,18,18,94,2186,107706,107706,94,2186,4.2379975591557635,4.2379975591557635,,,1,,1999,1787
global_all,global_all_p000,通過,開會,U,18,18,841,1008,107706,107706,841,1008,2.1934221827502447,2.1934221827502447,,,1,,2000,2337
global_all,global_all_p000,進行,順利,U,18,18,385,18,107706,107706,385,18,9.128024459480729,9.128024459480729,,,1,,2001,525
global_all,global_all_p000,一致,不能,U,17,17,451,774,107706,107706,451,774,3.3910285569135414,3.3910285569135414,,,1,,2002,2075
global_all,global_all_p000,一致,人民,U,17,17,451,1912,107706,107706,451,1912,2.086351505077203,2.086351505077203,,,1,,2003,2359
global_all,global_all_p000,一致,努力,U,17,17,451,80,107706,107706,451,80,6.665290218170589,6.665290218170589,,,1,,2004,1089
global_all,global_all_p000,一致,行動,U,17,17,451,48,107706,107706,451,48,7.402255812336795,7.402255812336795,,,1,,2005,860
global_all,global_all_p000,一致,進行,U,17,17,451,385,107706,107706,451,385,4.398503677475688,4.398503677475688,,,1,,2006,1737
global_all,global_all_p000,一萬,元,U,17,17,17,144,107706,107706,17,144,10.54681409362068,10.54681409362068,,,1,,2007,284
global_all,global_all_p000,上海,律師公會,U,17,17,86,17,107706,107706,86,17,11.290474340360895,11.290474340360895,,,1,,2008,198
global_all,global_all_p000,上海市,參議會,U,17,17,17,53,107706,107706,17,53,11.988818640499794,11.988818640499794,,,1,,2009,126
global_all,global_all_p000,不能,存在,U,17,17,774,38,107706,107706,774,38,6.960084666725336,6.960084666725336,,,1,,2010,977
global_all,global_all_p000,不能,完成,U,17,17,774,666,107706,107706,774,666,2.82863381309766,2.82863381309766,,,1,,2011,2208
global_all,global_all_p000,不能,統一,U,17,17,774,349,107706,107706,774,349,3.7609289539592696,3.7609289539592696,,,1,,2012,1964
global_all,global_all_p000,不能,開,U,17,17,774,1666,107706,107706,774,1666,1.5058394948033744,1.5058394948033744,,,1,,2013,2458
global_all,global_all_p000,世界,大戰,U,17,17,155,17,107706,107706,155,17,10.440614689788756,10.440614689788756,,,1,,2014,305
global_all,global_all_p000,中國,論,U,17,17,601,149,107706,107706,601,149,5.353812235139985,5.353812235139985,,,1,,2015,1476
global_all,global_all_p000,中國,財政,U,17,17,601,465,107706,107706,601,465,3.7118938496067533,3.7118938496067533,,,1,,2016,1975
global_all,global_all_p000,中國,預備,U,17,17,601,1473,107706,107706,601,1473,2.0484390405662976,2.0484390405662976,,,1,,2017,2367
global_all,global_all_p000,中央社,東京,U,17,17,162,58,107706,107706,162,58,8.606370938301136,8.606370938301136,,,1,,2018,620
global_all,global_all_p000,中華,書局,U,17,17,55,17,107706,107706,55,17,11.935379381538333,11.935379381538333,,,1,,2019,136
global_all,global_all_p000,主席,通過,U,17,17,901,841,107706,107706,901,841,2.2728566502446492,2.2728566502446492,,,1,,2020,2323
global_all,global_all_p000,主席團,國大,U,17,17,17,265,107706,107706,17,265,9.666890545612432,9.666890545612432,,,1,,2021,435
global_all,global_all_p000,主張,問題,U,17,17,611,2410,107706,107706,611,2410,1.3143559353772787,1.3143559353772787,,,1,,2022,2481
global_all,global_all_p000,主權,行使,U,17,17,64,412,107706,107706,64,412,7.117701409130114,7.117701409130114,,,1,,2023,927
global_all,global_all_p000,主管,衙門,U,17,17,38,115,107706,107706,38,115,9.71078437192537,9.71078437192537,,,1,,2024,428
global_all,global_all_p000,主義,派,U,17,17,430,642,107706,107706,430,642,3.729579599601569,3.729579599601569,,,1,,2025,1974
global_all,global_all_p000,二十五,歲,U,17,17,39,17,107706,107706,39,17,12.431336876200744,12.431336876200744,,,1,,2026,95
global_all,global_all_p000,二時,開會,U,17,17,90,1008,107706,107706,90,1008,5.335068916483741,5.335068916483741,,,1,,2027,1483
global_all,global_all_p000,五五憲草,修正案,U,17,17,17,184,107706,107706,17,184,10.19317713900598,10.19317713900598,,,1,,2028,344
global_all,global_all_p000,五時,午後,U,17,17,17,169,107706,107706,17,169,10.31585965878081,10.31585965878081,,,1,,2029,322
global_all,global_all_p000,京,出席,U,17,17,157,451,107706,107706,157,451,5.6925975641663245,5.6925975641663245,,,1,,2030,1367
global_all,global_all_p000,人,出席,U,17,17,2114,451,107706,107706,2114,451,1.9414586516752683,1.9414586516752683,,,1,,2031,2386
global_all,global_all_p000,人,擬,U,17,17,2114,410,107706,107706,2114,410,2.0789621754252035,2.0789621754252035,,,1,,2032,2361
global_all,global_all_p000,人,組成,U,17,17,2114,17,107706,107706,2114,17,6.67097943368031,6.67097943368031,,,1,,2033,1087
global_all,global_all_p000,人士,派,U,17,17,113,642,107706,107706,113,642,5.657593486775841,5.657593486775841,,,1,,2034,1375
global_all,global_all_p000,人民,心理,U,17,17,1912,36,107706,107706,1912,36,5.733410126890272,5.733410126890272,,,1,,2035,1360
global_all,global_all_p000,人民,訓練,U,17,17,1912,17,107706,107706,1912,17,6.815872287082245,6.815872287082245,,,1,,2036,1018
global_all,global_all_p000,代奏,都察院,U,17,17,38,17,107706,107706,38,17,12.468811581619407,12.468811581619407,,,1,,2037,93
global_all,global_all_p000,代表,參與,U,17,17,1409,17,107706,107706,1409,17,7.256283198753357,7.256283198753357,,,1,,2038,888
global_all,global_all_p000,代表,憲法會議,U,17,17,1409,865,107706,107706,1409,865,1.5871897174796088,1.5871897174796088,,,1,,2039,2445
global_all,global_all_p000,代表,推派,U,17,17,1409,17,107706,107706,1409,17,7.256283198753357,7.256283198753357,,,1,,2040,891
global_all,global_all_p000,伏,讀,U,17,17,17,17,107706,107706,17,17,13.629276253812654,13.629276253812654,,,1,,2041,23
global_all,global_all_p000,促進委員會,實施,U,17,17,17,1250,107706,107706,17,1250,7.429026715513544,7.429026715513544,,,1,,2042,854
global_all,global_all_p000,修正,國會,U,17,17,504,4674,107706,107706,504,4674,0.6364799940305904,0.6364799940305904,,,1,,2043,2568
global_all,global_all_p000,修正,討論,U,17,17,504,1212,107706,107706,504,1212,2.583748029340465,2.583748029340465,,,1,,2044,2269
global_all,global_all_p000,個人,名義,U,17,17,92,17,107706,107706,92,17,11.19317713900598,11.19317713900598,,,1,,2045,205
global_all,global_all_p000,個人,自治,U,17,17,92,2019,107706,107706,92,2019,4.301214784924847,4.301214784924847,,,1,,2046,1769
global_all,global_all_p000,倡導,制憲,U,17,17,17,2467,107706,107706,17,2467,6.44819709476287,6.44819709476287,,,1,,2047,1160
global_all,global_all_p000,倫敦,舉行,U,17,17,55,405,107706,107706,55,405,7.361064125016686,7.361064125016686,,,1,,2048,869
global_all,global_all_p000,倫敦,路透電,U,17,17,55,68,107706,107706,55,68,9.935379381538333,9.935379381538333,,,1,,2049,385
global_all,global_all_p000,內閣,全體,U,17,17,912,503,107706,107706,912,503,2.996897332343064,2.996897332343064,,,1,,2050,2176
global_all,global_all_p000,內閣,閣員,U,17,17,912,61,107706,107706,912,61,6.040574584585705,6.040574584585705,,,1,,2051,1277
global_all,global_all_p000,全體,會員,U,17,17,503,17,107706,107706,503,17,8.742324505257466,8.742324505257466,,,1,,2052,599
global_all,global_all_p000,兩,小時,U,17,17,1847,17,107706,107706,1847,17,6.8657709440805545,6.8657709440805545,,,1,,2053,998
global_all,global_all_p000,兩,道,U,17,17,1847,17,107706,107706,1847,17,6.8657709440805545,6.8657709440805545,,,1,,2054,1003
global_all,global_all_p000,共和,制度,U,17,17,587,1018,107706,107706,587,1018,2.615463397127585,2.615463397127585,,,1,,2055,2262
global_all,global_all_p000,共和,擁護,U,17,17,587,242,107706,107706,587,242,4.688122005928686,4.688122005928686,,,1,,2056,1649
global_all,global_all_p000,共和,維持,U,17,17,587,253,107706,107706,587,253,4.62399166850897,4.62399166850897,,,1,,2057,1668
global_all,global_all_p000,出席,國大,U,17,17,451,265,107706,107706,451,265,4.93736976360739,4.93736976360739,,,1,,2058,1590
global_all,global_all_p000,分會,商務,U,17,17,17,116,107706,107706,17,116,10.858758099935422,10.858758099935422,,,1,,2059,243
global_all,global_all_p000,分配,名額,U,17,17,17,77,107706,107706,17,77,11.449952554368092,11.449952554368092,,,1,,2060,171
global_all,global_all_p000,制度,問題,U,17,17,1018,2410,107706,107706,1018,2410,0.5778626591203132,0.5778626591203132,,,1,,2061,2571
global_all,global_all_p000,制度,經濟,U,17,17,1018,293,107706,107706,1018,293,3.617923235815389,3.617923235815389,,,1,,2062,2004
global_all,global_all_p000,制度,縣,U,17,17,1018,946,107706,107706,1018,946,1.926983716898242,1.926983716898242,,,1,,2063,2388
global_all,global_all_p000,制度,考試,U,17,17,1018,165,107706,107706,1018,165,4.446357875991821,4.446357875991821,,,1,,2064,1724
global_all,global_all_p000,制憲,選舉,U,17,17,2467,2186,107706,107706,2467,2186,-0.5584177496586954,0,,,1,,2065,2623
global_all,global_all_p000,北京,政務處,U,17,17,881,177,107706,107706,881,177,4.5535981773099214,4.5535981773099214,,,1,,2066,1687
global_all,global_all_p000,北京,考察,U,17,17,881,358,107706,107706,881,358,3.5373879501286623,3.5373879501286623,,,1,,2067,2031
global_all,global_all_p000,協助,政府,U,17,17,17,2457,107706,107706,17,2457,6.454056952700828,6.454056952700828,,,1,,2068,1150
global_all,global_all_p000,南,國會,U,17,17,63,4674,107706,107706,63,4674,3.6364799940305903,3.6364799940305903,,,1,,2069,1998
global_all,global_all_p000,南,斐洲,U,17,17,63,17,107706,107706,63,17,11.739459171563077,11.739459171563077,,,1,,2070,152
global_all,global_all_p000,博士,法學,U,17,17,33,85,107706,107706,33,85,10.350416880817177,10.350416880817177,,,1,,2071,317
global_all,global_all_p000,印度,總督,U,17,17,280,32,107706,107706,280,32,8.674918919368366,8.674918919368366,,,1,,2072,613
global_all,global_all_p000,印度,討論,U,17,17,280,1212,107706,107706,280,1212,3.431744935895415,3.431744935895415,,,1,,2073,2061
global_all,global_all_p000,參加,黨,U,17,17,358,378,107706,107706,358,378,4.758143734828003,4.758143734828003,,,1,,2074,1631
global_all,global_all_p000,參政,運動,U,17,17,84,173,107706,107706,84,173,7.977256285897847,7.977256285897847,,,1,,2075,737
global_all,global_all_p000,反對,極端,U,17,17,513,36,107706,107706,513,36,7.631461919263966,7.631461919263966,,,1,,2076,815
global_all,global_all_p000,反對,票,U,17,17,513,62,107706,107706,513,62,6.847190610319403,6.847190610319403,,,1,,2077,1006
global_all,global_all_p000,召集,選舉,U,17,17,858,2186,107706,107706,858,2186,0.965290413141882,0.965290413141882,,,1,,2078,2532
global_all,global_all_p000,史,憲政,U,17,17,17,5608,107706,107706,17,5608,5.26346846105237,5.26346846105237,,,1,,2079,1498
global_all,global_all_p000,司法院,解釋,U,17,17,17,187,107706,107706,17,187,10.169844635175357,10.169844635175357,,,1,,2080,349
global_all,global_all_p000,合法,國會,U,17,17,64,4674,107706,107706,64,4674,3.613759917530507,3.613759917530507,,,1,,2081,2006
global_all,global_all_p000,合法,手續,U,17,17,64,117,107706,107706,64,117,8.933837216729929,8.933837216729929,,,1,,2082,561
global_all,global_all_p000,同盟,國際,U,17,17,17,202,107706,107706,17,202,10.058527612311199,10.058527612311199,,,1,,2083,371
global_all,global_all_p000,名詞,新,U,17,17,17,3317,107706,107706,17,3317,6.021075798274971,6.021075798274971,,,1,,2084,1283
global_all,global_all_p000,君主,國,U,17,17,500,2370,107706,107706,500,2370,1.6277463078656238,1.6277463078656238,,,1,,2085,2438
global_all,global_all_p000,和平,永久,U,17,17,284,52,107706,107706,284,52,7.954015098667558,7.954015098667558,,,1,,2086,745
global_all,global_all_p000,和平,求,U,17,17,284,92,107706,107706,284,92,7.130892860751637,7.130892860751637,,,1,,2087,924
global_all,global_all_p000,咨行,憲政編查館,U,17,17,17,853,107706,107706,17,853,7.980337163744703,7.980337163744703,,,1,,2088,727
global_all,global_all_p000,問題,國敎,U,17,17,2410,17,107706,107706,2410,17,6.481921663945669,6.481921663945669,,,1,,2089,1141
global_all,global_all_p000,問題,決定,U,17,17,2410,354,107706,107706,2410,354,2.101778955113011,2.101778955113011,,,1,,2090,2357
global_all,global_all_p000,國,地方,U,17,17,2370,2327,107706,107706,2370,2327,-0.5907249028776377,0,,,1,,2091,2628
global_all,global_all_p000,國,通例,U,17,17,2370,17,107706,107706,2370,17,6.506067751277372,6.506067751277372,,,1,,2092,1132
global_all,global_all_p000,國大,開幕,U,17,17,265,64,107706,107706,265,64,7.754353386862771,7.754353386862771,,,1,,2093,789
global_all,global_all_p000,國家,基礎,U,17,17,1683,159,107706,107706,1683,159,3.774499519699028,3.774499519699028,,,1,,2094,1960
global_all,global_all_p000,國家,憲政,U,17,17,1683,5608,107706,107706,1683,5608,-1.3658881590272398,0,,,1,,2095,2649
global_all,global_all_p000,國會,完成,U,17,17,4674,666,107706,107706,4674,666,0.23438155045924486,0.23438155045924486,,,1,,2096,2588
global_all,global_all_p000,國會,實行,U,17,17,4674,1206,107706,107706,4674,1206,-0.6222542743695778,0,,,1,,2097,2629
global_all,global_all_p000,國會,希望,U,17,17,4674,71,107706,107706,4674,71,3.464012798025825,3.464012798025825,,,1,,2098,2052
global_all,global_all_p000,國會,廣州,U,17,17,4674,32,107706,107706,4674,32,4.6137599175305075,4.6137599175305075,,,1,,2099,1675
global_all,global_all_p000,國會,議長,U,17,17,4674,664,107706,107706,4674,664,0.23872048618358235,0.23872048618358235,,,1,,2100,2587
global_all,global_all_p000,國會組織法,第二十一條,U,17,17,34,17,107706,107706,34,17,12.629276253812654,12.629276253812654,,,1,,2101,74
global_all,global_all_p000,國會組織法,第十四條,U,17,17,34,35,107706,107706,34,35,11.587456078118027,11.587456078118027,,,1,,2102,160
global_all,global_all_p000,國際,地位,U,17,17,202,32,107706,107706,202,32,9.145990453561538,9.145990453561538,,,1,,2103,518
global_all,global_all_p000,埃,英,U,17,17,17,759,107706,107706,17,759,8.148783019647526,8.148783019647526,,,1,,2104,689
global_all,global_all_p000,執行,大總統,U,17,17,148,211,107706,107706,148,211,6.873649381977198,6.873649381977198,,,1,,2105,995
global_all,global_all_p000,報告,議員,U,17,17,373,2706,107706,107706,373,2706,1.8592239920815574,1.8592239920815574,,,1,,2106,2397
global_all,global_all_p000,外交,財政,U,17,17,275,465,107706,107706,275,465,4.839827221905916,4.839827221905916,,,1,,2107,1610
global_all,global_all_p000,外交,關係,U,17,17,275,392,107706,107706,275,392,5.086204283786103,5.086204283786103,,,1,,2108,1555
global_all,global_all_p000,外國,憲法,U,17,17,17,14834,107706,107706,17,14834,3.8601190413861475,3.8601190413861475,,,1,,2109,1895
global_all,global_all_p000,大亂,秩序,U,17,17,17,77,107706,107706,17,77,11.449952554368092,11.449952554368092,,,1,,2110,172
global_all,global_all_p000,大吏,省,U,17,17,17,2760,107706,107706,17,2760,6.286286543397462,6.286286543397462,,,1,,2111,1215
global_all,global_all_p000,大會,決議,U,17,17,790,91,107706,107706,790,91,5.6706984530501705,5.6706984530501705,,,1,,2112,1372
global_all,global_all_p000,大業,建國,U,17,17,53,460,107706,107706,53,460,7.230791430805758,7.230791430805758,,,1,,2113,900
global_all,global_all_p000,大權,政治,U,17,17,60,1586,107706,107706,60,1586,5.2661342850008355,5.2661342850008355,,,1,,2114,1496
global_all,global_all_p000,孝,欽顯,U,17,17,17,35,107706,107706,17,35,12.587456078118027,12.587456078118027,,,1,,2115,78
global_all,global_all_p000,完成,戡亂,U,17,17,666,67,107706,107706,666,67,6.358734378784298,6.358734378784298,,,1,,2116,1186
global_all,global_all_p000,完成,革命,U,17,17,666,229,107706,107706,666,229,4.585619781145127,4.585619781145127,,,1,,2117,1683
global_all,global_all_p000,官制,弼德院,U,17,17,357,17,107706,107706,357,17,9.236958831033894,9.236958831033894,,,1,,2118,493
global_all,global_all_p000,官制,改定,U,17,17,357,17,107706,107706,357,17,9.236958831033894,9.236958831033894,,,1,,2119,494
global_all,global_all_p000,宣布,預備,U,17,17,204,1473,107706,107706,204,1473,3.607234879305987,3.607234879305987,,,1,,2120,2010
global_all,global_all_p000,實施,早日,U,17,17,1250,174,107706,107706,1250,174,4.073546060915155,4.073546060915155,,,1,,2121,1835
global_all,global_all_p000,實行,政府,U,17,17,1206,2457,107706,107706,1206,2457,0.3055056020510826,0.3055056020510826,,,1,,2122,2582
global_all,global_all_p000,實行,朝廷,U,17,17,1206,91,107706,107706,1206,91,5.060393104214551,5.060393104214551,,,1,,2123,1562
global_all,global_all_p000,審議,審議會,U,17,17,60,53,107706,107706,60,53,10.169390886141615,10.169390886141615,,,1,,2124,350
global_all,global_all_p000,小,羣,U,17,17,51,17,107706,107706,51,17,12.044313753091497,12.044313753091497,,,1,,2125,124
global_all,global_all_p000,尚未,成立,U,17,17,45,871,107706,107706,45,871,6.545819931384793,6.545819931384793,,,1,,2126,1115
global_all,global_all_p000,展,緩,U,17,17,17,107,107706,107706,17,107,10.975272108661846,10.975272108661846,,,1,,2127,220
global_all,global_all_p000,工作,訓政,U,17,17,144,700,107706,107706,144,700,5.1830658230386915,5.1830658230386915,,,1,,2128,1539
global_all,global_all_p000,幹部,憲政會,U,17,17,17,193,107706,107706,17,193,10.124282057794913,10.124282057794913,,,1,,2129,355
global_all,global_all_p000,建國,程序,U,17,17,460,210,107706,107706,460,210,5.2444663677028345,5.2444663677028345,,,1,,2130,1521
global_all,global_all_p000,德宗,皇后,U,17,17,54,35,107706,107706,54,35,10.920031417204898,10.920031417204898,,,1,,2131,234
global_all,global_all_p000,愛,英,U,17,17,17,759,107706,107706,17,759,8.148783019647526,8.148783019647526,,,1,,2132,690
global_all,global_all_p000,慈禧,端佑,U,17,17,17,17,107706,107706,17,17,13.629276253812654,13.629276253812654,,,1,,2133,24
global_all,global_all_p000,慰,民望,U,17,17,17,17,107706,107706,17,17,13.629276253812654,13.629276253812654,,,1,,2134,25
global_all,global_all_p000,憲政,期成會,U,17,17,5608,59,107706,107706,5608,59,3.468288252940868,3.468288252940868,,,1,,2135,2049
global_all,global_all_p000,憲政,根本,U,17,17,5608,685,107706,107706,5608,685,-0.06902887554517984,0,,,1,,2136,2604
global_all,global_all_p000,憲政,省,U,17,17,5608,2760,107706,107706,5608,2760,-2.079521249362822,0,,,1,,2137,2654
global_all,global_all_p000,憲政,確立,U,17,17,5608,17,107706,107706,5608,17,5.26346846105237,5.26346846105237,,,1,,2138,1506
global_all,global_all_p000,憲政會,總務,U,17,17,193,17,107706,107706,193,17,10.124282057794913,10.124282057794913,,,1,,2139,357
global_all,global_all_p000,憲法,推翻,U,17,17,14834,40,107706,107706,14834,40,2.625653787749125,2.625653787749125,,,1,,2140,2259
global_all,global_all_p000,憲法,本身,U,17,17,14834,36,107706,107706,14834,36,2.777656881194175,2.777656881194175,,,1,,2141,2221
global_all,global_all_p000,憲法,根本,U,17,17,14834,685,107706,107706,14834,685,-1.4723782952114022,0,,,1,,2142,2650
global_all,global_all_p000,憲法,永遠,U,17,17,14834,17,107706,107706,14834,17,3.8601190413861475,3.8601190413861475,,,1,,2143,1901
global_all,global_all_p000,憲法,第一條,U,17,17,14834,61,107706,107706,14834,61,2.016844545073601,2.016844545073601,,,1,,2144,2372
global_all,global_all_p000,憲法,第九十四條,U,17,17,14834,17,107706,107706,14834,17,3.8601190413861475,3.8601190413861475,,,1,,2145,1910
global_all,global_all_p000,憲法,草,U,17,17,14834,17,107706,107706,14834,17,3.8601190413861475,3.8601190413861475,,,1,,2146,1927
global_all,global_all_p000,憲法,訂定,U,17,17,14834,17,107706,107706,14834,17,3.8601190413861475,3.8601190413861475,,,1,,2147,1931
global_all,global_all_p000,憲法,開議,U,17,17,14834,79,107706,107706,14834,79,1.643801134459384,1.643801134459384,,,1,,2148,2432
global_all,global_all_p000,憲法會議,流會,U,17,17,865,61,107706,107706,865,61,6.116908276226359,6.116908276226359,,,1,,2149,1260
global_all,global_all_p000,憲法會議,討論,U,17,17,865,1212,107706,107706,865,1212,1.8044716303162944,1.8044716303162944,,,1,,2150,2410
global_all,global_all_p000,憲法會議,議決,U,17,17,865,328,107706,107706,865,328,3.6900936091711616,3.6900936091711616,,,1,,2151,1983
global_all,global_all_p000,憲法起草委員會,組織,U,17,17,55,1294,107706,107706,55,1294,5.685220320796165,5.685220320796165,,,1,,2152,1368
global_all,global_all_p000,招待,記者,U,17,17,17,116,107706,107706,17,116,10.858758099935422,10.858758099935422,,,1,,2153,246
global_all,global_all_p000,招待會,記者,U,17,17,17,116,107706,107706,17,116,10.858758099935422,10.858758099935422,,,1,,2154,247
global_all,global_all_p000,採擇,施行,U,17,17,17,402,107706,107706,17,402,9.065687403884064,9.065687403884064,,,1,,2155,534
global_all,global_all_p000,握,政權,U,17,17,17,99,107706,107706,17,99,11.087382474983384,11.087382474983384,,,1,,2156,213
global_all,global_all_p000,政府,權,U,17,17,2457,111,107706,107706,2457,111,3.747103927601062,3.747103927601062,,,1,,2157,1969
global_all,global_all_p000,政治,責任,U,17,17,1586,114,107706,107706,1586,114,4.340134866444612,4.340134866444612,,,1,,2158,1757
global_all,global_all_p000,敎育,行政,U,17,17,404,1473,107706,107706,404,1473,2.6214487385256886,2.6214487385256886,,,1,,2159,2260
global_all,global_all_p000,敎育會,江蘇省,U,17,17,54,82,107706,107706,54,82,9.69176242953178,9.69176242953178,,,1,,2160,430
global_all,global_all_p000,新,省,U,17,17,3317,2760,107706,107706,3317,2760,-1.3219139121402212,0,,,1,,2161,2648
global_all,global_all_p000,新政,舉辦,U,17,17,17,17,107706,107706,17,17,13.629276253812654,13.629276253812654,,,1,,2162,26
global_all,global_all_p000,明詔,預備,U,17,17,17,1473,107706,107706,17,1473,7.192197380027143,7.192197380027143,,,1,,2163,909
global_all,global_all_p000,昨日,開會,U,17,17,95,1008,107706,107706,95,1008,5.257066404482468,5.257066404482468,,,1,,2164,1516
global_all,global_all_p000,機關,權力,U,17,17,1065,41,107706,107706,1065,41,6.390012216582048,6.390012216582048,,,1,,2165,1181
global_all,global_all_p000,機關,議憲,U,17,17,1065,17,107706,107706,1065,17,7.660101379949793,7.660101379949793,,,1,,2166,808
global_all,global_all_p000,歡迎,表示,U,17,17,32,233,107706,107706,32,233,8.940015791659052,8.940015791659052,,,1,,2167,559
global_all,global_all_p000,正式,開幕,U,17,17,572,64,107706,107706,572,64,6.644330599534943,6.644330599534943,,,1,,2168,1097
global_all,global_all_p000,步軍,統領,U,17,17,17,17,107706,107706,17,17,13.629276253812654,13.629276253812654,,,1,,2169,27
global_all,global_all_p000,民主黨,立憲,U,17,17,17,4911,107706,107706,17,4911,5.454937987867684,5.454937987867684,,,1,,2170,1443
global_all,global_all_p000,民智,開,U,17,17,38,1666,107706,107706,38,1666,5.854101737504199,5.854101737504199,,,1,,2171,1329
global_all,global_all_p000,民權,民生,U,17,17,121,66,107706,107706,121,66,8.840944579680285,8.840944579680285,,,1,,2172,580
global_all,global_all_p000,法律,解釋,U,17,17,642,187,107706,107706,642,187,4.930877989303393,4.930877989303393,,,1,,2173,1592
global_all,global_all_p000,法律,遵守,U,17,17,642,163,107706,107706,642,163,5.129044294959952,5.129044294959952,,,1,,2174,1548
global_all,global_all_p000,法政,講習所,U,17,17,131,17,107706,107706,131,17,10.683316093525542,10.683316093525542,,,1,,2175,272
global_all,global_all_p000,特別,議會,U,17,17,119,934,107706,107706,119,934,5.042105433295727,5.042105433295727,,,1,,2176,1566
global_all,global_all_p000,王,議員,U,17,17,213,2706,107706,107706,213,2706,2.667546192110957,2.667546192110957,,,1,,2177,2247
global_all,global_all_p000,省,籌備,U,17,17,2760,1416,107706,107706,2760,1416,-0.09385616543519641,0,,,1,,2178,2605
global_all,global_all_p000,社會,維持,U,17,17,210,253,107706,107706,210,253,6.1069628439529,6.1069628439529,,,1,,2179,1264
global_all,global_all_p000,福利,謀,U,17,17,39,213,107706,107706,39,213,8.784090097225246,8.784090097225246,,,1,,2180,588
global_all,global_all_p000,立憲,論,U,17,17,4911,149,107706,107706,4911,149,2.3232323086558613,2.3232323086558613,,,1,,2181,2317
global_all,global_all_p000,緩,辦,U,17,17,107,94,107706,107706,107,94,8.508146098234548,8.508146098234548,,,1,,2182,629
global_all,global_all_p000,縷晰,陳,U,17,17,33,50,107706,107706,33,50,11.115951627180154,11.115951627180154,,,1,,2183,209
global_all,global_all_p000,聯,邦,U,17,17,173,32,107706,107706,173,32,9.369573708676608,9.369573708676608,,,1,,2184,477
global_all,global_all_p000,自治,設立,U,17,17,2019,261,107706,107706,2019,261,2.796870744411975,2.796870744411975,,,1,,2185,2216
global_all,global_all_p000,自行,解散,U,17,17,92,663,107706,107706,92,663,5.907774920143732,5.907774920143732,,,1,,2186,1313
global_all,global_all_p000,蘇州,蘇撫,U,17,17,17,17,107706,107706,17,17,13.629276253812654,13.629276253812654,,,1,,2187,28
global_all,global_all_p000,衆,討論,U,17,17,224,1212,107706,107706,224,1212,3.7536730307827773,3.7536730307827773,,,1,,2188,1966
global_all,global_all_p000,行政,高,U,17,17,1473,240,107706,107706,1473,240,3.3727696256689645,3.3727696256689645,,,1,,2189,2082
global_all,global_all_p000,設立,責任內閣,U,17,17,261,66,107706,107706,261,66,7.731901820384994,7.731901820384994,,,1,,2190,798
global_all,global_all_p000,議案,通過,U,17,17,122,841,107706,107706,122,841,5.157502608495302,5.157502608495302,,,1,,2191,1544
global_all,global_all_p000,議決,資政院,U,17,17,328,237,107706,107706,328,237,5.55790668279699,5.55790668279699,,,1,,2192,1399
global_all,global_all_p000,議長,資格,U,17,17,664,148,107706,107706,664,148,5.219709139337458,5.219709139337458,,,1,,2193,1526
global_all,global_all_p000,議院,選舉,U,17,17,174,2186,107706,107706,174,2186,3.267180754792699,3.267180754792699,,,1,,2194,2107
global_all,global_all_p000,資產,階級,U,17,17,17,35,107706,107706,17,35,12.587456078118027,12.587456078118027,,,1,,2195,81
global_all,global_all_p000,辦法,進行,U,17,17,241,385,107706,107706,241,385,5.302597964501107,5.302597964501107,,,1,,2196,1489
global_all,global_all_p000,黨,黨員,U,17,17,378,32,107706,107706,378,32,8.24195951209226,8.24195951209226,,,1,,2197,674
global_all,global_all_p000,一千,元,U,16,16,16,144,107706,107706,16,144,10.54681409362068,10.54681409362068,,,1,,2198,283
global_all,global_all_p000,一致,取,U,16,16,451,88,107706,107706,451,88,6.440323853170315,6.440323853170315,,,1,,2199,1171
global_all,global_all_p000,一致,贊同,U,16,16,451,103,107706,107706,451,103,6.213254944624394,6.213254944624394,,,1,,2200,1238
global_all,global_all_p000,三萬,元,U,16,16,16,144,107706,107706,16,144,10.54681409362068,10.54681409362068,,,1,,2201,285
global_all,global_all_p000,上諭,朕,U,16,16,34,16,107706,107706,34,16,12.629276253812654,12.629276253812654,,,1,,2202,70
global_all,global_all_p000,不同,性質,U,16,16,66,16,107706,107706,66,16,11.67234497570454,11.67234497570454,,,1,,2203,156
global_all,global_all_p000,不能,行使,U,16,16,774,412,107706,107706,774,412,3.434048811735364,3.434048811735364,,,1,,2204,2059
global_all,global_all_p000,不能,開議,U,16,16,774,79,107706,107706,774,79,5.8167685907414794,5.8167685907414794,,,1,,2205,1337
global_all,global_all_p000,世界,大勢,U,16,16,155,16,107706,107706,155,16,10.440614689788756,10.440614689788756,,,1,,2206,304
global_all,global_all_p000,中午,十二時,U,16,16,16,40,107706,107706,16,40,12.39481100017563,12.39481100017563,,,1,,2207,97
global_all,global_all_p000,中國,救,U,16,16,601,37,107706,107706,601,37,7.276064548722858,7.276064548722858,,,1,,2208,886
global_all,global_all_p000,中國,革命,U,16,16,601,229,107706,107706,601,229,4.646314126254864,4.646314126254864,,,1,,2209,1660
global_all,global_all_p000,中央,執行,U,16,16,276,148,107706,107706,276,148,6.398761272655874,6.398761272655874,,,1,,2210,1179
global_all,global_all_p000,中央社,重慶,U,16,16,162,16,107706,107706,162,16,10.376889092178368,10.376889092178368,,,1,,2211,311
global_all,global_all_p000,中華,帝國,U,16,16,55,230,107706,107706,55,230,8.089889330593959,8.089889330593959,,,1,,2212,705
global_all,global_all_p000,中間,內閣,U,16,16,16,912,107706,107706,16,912,7.883849080898251,7.883849080898251,,,1,,2213,769
global_all,global_all_p000,主席,代理,U,16,16,901,78,107706,107706,901,78,5.615953580387206,5.615953580387206,,,1,,2214,1381
global_all,global_all_p000,主張,組織,U,16,16,611,1294,107706,107706,611,1294,2.124088623251756,2.124088623251756,,,1,,2215,2354
global_all,global_all_p000,主權,領土,U,16,16,64,16,107706,107706,64,16,11.716739095062993,11.716739095062993,,,1,,2216,155
global_all,global_all_p000,事件,辦,U,16,16,59,94,107706,107706,59,94,9.279507194023514,9.279507194023514,,,1,,2217,487
global_all,global_all_p000,事項,立法,U,16,16,82,769,107706,107706,82,769,5.772347302483083,5.772347302483083,,,1,,2218,1348
global_all,global_all_p000,二讀,通過,U,16,16,16,841,107706,107706,16,841,8.000777104807849,8.000777104807849,,,1,,2219,714
global_all,global_all_p000,二鐘,香港,U,16,16,106,43,107706,107706,106,43,9.562553885797696,9.562553885797696,,,1,,2220,448
global_all,global_all_p000,京,晉,U,16,16,157,16,107706,107706,157,16,10.422118346171366,10.422118346171366,,,1,,2221,309
global_all,global_all_p000,人,四百,U,16,16,2114,16,107706,107706,2114,16,6.67097943368031,6.67097943368031,,,1,,2222,1083
global_all,global_all_p000,人,衆議員,U,16,16,2114,16,107706,107706,2114,16,6.67097943368031,6.67097943368031,,,1,,2223,1088
global_all,global_all_p000,人,議長,U,16,16,2114,664,107706,107706,2114,664,1.2959400023333854,1.2959400023333854,,,1,,2224,2484
global_all,global_all_p000,人士,參加,U,16,16,113,358,107706,107706,113,358,6.412744355383549,6.412744355383549,,,1,,2225,1177
global_all,global_all_p000,人士,各界,U,16,16,113,16,107706,107706,113,16,10.896560132647805,10.896560132647805,,,1,,2226,237
global_all,global_all_p000,人士,省,U,16,16,113,2760,107706,107706,113,2760,3.466107580982274,3.466107580982274,,,1,,2227,2050
global_all,global_all_p000,人民,政府,U,16,16,1912,2457,107706,107706,1912,2457,-0.4468098552799205,0,,,1,,2228,2619
global_all,global_all_p000,人民,縣,U,16,16,1912,946,107706,107706,1912,946,0.9301759137428491,0.9301759137428491,,,1,,2229,2536
global_all,global_all_p000,人民,負擔,U,16,16,1912,16,107706,107706,1912,16,6.815872287082245,6.815872287082245,,,1,,2230,1019
global_all,global_all_p000,代表,推出,U,16,16,1409,16,107706,107706,1409,16,7.256283198753357,7.256283198753357,,,1,,2231,890
global_all,global_all_p000,代表,省憲法會議,U,16,16,1409,16,107706,107706,1409,16,7.256283198753357,7.256283198753357,,,1,,2232,893
global_all,global_all_p000,仰祈聖鑒,恭摺,U,16,16,16,91,107706,107706,16,91,11.208944454864296,11.208944454864296,,,1,,2233,202
global_all,global_all_p000,任期,屆滿,U,16,16,195,16,107706,107706,195,16,10.109408781313382,10.109408781313382,,,1,,2234,358
global_all,global_all_p000,修改案,憲法,U,16,16,16,14834,107706,107706,16,14834,3.8601190413861475,3.8601190413861475,,,1,,2235,1882
global_all,global_all_p000,修正,意見,U,16,16,504,497,107706,107706,504,497,3.7823571300007903,3.7823571300007903,,,1,,2236,1958
global_all,global_all_p000,修訂,法律,U,16,16,99,642,107706,107706,99,642,5.760952987861081,5.760952987861081,,,1,,2237,1349
global_all,global_all_p000,修身,大本,U,16,16,16,16,107706,107706,16,16,13.716739095062993,13.716739095062993,,,1,,2238,13
global_all,global_all_p000,候補,議員,U,16,16,61,2706,107706,107706,61,2706,4.38405563352357,4.38405563352357,,,1,,2239,1745
global_all,global_all_p000,僞,立憲,U,16,16,16,4911,107706,107706,16,4911,5.454937987867684,5.454937987867684,,,1,,2240,1441
global_all,global_all_p000,內政,問題,U,16,16,79,2410,107706,107706,79,2410,4.178140915768566,4.178140915768566,,,1,,2241,1801
global_all,global_all_p000,內閣,混合,U,16,16,912,38,107706,107706,912,38,6.635921567454666,6.635921567454666,,,1,,2242,1099
global_all,global_all_p000,內閣,設,U,16,16,912,409,107706,107706,912,409,3.2078920479565025,3.2078920479565025,,,1,,2243,2124
global_all,global_all_p000,全體,贊成,U,16,16,503,429,107706,107706,503,429,3.99749066775792,3.99749066775792,,,1,,2244,1850
global_all,global_all_p000,全體,開,U,16,16,503,1666,107706,107706,503,1666,2.040151819891918,2.040151819891918,,,1,,2245,2368
global_all,global_all_p000,兩,機關,U,16,16,1847,1065,107706,107706,1847,1065,0.8091332289673542,0.8091332289673542,,,1,,2246,2549
global_all,global_all_p000,兩,議長,U,16,16,1847,664,107706,107706,1847,664,1.49073151273363,1.49073151273363,,,1,,2247,2460
global_all,global_all_p000,兩,財政,U,16,16,1847,465,107706,107706,1847,465,2.004684038085161,2.004684038085161,,,1,,2248,2375
global_all,global_all_p000,兩,軍,U,16,16,1847,16,107706,107706,1847,16,6.8657709440805545,6.8657709440805545,,,1,,2249,1002
global_all,global_all_p000,公司,鐵路,U,16,16,16,16,107706,107706,16,16,13.716739095062993,13.716739095062993,,,1,,2250,14
global_all,global_all_p000,公布,制定,U,16,16,512,1521,107706,107706,512,1521,2.145934657338496,2.145934657338496,,,1,,2251,2349
global_all,global_all_p000,公布,政府,U,16,16,512,2457,107706,107706,512,2457,1.4540569527008282,1.4540569527008282,,,1,,2252,2466
global_all,global_all_p000,公所,學務,U,16,16,34,16,107706,107706,34,16,12.629276253812654,12.629276253812654,,,1,,2253,71
global_all,global_all_p000,出兵,問題,U,16,16,16,2410,107706,107706,16,2410,6.481921663945669,6.481921663945669,,,1,,2254,1140
global_all,global_all_p000,刑事,民事,U,16,16,16,34,107706,107706,16,34,12.629276253812654,12.629276253812654,,,1,,2255,72
global_all,global_all_p000,刑律草案,文,U,16,16,36,16,107706,107706,36,16,12.54681409362068,12.54681409362068,,,1,,2256,82
global_all,global_all_p000,列入,議事,U,16,16,102,320,107706,107706,102,320,6.722385658204135,6.722385658204135,,,1,,2257,1043
global_all,global_all_p000,利益,國家,U,16,16,38,1683,107706,107706,38,1683,5.751992120289459,5.751992120289459,,,1,,2258,1353
global_all,global_all_p000,制定,省議會,U,16,16,1521,337,107706,107706,1521,337,2.749329876156638,2.749329876156638,,,1,,2259,2229
global_all,global_all_p000,制度,憲法,U,16,16,1018,14834,107706,107706,1018,14834,-2.131402804689548,0,,,1,,2260,2655
global_all,global_all_p000,制度,獨裁,U,16,16,1018,44,107706,107706,1018,44,6.265785630350001,6.265785630350001,,,1,,2261,1222
global_all,global_all_p000,制憲,從事,U,16,16,2467,16,107706,107706,2467,16,6.44819709476287,6.44819709476287,,,1,,2262,1164
global_all,global_all_p000,制憲,開會,U,16,16,2467,1008,107706,107706,2467,1008,0.4709171712629533,0.4709171712629533,,,1,,2263,2573
global_all,global_all_p000,前途,憲法,U,16,16,391,14834,107706,107706,391,14834,-0.7509057559212048,0,,,1,,2264,2637
global_all,global_all_p000,前途,關係,U,16,16,391,392,107706,107706,391,392,4.491004453640432,4.491004453640432,,,1,,2265,1708
global_all,global_all_p000,副座,馮,U,16,16,16,50,107706,107706,16,50,12.072882905288267,12.072882905288267,,,1,,2266,122
global_all,global_all_p000,努力,完成,U,16,16,80,666,107706,107706,80,666,6.015432633104369,6.015432633104369,,,1,,2267,1285
global_all,global_all_p000,努力,進行,U,16,16,80,385,107706,107706,80,385,6.806096364593367,6.806096364593367,,,1,,2268,1022
global_all,global_all_p000,勅令,緊急,U,16,16,16,127,107706,107706,16,127,10.728054408290827,10.728054408290827,,,1,,2269,262
global_all,global_all_p000,北京,十鐘,U,16,16,881,16,107706,107706,881,16,7.933740886142579,7.933740886142579,,,1,,2270,756
global_all,global_all_p000,南愛,自由邦,U,16,16,16,36,107706,107706,16,36,12.54681409362068,12.54681409362068,,,1,,2271,84
global_all,global_all_p000,博士,學位,U,16,16,33,16,107706,107706,33,16,12.67234497570454,12.67234497570454,,,1,,2272,68
global_all,global_all_p000,印度,領袖,U,16,16,280,116,107706,107706,280,116,6.729475082990454,6.729475082990454,,,1,,2273,1042
global_all,global_all_p000,原案,贊成,U,16,16,88,429,107706,107706,88,429,6.51247363892615,6.51247363892615,,,1,,2274,1128
global_all,global_all_p000,厲行,憲政,U,16,16,16,5608,107706,107706,16,5608,5.26346846105237,5.26346846105237,,,1,,2275,1497
global_all,global_all_p000,參加,國民大會,U,16,16,358,594,107706,107706,358,594,4.018604196997971,4.018604196997971,,,1,,2276,1844
global_all,global_all_p000,參加,選舉,U,16,16,358,2186,107706,107706,358,2186,2.138845632126832,2.138845632126832,,,1,,2277,2350
global_all,global_all_p000,反對,堅決,U,16,16,513,16,107706,107706,513,16,8.71392407945594,8.71392407945594,,,1,,2278,602
global_all,global_all_p000,召集,提前,U,16,16,858,84,107706,107706,858,84,5.579587834784687,5.579587834784687,,,1,,2279,1388
global_all,global_all_p000,司法,總長,U,16,16,710,87,107706,107706,710,87,5.80212038482222,5.80212038482222,,,1,,2280,1339
global_all,global_all_p000,否認,憲法,U,16,16,16,14834,107706,107706,16,14834,3.8601190413861475,3.8601190413861475,,,1,,2281,1892
global_all,global_all_p000,和平,國內,U,16,16,284,77,107706,107706,284,77,7.300205434863409,7.300205434863409,,,1,,2282,881
global_all,global_all_p000,商埠,省城,U,16,16,16,16,107706,107706,16,16,13.716739095062993,13.716739095062993,,,1,,2283,15
global_all,global_all_p000,問題,意見,U,16,16,2410,497,107706,107706,2410,497,1.524819622383383,1.524819622383383,,,1,,2284,2454
global_all,global_all_p000,問題,時局,U,16,16,2410,89,107706,107706,2410,89,4.006188232979271,4.006188232979271,,,1,,2285,1849
global_all,global_all_p000,國,國情,U,16,16,2370,45,107706,107706,2370,45,5.014214654947697,5.014214654947697,,,1,,2286,1574
global_all,global_all_p000,國,承認,U,16,16,2370,137,107706,107706,2370,137,3.4080356683168445,3.4080356683168445,,,1,,2287,2068
global_all,global_all_p000,國,政體,U,16,16,2370,632,107706,107706,2370,632,1.2022870031002686,1.2022870031002686,,,1,,2288,2505
global_all,global_all_p000,國,甲,U,16,16,2370,39,107706,107706,2370,39,5.220665532415123,5.220665532415123,,,1,,2289,1525
global_all,global_all_p000,國,立法,U,16,16,2370,769,107706,107706,2370,769,0.919227963315545,0.919227963315545,,,1,,2290,2538
global_all,global_all_p000,國內,政治,U,16,16,77,1586,107706,107706,77,1586,4.818775498664113,4.818775498664113,,,1,,2291,1615
global_all,global_all_p000,國家,地方,U,16,16,1683,2327,107706,107706,1683,2327,-0.1843358616723046,0,,,1,,2292,2610
global_all,global_all_p000,國家,大法,U,16,16,1683,293,107706,107706,1683,293,2.805162779310796,2.805162779310796,,,1,,2293,2212
global_all,global_all_p000,國家,機關,U,16,16,1683,1065,107706,107706,1683,1065,0.9432819186198435,0.9432819186198435,,,1,,2294,2535
global_all,global_all_p000,國家,現代,U,16,16,1683,32,107706,107706,1683,32,5.999919633733044,5.999919633733044,,,1,,2295,1291
global_all,global_all_p000,國家,維持,U,16,16,1683,253,107706,107706,1683,253,3.0169260590387337,3.0169260590387337,,,1,,2296,2173
global_all,global_all_p000,國家稅,地方稅,U,16,16,16,16,107706,107706,16,16,13.716739095062993,13.716739095062993,,,1,,2297,16
global_all,global_all_p000,國會,自行,U,16,16,4674,92,107706,107706,4674,92,3.0027351202231545,3.0027351202231545,,,1,,2298,2174
global_all,global_all_p000,國會,非常,U,16,16,4674,48,107706,107706,4674,48,3.9413345755590115,3.9413345755590115,,,1,,2299,1861
global_all,global_all_p000,國民,生活,U,16,16,1096,75,107706,107706,1096,75,5.389888321606586,5.389888321606586,,,1,,2300,1463
global_all,global_all_p000,國民會議,議員,U,16,16,107,2706,107706,107706,107,2706,3.573325984685309,3.573325984685309,,,1,,2301,2021
global_all,global_all_p000,國際,法庭,U,16,16,202,16,107706,107706,202,16,10.058527612311199,10.058527612311199,,,1,,2302,372
global_all,global_all_p000,圖,存,U,16,16,81,16,107706,107706,81,16,11.376889092178368,11.376889092178368,,,1,,2303,187
global_all,global_all_p000,團體,組織,U,16,16,280,1294,107706,107706,280,1294,3.249834176125519,3.249834176125519,,,1,,2304,2114
global_all,global_all_p000,在場,表決,U,16,16,34,262,107706,107706,34,262,8.595853252275203,8.595853252275203,,,1,,2305,622
global_all,global_all_p000,地方,恢復,U,16,16,2327,381,107706,107706,2327,381,1.9588364121643225,1.9588364121643225,,,1,,2306,2384
global_all,global_all_p000,地方,自治會,U,16,16,2327,16,107706,107706,2327,16,6.5324835996576445,6.5324835996576445,,,1,,2307,1122
global_all,global_all_p000,地方,謀,U,16,16,2327,213,107706,107706,2327,213,2.797773979431806,2.797773979431806,,,1,,2308,2213
global_all,global_all_p000,地點,開會,U,16,16,16,1008,107706,107706,16,1008,7.739459171563077,7.739459171563077,,,1,,2309,796
global_all,global_all_p000,城,鎭鄕,U,16,16,62,16,107706,107706,62,16,11.762542784676118,11.762542784676118,,,1,,2310,150
global_all,global_all_p000,墨西哥,立憲黨,U,16,16,16,16,107706,107706,16,16,13.716739095062993,13.716739095062993,,,1,,2311,17
global_all,global_all_p000,大學,法政,U,16,16,16,131,107706,107706,16,131,10.683316093525542,10.683316093525542,,,1,,2312,268
global_all,global_all_p000,大局,顧全,U,16,16,16,16,107706,107706,16,16,13.716739095062993,13.716739095062993,,,1,,2313,18
global_all,global_all_p000,大會,特別,U,16,16,790,119,107706,107706,790,119,5.196212488690584,5.196212488690584,,,1,,2314,1533
global_all,global_all_p000,大理,院長,U,16,16,16,245,107706,107706,16,245,9.780101156060422,9.780101156060422,,,1,,2315,410
global_all,global_all_p000,大總統,正式,U,16,16,211,572,107706,107706,211,572,4.835768569577418,4.835768569577418,,,1,,2316,1612
global_all,global_all_p000,大總統,袁,U,16,16,211,130,107706,107706,211,130,6.9732720933273535,6.9732720933273535,,,1,,2317,971
global_all,global_all_p000,奏定,憲政館,U,16,16,102,249,107706,107706,102,249,7.084311821023417,7.084311821023417,,,1,,2318,939
global_all,global_all_p000,奏定,章程,U,16,16,102,135,107706,107706,102,135,7.967498156040667,7.967498156040667,,,1,,2319,739
global_all,global_all_p000,奏請,憲政編查館,U,16,16,49,853,107706,107706,49,853,6.365627319629494,6.365627319629494,,,1,,2320,1185
global_all,global_all_p000,奠定,憲政,U,16,16,16,5608,107706,107706,16,5608,5.26346846105237,5.26346846105237,,,1,,2321,1499
global_all,global_all_p000,始基,憲政,U,16,16,16,5608,107706,107706,16,5608,5.26346846105237,5.26346846105237,,,1,,2322,1500
global_all,global_all_p000,委員,會議,U,16,16,502,642,107706,107706,502,642,3.418766053989918,3.418766053989918,,,1,,2323,2066
global_all,global_all_p000,委員,組織,U,16,16,502,1294,107706,107706,502,1294,2.407573639119714,2.407573639119714,,,1,,2324,2305
global_all,global_all_p000,委員會,遠東,U,16,16,108,16,107706,107706,108,16,10.961851592899524,10.961851592899524,,,1,,2325,226
global_all,global_all_p000,委員長,湯,U,16,16,46,16,107706,107706,46,16,12.19317713900598,12.19317713900598,,,1,,2326,114
global_all,global_all_p000,子爵,清浦,U,16,16,16,16,107706,107706,16,16,13.716739095062993,13.716739095062993,,,1,,2327,19
global_all,global_all_p000,官,治,U,16,16,97,107,107706,107706,97,107,8.375359266474717,8.375359266474717,,,1,,2328,647
global_all,global_all_p000,官制,改訂,U,16,16,357,32,107706,107706,357,32,8.236958831033894,8.236958831033894,,,1,,2329,676
global_all,global_all_p000,實行,民治,U,16,16,1206,125,107706,107706,1206,125,4.514940618500821,4.514940618500821,,,1,,2330,1701
global_all,global_all_p000,實行,訓政,U,16,16,1206,700,107706,107706,1206,700,2.0295137913305794,2.0295137913305794,,,1,,2331,2371
global_all,global_all_p000,將軍,省,U,16,16,36,2760,107706,107706,36,2760,5.116361541955149,5.116361541955149,,,1,,2332,1550
global_all,global_all_p000,小組,綜合,U,16,16,16,16,107706,107706,16,16,13.716739095062993,13.716739095062993,,,1,,2333,20
global_all,global_all_p000,屢次,流會,U,16,16,16,61,107706,107706,16,61,11.786001757500106,11.786001757500106,,,1,,2334,149
global_all,global_all_p000,巡警,縣,U,16,16,16,946,107706,107706,16,946,7.831042721723598,7.831042721723598,,,1,,2335,777
global_all,global_all_p000,帝國,日本,U,16,16,230,232,107706,107706,230,232,6.013268048991045,6.013268048991045,,,1,,2336,1288
global_all,global_all_p000,彈劾,政府,U,16,16,36,2457,107706,107706,36,2457,5.284131951258516,5.284131951258516,,,1,,2337,1494
global_all,global_all_p000,德,總統,U,16,16,209,1739,107706,107706,209,1739,3.2453377456755232,3.2453377456755232,,,1,,2338,2116
global_all,global_all_p000,情形,開會,U,16,16,418,1008,107706,107706,418,1008,3.0321000394821938,3.0321000394821938,,,1,,2339,2167
global_all,global_all_p000,憲政,期限,U,16,16,5608,43,107706,107706,5608,43,3.8372037063502717,3.8372037063502717,,,1,,2340,1947
global_all,global_all_p000,憲政,熱心,U,16,16,5608,16,107706,107706,5608,16,5.26346846105237,5.26346846105237,,,1,,2341,1505
global_all,global_all_p000,憲政,設,U,16,16,5608,409,107706,107706,5608,409,0.5875114281106208,0.5875114281106208,,,1,,2342,2570
global_all,global_all_p000,憲政編查館,政務處,U,16,16,853,177,107706,107706,853,177,4.512731613661705,4.512731613661705,,,1,,2343,1702
global_all,global_all_p000,憲政館,擬,U,16,16,249,410,107706,107706,249,410,5.0772570634894665,5.0772570634894665,,,1,,2344,1559
global_all,global_all_p000,憲法,改訂,U,16,16,14834,32,107706,107706,14834,32,2.8601190413861475,2.8601190413861475,,,1,,2345,2199
global_all,global_all_p000,憲法,法規,U,16,16,14834,72,107706,107706,14834,72,1.6901940399438353,1.6901940399438353,,,1,,2346,2427
global_all,global_all_p000,憲法,色,U,16,16,14834,16,107706,107706,14834,16,3.8601190413861475,3.8601190413861475,,,1,,2347,1926
global_all,global_all_p000,憲法,行政法,U,16,16,14834,16,107706,107706,14834,16,3.8601190413861475,3.8601190413861475,,,1,,2348,1928
global_all,global_all_p000,憲法,說明書,U,16,16,14834,16,107706,107706,14834,16,3.8601190413861475,3.8601190413861475,,,1,,2349,1932
global_all,global_all_p000,憲法,進行,U,16,16,14834,385,107706,107706,14834,385,-0.7285955941961162,0,,,1,,2350,2633
global_all,global_all_p000,憲法起草委員會,開會,U,16,16,55,1008,107706,107706,55,1008,5.958099458038417,5.958099458038417,,,1,,2351,1301
global_all,global_all_p000,成立,立憲,U,16,16,871,4911,107706,107706,871,4911,-0.3115909207311813,0,,,1,,2352,2615
global_all,global_all_p000,手,總理,U,16,16,61,521,107706,107706,61,521,6.760862195221598,6.760862195221598,,,1,,2353,1034
global_all,global_all_p000,手續,選舉,U,16,16,117,2186,107706,107706,117,2186,3.7522966898076837,3.7522966898076837,,,1,,2354,1967
global_all,global_all_p000,承認,正式,U,16,16,137,572,107706,107706,137,572,5.458835675324077,5.458835675324077,,,1,,2355,1439
global_all,global_all_p000,承認,決不,U,16,16,137,16,107706,107706,137,16,10.618707012102465,10.618707012102465,,,1,,2356,282
global_all,global_all_p000,拙著,現代,U,16,16,16,32,107706,107706,16,32,12.716739095062993,12.716739095062993,,,1,,2357,66
global_all,global_all_p000,授權,總統,U,16,16,16,1739,107706,107706,16,1739,6.952696877756406,6.952696877756406,,,1,,2358,978
global_all,global_all_p000,掌握,政權,U,16,16,16,99,107706,107706,16,99,11.087382474983384,11.087382474983384,,,1,,2359,212
global_all,global_all_p000,擬,組織,U,16,16,410,1294,107706,107706,410,1294,2.6996370935650393,2.6996370935650393,,,1,,2360,2240
global_all,global_all_p000,收回,治,U,16,16,59,107,107706,107706,59,107,9.092629059300005,9.092629059300005,,,1,,2361,530
global_all,global_all_p000,政局,日本,U,16,16,16,232,107706,107706,16,232,9.858758099935422,9.858758099935422,,,1,,2362,398
global_all,global_all_p000,政府,施政,U,16,16,2457,91,107706,107706,2457,91,3.9462623125021317,3.9462623125021317,,,1,,2363,1860
global_all,global_all_p000,政府,督促,U,16,16,2457,16,107706,107706,2457,16,6.454056952700828,6.454056952700828,,,1,,2364,1155
global_all,global_all_p000,政府,責任,U,16,16,2457,114,107706,107706,2457,114,3.6211669385360867,3.6211669385360867,,,1,,2365,2003
global_all,global_all_p000,政治,生活,U,16,16,1586,75,107706,107706,1586,75,4.856743348863134,4.856743348863134,,,1,,2366,1605
global_all,global_all_p000,政黨,領袖,U,16,16,155,116,107706,107706,155,116,7.582633694661183,7.582633694661183,,,1,,2367,827
global_all,global_all_p000,敎育,規定,U,16,16,404,1207,107706,107706,404,1207,2.8213176515561766,2.8213176515561766,,,1,,2368,2211
global_all,global_all_p000,教育,普及,U,16,16,32,111,107706,107706,32,111,9.922323228712887,9.922323228712887,,,1,,2369,388
global_all,global_all_p000,教育,經費,U,16,16,32,436,107706,107706,32,436,7.948554770286067,7.948554770286067,,,1,,2370,748
global_all,global_all_p000,新,日本,U,16,16,3317,232,107706,107706,3317,232,2.163094803147399,2.163094803147399,,,1,,2371,2344
global_all,global_all_p000,新,生活,U,16,16,3317,75,107706,107706,3317,75,3.79225710777909,3.79225710777909,,,1,,2372,1954
global_all,global_all_p000,新,選舉法,U,16,16,3317,34,107706,107706,3317,34,4.933612957024631,4.933612957024631,,,1,,2373,1591
global_all,global_all_p000,明日,舉行,U,16,16,16,405,107706,107706,16,405,9.054960997291007,9.054960997291007,,,1,,2374,539
global_all,global_all_p000,明白,答覆,U,16,16,151,16,107706,107706,151,16,10.478334355737914,10.478334355737914,,,1,,2375,301
global_all,global_all_p000,時期,短,U,16,16,832,32,107706,107706,832,32,7.016299376921901,7.016299376921901,,,1,,2376,955
global_all,global_all_p000,時論,特約,U,16,16,16,45,107706,107706,16,45,12.224885998733319,12.224885998733319,,,1,,2377,112
global_all,global_all_p000,時間,短,U,16,16,84,32,107706,107706,84,32,10.324421672284233,10.324421672284233,,,1,,2378,321
global_all,global_all_p000,暫行法,省議會,U,16,16,16,337,107706,107706,16,337,9.320134313881134,9.320134313881134,,,1,,2379,482
global_all,global_all_p000,最高法院,美國,U,16,16,36,303,107706,107706,36,303,8.303640110147729,8.303640110147729,,,1,,2380,660
global_all,global_all_p000,會議,議決,U,16,16,642,328,107706,107706,642,328,4.032757603322606,4.032757603322606,,,1,,2381,1839
global_all,global_all_p000,會議,院,U,16,16,642,257,107706,107706,642,257,4.384685058746811,4.384685058746811,,,1,,2382,1743
global_all,global_all_p000,本部,開,U,16,16,31,1666,107706,107706,31,1666,6.06037009931057,6.06037009931057,,,1,,2383,1273
global_all,global_all_p000,機關,獨立,U,16,16,1065,308,107706,107706,1065,308,3.393314839254891,3.393314839254891,,,1,,2384,2074
global_all,global_all_p000,民治,精神,U,16,16,125,181,107706,107706,125,181,7.251108923317701,7.251108923317701,,,1,,2385,897
global_all,global_all_p000,法統,重光,U,16,16,36,16,107706,107706,36,16,12.54681409362068,12.54681409362068,,,1,,2386,88
global_all,global_all_p000,津,議員,U,16,16,16,2706,107706,107706,16,2706,6.314792971086456,6.314792971086456,,,1,,2387,1202
global_all,global_all_p000,湖北,諮議局,U,16,16,16,741,107706,107706,16,741,8.183409362757159,8.183409362757159,,,1,,2388,681
global_all,global_all_p000,湯漪,發言,U,16,16,16,77,107706,107706,16,77,11.449952554368092,11.449952554368092,,,1,,2389,174
global_all,global_all_p000,獨立,運動,U,16,16,308,173,107706,107706,308,173,6.015324326731367,6.015324326731367,,,1,,2390,1287
global_all,global_all_p000,當選,議員,U,16,16,72,2706,107706,107706,72,2706,4.144867969644143,4.144867969644143,,,1,,2391,1814
global_all,global_all_p000,皇上,縷晰,U,16,16,181,33,107706,107706,181,33,9.172499088621334,9.172499088621334,,,1,,2392,514
global_all,global_all_p000,皇上聖鑒,訓示,U,16,16,31,61,107706,107706,31,61,10.831805447113231,10.831805447113231,,,1,,2393,250
global_all,global_all_p000,禁,酒,U,16,16,36,16,107706,107706,36,16,12.54681409362068,12.54681409362068,,,1,,2394,90
global_all,global_all_p000,積極,籌備,U,16,16,110,1416,107706,107706,110,1416,4.467773831455336,4.467773831455336,,,1,,2395,1714
global_all,global_all_p000,立法院,負責,U,16,16,166,31,107706,107706,166,31,9.387503353329192,9.387503353329192,,,1,,2396,468
global_all,global_all_p000,立法院,起草,U,16,16,166,663,107706,107706,166,663,4.96883460360348,4.96883460360348,,,1,,2397,1582
global_all,global_all_p000,簡易,縣,U,16,16,130,946,107706,107706,130,946,4.808674908695143,4.808674908695143,,,1,,2398,1617
global_all,global_all_p000,組織,行政,U,16,16,1294,1473,107706,107706,1294,1473,0.8545754780346361,0.8545754780346361,,,1,,2399,2545
global_all,global_all_p000,組織,選舉,U,16,16,1294,2186,107706,107706,1294,2186,0.28503950739858086,0.28503950739858086,,,1,,2400,2584
global_all,global_all_p000,編修,翰林院,U,16,16,16,16,107706,107706,16,16,13.716739095062993,13.716739095062993,,,1,,2401,21
global_all,global_all_p000,縣,辦理,U,16,16,946,354,107706,107706,946,354,3.3634371716406,3.3634371716406,,,1,,2402,2085
global_all,global_all_p000,總理,遺囑,U,16,16,521,16,107706,107706,521,16,8.691599532784485,8.691599532784485,,,1,,2403,610
global_all,global_all_p000,總統,選出,U,16,16,1739,58,107706,107706,1739,58,5.094715882628834,5.094715882628834,,,1,,2404,1554
global_all,global_all_p000,聖鑒,陳仰祈,U,16,16,144,16,107706,107706,144,16,10.54681409362068,10.54681409362068,,,1,,2405,287
global_all,global_all_p000,自由,行動,U,16,16,606,48,107706,107706,606,48,6.888602610868886,6.888602610868886,,,1,,2406,990
global_all,global_all_p000,自由,選舉,U,16,16,606,2186,107706,107706,606,2186,1.3794874259181373,1.3794874259181373,,,1,,2407,2474
global_all,global_all_p000,萬,衆,U,16,16,274,224,107706,107706,274,224,5.8113520900448625,5.8113520900448625,,,1,,2408,1338
global_all,global_all_p000,衆院,開會,U,16,16,92,1008,107706,107706,92,1008,5.215897215506064,5.215897215506064,,,1,,2409,1528
global_all,global_all_p000,設,資政院,U,16,16,409,237,107706,107706,409,237,5.152038813222985,5.152038813222985,,,1,,2410,1546
global_all,global_all_p000,試辦,預算,U,16,16,16,109,107706,107706,16,109,10.948554770286066,10.948554770286066,,,1,,2411,228
global_all,global_all_p000,調整,農業,U,16,16,16,16,107706,107706,16,16,13.716739095062993,13.716739095062993,,,1,,2412,22
global_all,global_all_p000,諮議局,議案,U,16,16,741,122,107706,107706,741,122,5.252672025194273,5.252672025194273,,,1,,2413,1518
global_all,global_all_p000,議會,開,U,16,16,934,1666,107706,107706,934,1666,1.1472876699877834,1.1472876699877834,,,1,,2414,2509
global_all,global_all_p000,資政院,開,U,16,16,237,1666,107706,107706,237,1666,3.1258231607991864,3.1258231607991864,,,1,,2415,2146
global_all,global_all_p000,資格,選民,U,16,16,148,16,107706,107706,148,16,10.507285729434043,10.507285729434043,,,1,,2416,293
global_all,global_all_p000,起草,選舉,U,16,16,663,2186,107706,107706,663,2186,1.2497963492785007,1.2497963492785007,,,1,,2417,2496
global_all,global_all_p000,重大,非常,U,16,16,138,48,107706,107706,138,48,9.023252137563668,9.023252137563668,,,1,,2418,549
global_all,global_all_p000,重要,非常,U,16,16,289,48,107706,107706,289,48,7.956850911841158,7.956850911841158,,,1,,2419,742
global_all,global_all_p000,一九二三年,恢復,U,15,15,15,381,107706,107706,15,381,9.143091907569671,9.143091907569671,,,1,,2420,519
global_all,global_all_p000,一般,社會,U,15,15,138,210,107706,107706,138,210,6.80085971622722,6.80085971622722,,,1,,2421,1027
global_all,global_all_p000,三時,舉行,U,15,15,48,405,107706,107706,48,405,7.376889092178368,7.376889092178368,,,1,,2422,865
global_all,global_all_p000,三時,開,U,15,15,48,1666,107706,107706,48,1666,5.336494504584808,5.336494504584808,,,1,,2423,1482
global_all,global_all_p000,不可,未嘗,U,15,15,370,15,107706,107706,370,15,9.185357634546682,9.185357634546682,,,1,,2424,510
global_all,global_all_p000,不同,意見,U,15,15,66,497,107706,107706,66,497,6.622133529750772,6.622133529750772,,,1,,2425,1105
global_all,global_all_p000,不滿,表示,U,15,15,15,233,107706,107706,15,233,9.852552950408713,9.852552950408713,,,1,,2426,399
global_all,global_all_p000,不能,無疑,U,15,15,774,15,107706,107706,774,15,8.120549338918583,8.120549338918583,,,1,,2427,697
global_all,global_all_p000,不能,贊同,U,15,15,774,103,107706,107706,774,103,5.340939407343883,5.340939407343883,,,1,,2428,1481
global_all,global_all_p000,中國,情形,U,15,15,601,418,107706,107706,601,418,3.6850493778794435,3.6850493778794435,,,1,,2429,1986
global_all,global_all_p000,中國,銀行,U,15,15,601,30,107706,107706,601,30,7.485517914351807,7.485517914351807,,,1,,2430,843
global_all,global_all_p000,中華民國憲法草案,修正案,U,15,15,15,184,107706,107706,15,184,10.19317713900598,10.19317713900598,,,1,,2431,343
global_all,global_all_p000,主席,畢,U,15,15,901,59,107706,107706,901,59,5.925603345496132,5.925603345496132,,,1,,2432,1308
global_all,global_all_p000,主席,贊成,U,15,15,901,429,107706,107706,901,429,3.0634125573584274,3.0634125573584274,,,1,,2433,2159
global_all,global_all_p000,主張,國民,U,15,15,611,1096,107706,107706,611,1096,2.270569037892255,2.270569037892255,,,1,,2434,2325
global_all,global_all_p000,主張,通電,U,15,15,611,33,107706,107706,611,33,7.324207001494329,7.324207001494329,,,1,,2435,877
global_all,global_all_p000,主義,分權,U,15,15,430,76,107706,107706,430,76,6.627509327638466,6.627509327638466,,,1,,2436,1101
global_all,global_all_p000,事宜,擬,U,15,15,638,410,107706,107706,638,410,3.626736977401196,3.626736977401196,,,1,,2437,2001
global_all,global_all_p000,事項,自治,U,15,15,82,2019,107706,107706,82,2019,4.286652490721955,4.286652490721955,,,1,,2438,1774
global_all,global_all_p000,京,代表,U,15,15,157,1409,107706,107706,157,1409,3.868553045470248,3.868553045470248,,,1,,2439,1876
global_all,global_all_p000,京,北京,U,15,15,157,881,107706,107706,157,881,4.546010732859471,4.546010732859471,,,1,,2440,1689
global_all,global_all_p000,京堂,四品,U,15,15,15,15,107706,107706,15,15,13.809848499454475,13.809848499454475,,,1,,2441,1
global_all,global_all_p000,人,利用,U,15,15,2114,15,107706,107706,2114,15,6.67097943368031,6.67097943368031,,,1,,2442,1070
global_all,global_all_p000,人,千,U,15,15,2114,15,107706,107706,2114,15,6.67097943368031,6.67097943368031,,,1,,2443,1080
global_all,global_all_p000,人,當選,U,15,15,2114,72,107706,107706,2114,72,4.407945027846516,4.407945027846516,,,1,,2444,1733
global_all,global_all_p000,人,衆院,U,15,15,2114,92,107706,107706,2114,92,4.054308073231816,4.054308073231816,,,1,,2445,1837
global_all,global_all_p000,人口,買賣,U,15,15,15,15,107706,107706,15,15,13.809848499454475,13.809848499454475,,,1,,2446,2
global_all,global_all_p000,人民,政治,U,15,15,1912,1586,107706,107706,1912,1586,0.0915858269867846,0.0915858269867846,,,1,,2447,2595
global_all,global_all_p000,人民,賦予,U,15,15,1912,68,107706,107706,1912,68,4.6353000414404235,4.6353000414404235,,,1,,2448,1665
global_all,global_all_p000,代表,們,U,15,15,1409,33,107706,107706,1409,33,6.118779675003421,6.118779675003421,,,1,,2449,1256
global_all,global_all_p000,代表,議員,U,15,15,1409,2706,107706,107706,1409,2706,-0.2387723296146623,0,,,1,,2450,2613
global_all,global_all_p000,代表,過半數,U,15,15,1409,15,107706,107706,1409,15,7.256283198753357,7.256283198753357,,,1,,2451,894
global_all,global_all_p000,仰見,朝廷,U,15,15,15,91,107706,107706,15,91,11.208944454864296,11.208944454864296,,,1,,2452,203
global_all,global_all_p000,休息,宣告,U,15,15,15,323,107706,107706,15,323,9.381348740369068,9.381348740369068,,,1,,2453,470
global_all,global_all_p000,依法,召集,U,15,15,78,858,107706,107706,78,858,5.5933936343097175,5.5933936343097175,,,1,,2454,1384
global_all,global_all_p000,依法,改選,U,15,15,78,35,107706,107706,78,35,10.208944454864296,10.208944454864296,,,1,,2455,342
global_all,global_all_p000,俄國,憲法,U,15,15,15,14834,107706,107706,15,14834,3.8601190413861475,3.8601190413861475,,,1,,2456,1881
global_all,global_all_p000,保障,國家,U,15,15,227,1683,107706,107706,227,1683,3.0802617420506477,3.0802617420506477,,,1,,2457,2155
global_all,global_all_p000,保障,民權,U,15,15,227,121,107706,107706,227,121,6.878217966106002,6.878217966106002,,,1,,2458,993
global_all,global_all_p000,俯順,輿情,U,15,15,15,15,107706,107706,15,15,13.809848499454475,13.809848499454475,,,1,,2459,3
global_all,global_all_p000,先決,條件,U,15,15,44,125,107706,107706,44,125,9.198413787372127,9.198413787372127,,,1,,2460,504
global_all,global_all_p000,先烈,革命,U,15,15,15,229,107706,107706,15,229,9.877535306966049,9.877535306966049,,,1,,2461,393
global_all,global_all_p000,內閣,攝政,U,15,15,912,89,107706,107706,912,89,5.315006245540372,5.315006245540372,,,1,,2462,1487
global_all,global_all_p000,全體,起立,U,15,15,503,70,107706,107706,503,70,6.519932083921018,6.519932083921018,,,1,,2463,1124
global_all,global_all_p000,兩,政府,U,15,15,1847,2457,107706,107706,1847,2457,-0.49002060267309144,0,,,1,,2464,2621
global_all,global_all_p000,兩,總裁,U,15,15,1847,91,107706,107706,1847,91,4.264866899490377,4.264866899490377,,,1,,2465,1779
global_all,global_all_p000,兩,行政,U,15,15,1847,1473,107706,107706,1847,1473,0.24811982465322407,0.24811982465322407,,,1,,2466,2585
global_all,global_all_p000,八,議員,U,15,15,135,2706,107706,107706,135,2706,3.1448679696441433,3.1448679696441433,,,1,,2467,2141
global_all,global_all_p000,公布,北京,U,15,15,512,881,107706,107706,512,881,2.840631481751098,2.840631481751098,,,1,,2468,2203
global_all,global_all_p000,公會,銀行,U,15,15,184,30,107706,107706,184,30,9.19317713900598,9.19317713900598,,,1,,2469,505
global_all,global_all_p000,公民,總投票,U,15,15,182,38,107706,107706,182,38,8.867907537029229,8.867907537029229,,,1,,2470,572
global_all,global_all_p000,公開,財政,U,15,15,15,465,107706,107706,15,465,8.8556521890676,8.8556521890676,,,1,,2471,574
global_all,global_all_p000,共同,組織,U,15,15,135,1294,107706,107706,135,1294,4.209192191628173,4.209192191628173,,,1,,2472,1792
global_all,global_all_p000,共和,贊成,U,15,15,587,429,107706,107706,587,429,3.6815791600619137,3.6815791600619137,,,1,,2473,1988
global_all,global_all_p000,出席,報告,U,15,15,451,373,107706,107706,451,373,4.263614247160893,4.263614247160893,,,1,,2474,1781
global_all,global_all_p000,分子,國會,U,15,15,33,4674,107706,107706,33,4674,4.388793552530233,4.388793552530233,,,1,,2475,1742
global_all,global_all_p000,列,論,U,15,15,15,149,107706,107706,15,149,10.497570574600832,10.497570574600832,,,1,,2476,296
global_all,global_all_p000,列舉,取,U,15,15,34,88,107706,107706,34,88,10.076735230783875,10.076735230783875,,,1,,2477,366
global_all,global_all_p000,制憲,專心,U,15,15,2467,15,107706,107706,2467,15,6.44819709476287,6.44819709476287,,,1,,2478,1163
global_all,global_all_p000,制憲,廣州,U,15,15,2467,32,107706,107706,2467,32,5.355087690371389,5.355087690371389,,,1,,2479,1475
global_all,global_all_p000,制憲,籌備,U,15,15,2467,1416,107706,107706,2467,1416,-0.11251785971160912,0,,,1,,2480,2607
global_all,global_all_p000,制憲,議員,U,15,15,2467,2706,107706,107706,2467,2706,-1.0468584336051487,0,,,1,,2481,2643
global_all,global_all_p000,副總統,大總統,U,15,15,322,211,107706,107706,322,211,5.57161362384971,5.57161362384971,,,1,,2482,1393
global_all,global_all_p000,副總統,補選,U,15,15,322,15,107706,107706,322,15,9.385822216948377,9.385822216948377,,,1,,2483,469
global_all,global_all_p000,加藤,總理,U,15,15,15,521,107706,107706,15,521,8.691599532784485,8.691599532784485,,,1,,2484,607
global_all,global_all_p000,勝利,最後,U,15,15,70,55,107706,107706,70,55,9.712986960201885,9.712986960201885,,,1,,2485,427
global_all,global_all_p000,北京,成績,U,15,15,881,150,107706,107706,881,150,4.611812791255217,4.611812791255217,,,1,,2486,1676
global_all,global_all_p000,北京,要聞,U,15,15,881,78,107706,107706,881,78,5.555229262888849,5.555229262888849,,,1,,2487,1401
global_all,global_all_p000,南北,和議,U,15,15,81,15,107706,107706,81,15,11.376889092178368,11.376889092178368,,,1,,2488,186
global_all,global_all_p000,博,採,U,15,15,15,47,107706,107706,15,47,12.162150243385355,12.162150243385355,,,1,,2489,118
global_all,global_all_p000,危難,緊急,U,15,15,15,127,107706,107706,15,127,10.728054408290827,10.728054408290827,,,1,,2490,264
global_all,global_all_p000,參加,競選,U,15,15,358,15,107706,107706,358,15,9.232923317798736,9.232923317798736,,,1,,2491,497
global_all,global_all_p000,參加,黨派,U,15,15,358,15,107706,107706,358,15,9.232923317798736,9.232923317798736,,,1,,2492,498
global_all,global_all_p000,參院,通過,U,15,15,50,841,107706,107706,50,841,6.263811510641642,6.263811510641642,,,1,,2493,1223
global_all,global_all_p000,參預,憲法,U,15,15,15,14834,107706,107706,15,14834,3.8601190413861475,3.8601190413861475,,,1,,2494,1890
global_all,global_all_p000,反對,發言,U,15,15,513,77,107706,107706,513,77,6.354028134369556,6.354028134369556,,,1,,2495,1191
global_all,global_all_p000,取消,獨立,U,15,15,34,308,107706,107706,34,308,8.269380308726271,8.269380308726271,,,1,,2496,667
global_all,global_all_p000,吏部,會同,U,15,15,15,115,107706,107706,15,115,10.871249044118617,10.871249044118617,,,1,,2497,240
global_all,global_all_p000,君主國,憲法,U,15,15,15,14834,107706,107706,15,14834,3.8601190413861475,3.8601190413861475,,,1,,2498,1891
global_all,global_all_p000,吳,派,U,15,15,39,642,107706,107706,39,642,7.01179798468696,7.01179798468696,,,1,,2499,962
global_all,global_all_p000,命令,發布,U,15,15,107,73,107706,107706,107,73,8.692338145390348,8.692338145390348,,,1,,2500,606
global_all,global_all_p000,命令,變更,U,15,15,107,198,107706,107706,107,198,7.252806084190755,7.252806084190755,,,1,,2501,896
global_all,global_all_p000,善良,悛悔,U,15,15,35,15,107706,107706,35,15,12.587456078118027,12.587456078118027,,,1,,2502,76
global_all,global_all_p000,四十九,憲法,U,15,15,15,14834,107706,107706,15,14834,3.8601190413861475,3.8601190413861475,,,1,,2503,1894
global_all,global_all_p000,國,敎育,U,15,15,2370,404,107706,107706,2370,404,1.7547468641340953,1.7547468641340953,,,1,,2504,2419
global_all,global_all_p000,國,法律,U,15,15,2370,642,107706,107706,2370,642,1.086528859763587,1.086528859763587,,,1,,2505,2515
global_all,global_all_p000,國,父老,U,15,15,2370,15,107706,107706,2370,15,6.506067751277372,6.506067751277372,,,1,,2506,1131
global_all,global_all_p000,國基,奠,U,15,15,41,15,107706,107706,41,15,12.359187090444909,12.359187090444909,,,1,,2507,102
global_all,global_all_p000,國大,會堂,U,15,15,265,15,107706,107706,265,15,9.666890545612432,9.666890545612432,,,1,,2508,436
global_all,global_all_p000,國家,根本法,U,15,15,1683,15,107706,107706,1683,15,6.999919633733044,6.999919633733044,,,1,,2509,964
global_all,global_all_p000,國家,破壞,U,15,15,1683,143,107706,107706,1683,143,3.7469388925631733,3.7469388925631733,,,1,,2510,1970
global_all,global_all_p000,國家,陷,U,15,15,1683,15,107706,107706,1683,15,6.999919633733044,6.999919633733044,,,1,,2511,965
global_all,global_all_p000,國會,起草,U,15,15,4674,663,107706,107706,4674,663,0.06032261177609825,0.06032261177609825,,,1,,2512,2596
global_all,global_all_p000,國民大會,提交,U,15,15,594,82,107706,107706,594,82,6.051758565252662,6.051758565252662,,,1,,2513,1274
global_all,global_all_p000,國民黨,黨員,U,15,15,15,32,107706,107706,15,32,12.716739095062993,12.716739095062993,,,1,,2514,64
global_all,global_all_p000,國際,聯合會,U,15,15,202,144,107706,107706,202,144,6.7954932064774045,6.7954932064774045,,,1,,2515,1029
global_all,global_all_p000,圖,私,U,15,15,81,15,107706,107706,81,15,11.376889092178368,11.376889092178368,,,1,,2516,189
global_all,global_all_p000,團體,法定,U,15,15,280,529,107706,107706,280,529,4.447222761612519,4.447222761612519,,,1,,2517,1723
global_all,global_all_p000,地位,平等,U,15,15,32,107,107706,107706,32,107,9.882162704270364,9.882162704270364,,,1,,2518,392
global_all,global_all_p000,地方,審議,U,15,15,2327,60,107706,107706,2327,60,4.5324835996576445,4.5324835996576445,,,1,,2519,1693
global_all,global_all_p000,地方,紳士,U,15,15,2327,15,107706,107706,2327,15,6.5324835996576445,6.5324835996576445,,,1,,2520,1120
global_all,global_all_p000,地方,自治制,U,15,15,2327,15,107706,107706,2327,15,6.5324835996576445,6.5324835996576445,,,1,,2521,1121
global_all,global_all_p000,城,鄕,U,15,15,62,106,107706,107706,62,106,8.941512925721437,8.941512925721437,,,1,,2522,558
global_all,global_all_p000,報吿,審查,U,15,15,15,314,107706,107706,15,314,9.422118346171366,9.422118346171366,,,1,,2523,463
global_all,global_all_p000,外交,方針,U,15,15,275,123,107706,107706,275,123,6.57782737692025,6.57782737692025,,,1,,2524,1109
global_all,global_all_p000,大清,帝國,U,15,15,15,230,107706,107706,15,230,9.871249044118617,9.871249044118617,,,1,,2525,396
global_all,global_all_p000,大總統,職權,U,15,15,211,224,107706,107706,211,224,6.095175579906722,6.095175579906722,,,1,,2526,1265
global_all,global_all_p000,大臣,政治,U,15,15,325,1586,107706,107706,325,1586,2.648156727051716,2.648156727051716,,,1,,2527,2253
global_all,global_all_p000,大臣,日前,U,15,15,325,15,107706,107706,325,15,9.372443187147177,9.372443187147177,,,1,,2528,476
global_all,global_all_p000,奏請,擬,U,15,15,49,410,107706,107706,49,410,7.329439747050857,7.329439747050857,,,1,,2529,876
global_all,global_all_p000,委員,審查,U,15,15,502,314,107706,107706,502,314,4.357465387829112,4.357465387829112,,,1,,2530,1753
global_all,global_all_p000,委員會,審查,U,15,15,108,314,107706,107706,108,314,6.574121439616416,6.574121439616416,,,1,,2531,1111
global_all,global_all_p000,委員會,高,U,15,15,108,240,107706,107706,108,240,6.961851592899524,6.961851592899524,,,1,,2532,975
global_all,global_all_p000,孫,總理,U,15,15,106,521,107706,107706,106,521,5.870569673829804,5.870569673829804,,,1,,2533,1324
global_all,global_all_p000,學堂,師範,U,15,15,131,15,107706,107706,131,15,10.683316093525542,10.683316093525542,,,1,,2534,269
global_all,global_all_p000,官邸,首相,U,15,15,15,79,107706,107706,15,79,11.41295834688589,11.41295834688589,,,1,,2535,178
global_all,global_all_p000,定期,開會,U,15,15,49,1008,107706,107706,49,1008,6.031639923056387,6.031639923056387,,,1,,2536,1280
global_all,global_all_p000,宣告,獨立,U,15,15,323,308,107706,107706,323,308,5.021452795282685,5.021452795282685,,,1,,2537,1570
global_all,global_all_p000,宣示,明白,U,15,15,15,151,107706,107706,15,151,10.478334355737914,10.478334355737914,,,1,,2538,300
global_all,global_all_p000,實行,強迫,U,15,15,1206,42,107706,107706,1206,42,5.995298075992666,5.995298075992666,,,1,,2539,1293
global_all,global_all_p000,審判廳,設,U,15,15,152,409,107706,107706,152,409,5.699745144286178,5.699745144286178,,,1,,2540,1364
global_all,global_all_p000,審查會,開,U,15,15,131,1666,107706,107706,131,1666,3.8880340037685137,3.8880340037685137,,,1,,2541,1870
global_all,global_all_p000,審計院,院長,U,15,15,15,245,107706,107706,15,245,9.780101156060422,9.780101156060422,,,1,,2542,412
global_all,global_all_p000,專制,暴民,U,15,15,299,15,107706,107706,299,15,9.492737420864888,9.492737420864888,,,1,,2543,456
global_all,global_all_p000,專家,憲法,U,15,15,30,14834,107706,107706,30,14834,2.8601190413861475,2.8601190413861475,,,1,,2544,2198
global_all,global_all_p000,專家,法學,U,15,15,30,85,107706,107706,30,85,10.307348158925292,10.307348158925292,,,1,,2545,324
global_all,global_all_p000,崇熙,皇太后,U,15,15,15,124,107706,107706,15,124,10.762542784676118,10.762542784676118,,,1,,2546,253
global_all,global_all_p000,川,滇,U,15,15,15,53,107706,107706,15,53,11.988818640499794,11.988818640499794,,,1,,2547,127
global_all,global_all_p000,工黨,議員,U,15,15,15,2706,107706,107706,15,2706,6.314792971086456,6.314792971086456,,,1,,2548,1200
global_all,global_all_p000,巿,鄕,U,15,15,15,106,107706,107706,15,106,10.988818640499794,10.988818640499794,,,1,,2549,219
global_all,global_all_p000,帝國,憲政,U,15,15,230,5608,107706,107706,230,5608,1.3248690057165131,1.3248690057165131,,,1,,2550,2479
global_all,global_all_p000,府,省,U,15,15,233,2760,107706,107706,233,2760,2.3289909943516998,2.3289909943516998,,,1,,2551,2316
global_all,global_all_p000,御覽,進呈,U,15,15,15,15,107706,107706,15,15,13.809848499454475,13.809848499454475,,,1,,2552,4
global_all,global_all_p000,徵求,意見,U,15,15,15,497,107706,107706,15,497,8.759637053500708,8.759637053500708,,,1,,2553,593
global_all,global_all_p000,性命,身家,U,15,15,15,15,107706,107706,15,15,13.809848499454475,13.809848499454475,,,1,,2554,5
global_all,global_all_p000,憲政,萌芽,U,15,15,5608,15,107706,107706,5608,15,5.26346846105237,5.26346846105237,,,1,,2555,1510
global_all,global_all_p000,憲政會,日本,U,15,15,193,232,107706,107706,193,232,6.173191658275859,6.173191658275859,,,1,,2556,1250
global_all,global_all_p000,憲政編查館,核定,U,15,15,853,15,107706,107706,853,15,7.980337163744703,7.980337163744703,,,1,,2557,730
global_all,global_all_p000,憲政編查館,核覆,U,15,15,853,15,107706,107706,853,15,7.980337163744703,7.980337163744703,,,1,,2558,731
global_all,global_all_p000,憲法,施行法,U,15,15,14834,15,107706,107706,14834,15,3.8601190413861475,3.8601190413861475,,,1,,2559,1900
global_all,global_all_p000,憲法,有效,U,15,15,14834,38,107706,107706,14834,38,2.5190821235510805,2.5190821235510805,,,1,,2560,2285
global_all,global_all_p000,憲法,渴望,U,15,15,14834,15,107706,107706,14834,15,3.8601190413861475,3.8601190413861475,,,1,,2561,1903
global_all,global_all_p000,憲法,第五十七條,U,15,15,14834,15,107706,107706,14834,15,3.8601190413861475,3.8601190413861475,,,1,,2562,1911
global_all,global_all_p000,憲法,第五章,U,15,15,14834,15,107706,107706,14834,15,3.8601190413861475,3.8601190413861475,,,1,,2563,1913
global_all,global_all_p000,憲法,籌備,U,15,15,14834,1416,107706,107706,14834,1416,-2.700595913088331,0,,,1,,2564,2659
global_all,global_all_p000,憲法,編定,U,15,15,14834,15,107706,107706,14834,15,3.8601190413861475,3.8601190413861475,,,1,,2565,1920
global_all,global_all_p000,憲法,自定,U,15,15,14834,15,107706,107706,14834,15,3.8601190413861475,3.8601190413861475,,,1,,2566,1923
global_all,global_all_p000,憲法,舉行,U,15,15,14834,405,107706,107706,14834,405,-0.8947684607773209,0,,,1,,2567,2642
global_all,global_all_p000,憲法,辦理,U,15,15,14834,354,107706,107706,14834,354,-0.7005959130883312,0,,,1,,2568,2631
global_all,global_all_p000,憲法大臣,擬,U,15,15,35,410,107706,107706,35,410,7.814866574221099,7.814866574221099,,,1,,2569,783
global_all,global_all_p000,成立,紀念,U,15,15,871,63,107706,107706,871,63,5.879820858572731,5.879820858572731,,,1,,2570,1322
global_all,global_all_p000,我國,政府,U,15,15,240,2457,107706,107706,240,2457,2.454056952700828,2.454056952700828,,,1,,2571,2295
global_all,global_all_p000,折衷,辦法,U,15,15,15,241,107706,107706,15,241,9.803849758833032,9.803849758833032,,,1,,2572,405
global_all,global_all_p000,採取,輿論,U,15,15,15,15,107706,107706,15,15,13.809848499454475,13.809848499454475,,,1,,2573,6
global_all,global_all_p000,提出,表決,U,15,15,851,262,107706,107706,851,262,3.857191367448099,3.857191367448099,,,1,,2574,1942
global_all,global_all_p000,擁,曹,U,15,15,15,30,107706,107706,15,30,12.809848499454475,12.809848499454475,,,1,,2575,61
global_all,global_all_p000,擬,設立,U,15,15,410,261,107706,107706,410,261,4.916243594596181,4.916243594596181,,,1,,2576,1597
global_all,global_all_p000,收回,領事,U,15,15,59,46,107706,107706,59,46,10.217424685252658,10.217424685252658,,,1,,2577,339
global_all,global_all_p000,改造,根本,U,15,15,15,685,107706,107706,15,685,8.296778917215104,8.296778917215104,,,1,,2578,661
global_all,global_all_p000,政務,省,U,15,15,15,2760,107706,107706,15,2760,6.286286543397462,6.286286543397462,,,1,,2579,1216
global_all,global_all_p000,政府,會議,U,15,15,2457,642,107706,107706,2457,642,1.0345180611870437,1.0345180611870437,,,1,,2580,2521
global_all,global_all_p000,政府,注意,U,15,15,2457,62,107706,107706,2457,62,4.406751237922472,4.406751237922472,,,1,,2581,1734
global_all,global_all_p000,政府,發表,U,15,15,2457,333,107706,107706,2457,333,1.9815691812380845,1.9815691812380845,,,1,,2582,2378
global_all,global_all_p000,政府,負責,U,15,15,2457,31,107706,107706,2457,31,5.406751237922472,5.406751237922472,,,1,,2583,1459
global_all,global_all_p000,政治,機構,U,15,15,1586,57,107706,107706,1586,57,5.159562620802792,5.159562620802792,,,1,,2584,1542
global_all,global_all_p000,政治,關係,U,15,15,1586,392,107706,107706,1586,392,2.3777427908523245,2.3777427908523245,,,1,,2585,2309
global_all,global_all_p000,政策,新,U,15,15,122,3317,107706,107706,122,3317,2.997229056320603,2.997229056320603,,,1,,2586,2175
global_all,global_all_p000,新,舉行,U,15,15,3317,405,107706,107706,3317,405,1.266188296111502,1.266188296111502,,,1,,2587,2491
global_all,global_all_p000,新,草擬,U,15,15,3317,55,107706,107706,3317,55,4.14660668035883,4.14660668035883,,,1,,2588,1813
global_all,global_all_p000,新,贊成,U,15,15,3317,429,107706,107706,3317,429,1.1831325563839437,1.1831325563839437,,,1,,2589,2506
global_all,global_all_p000,新德里,路透社,U,15,15,15,36,107706,107706,15,36,12.54681409362068,12.54681409362068,,,1,,2590,87
global_all,global_all_p000,施行,請旨,U,15,15,402,33,107706,107706,402,33,7.92818388013413,7.92818388013413,,,1,,2591,761
global_all,global_all_p000,早日,觀成,U,15,15,174,15,107706,107706,174,15,10.273795599214264,10.273795599214264,,,1,,2592,331
global_all,global_all_p000,昭豫,莊誠,U,15,15,15,15,107706,107706,15,15,13.809848499454475,13.809848499454475,,,1,,2593,7
global_all,global_all_p000,晨,舉行,U,15,15,35,405,107706,107706,35,405,7.832568575954558,7.832568575954558,,,1,,2594,776
global_all,global_all_p000,曹,選,U,15,15,30,102,107706,107706,30,102,10.044313753091497,10.044313753091497,,,1,,2595,375
global_all,global_all_p000,會議,高,U,15,15,642,240,107706,107706,642,240,4.39030960794069,4.39030960794069,,,1,,2596,1740
global_all,global_all_p000,本部,院,U,15,15,31,257,107706,107706,31,257,8.663808831090758,8.663808831090758,,,1,,2597,615
global_all,global_all_p000,條例,草案,U,15,15,69,56,107706,107706,69,56,9.707750311835738,9.707750311835738,,,1,,2598,429
global_all,global_all_p000,機關,裁判,U,15,15,1065,55,107706,107706,1065,55,5.785632262033651,5.785632262033651,,,1,,2599,1346
global_all,global_all_p000,歡迎,開會,U,15,15,32,1008,107706,107706,32,1008,6.6463497671715945,6.6463497671715945,,,1,,2600,1095
global_all,global_all_p000,正式,通過,U,15,15,572,841,107706,107706,572,841,2.7477963636379776,2.7477963636379776,,,1,,2601,2230
global_all,global_all_p000,民國,肇造,U,15,15,158,15,107706,107706,158,15,10.41295834688589,10.41295834688589,,,1,,2602,310
global_all,global_all_p000,江,督,U,15,15,15,110,107706,107706,15,110,10.935379381538333,10.935379381538333,,,1,,2603,230
global_all,global_all_p000,治,聯,U,15,15,107,173,107706,107706,107,173,7.44753447663364,7.44753447663364,,,1,,2604,850
global_all,global_all_p000,法國,革命,U,15,15,121,229,107706,107706,121,229,6.865562665299973,6.865562665299973,,,1,,2605,1004
global_all,global_all_p000,法律,限制,U,15,15,642,38,107706,107706,642,38,7.049272690105623,7.049272690105623,,,1,,2606,946
global_all,global_all_p000,法案,重要,U,15,15,34,289,107706,107706,34,289,8.361241166920493,8.361241166920493,,,1,,2607,649
global_all,global_all_p000,法規,自治,U,15,15,72,2019,107706,107706,72,2019,4.4742794938977255,4.4742794938977255,,,1,,2608,1711
global_all,global_all_p000,浙江,省議會,U,15,15,15,337,107706,107706,15,337,9.320134313881134,9.320134313881134,,,1,,2609,483
global_all,global_all_p000,消息,確實,U,15,15,73,15,107706,107706,73,15,11.526914536182975,11.526914536182975,,,1,,2610,166
global_all,global_all_p000,減少,議員,U,15,15,15,2706,107706,107706,15,2706,6.314792971086456,6.314792971086456,,,1,,2611,1203
global_all,global_all_p000,湖廣,總督,U,15,15,15,32,107706,107706,15,32,12.716739095062993,12.716739095062993,,,1,,2612,67
global_all,global_all_p000,潘,議長,U,15,15,15,664,107706,107706,15,664,8.341699663716069,8.341699663716069,,,1,,2613,654
global_all,global_all_p000,爵士,西門,U,15,15,15,15,107706,107706,15,15,13.809848499454475,13.809848499454475,,,1,,2614,8
global_all,global_all_p000,現値,預備,U,15,15,15,1473,107706,107706,15,1473,7.192197380027143,7.192197380027143,,,1,,2615,910
global_all,global_all_p000,當選,證書,U,15,15,72,15,107706,107706,72,15,11.54681409362068,11.54681409362068,,,1,,2616,164
global_all,global_all_p000,皇上聖鑒,皇太后,U,15,15,31,124,107706,107706,31,124,9.71523706989776,9.71523706989776,,,1,,2617,426
global_all,global_all_p000,監委,立委,U,15,15,15,33,107706,107706,15,33,12.67234497570454,12.67234497570454,,,1,,2618,69
global_all,global_all_p000,盧,督辦,U,15,15,15,15,107706,107706,15,15,13.809848499454475,13.809848499454475,,,1,,2619,9
global_all,global_all_p000,省,調查,U,15,15,2760,164,107706,107706,2760,164,2.835625134387896,2.835625134387896,,,1,,2620,2205
global_all,global_all_p000,省制,討論,U,15,15,183,1212,107706,107706,183,1212,3.8647558689145183,3.8647558689145183,,,1,,2621,1877
global_all,global_all_p000,省自治法,組織,U,15,15,42,1294,107706,107706,42,1294,5.893690365900244,5.893690365900244,,,1,,2622,1317
global_all,global_all_p000,省長,臨時,U,15,15,361,296,107706,107706,361,296,4.918321298155391,4.918321298155391,,,1,,2623,1595
global_all,global_all_p000,着手,起草,U,15,15,15,663,107706,107706,15,663,8.343874034950405,8.343874034950405,,,1,,2624,651
global_all,global_all_p000,督,粵,U,15,15,110,90,107706,107706,110,90,8.350416880817177,8.350416880817177,,,1,,2625,650
global_all,global_all_p000,示威,運動,U,15,15,15,173,107706,107706,15,173,10.282110867426269,10.282110867426269,,,1,,2626,327
global_all,global_all_p000,租稅,納,U,15,15,15,15,107706,107706,15,15,13.809848499454475,13.809848499454475,,,1,,2627,10
global_all,global_all_p000,立憲,舉行,U,15,15,4911,405,107706,107706,4911,405,0.7000504857042148,0.7000504857042148,,,1,,2628,2561
global_all,global_all_p000,立憲,諭旨,U,15,15,4911,117,107706,107706,4911,117,2.4914638638927973,2.4914638638927973,,,1,,2629,2287
global_all,global_all_p000,範圍,自治,U,15,15,142,2019,107706,107706,142,2019,3.4944573758353563,3.4944573758353563,,,1,,2630,2044
global_all,global_all_p000,組,設,U,15,15,33,409,107706,107706,33,409,7.90327853837131,7.90327853837131,,,1,,2631,764
global_all,global_all_p000,經濟,議會,U,15,15,293,934,107706,107706,293,934,3.5615940965396016,3.5615940965396016,,,1,,2632,2024
global_all,global_all_p000,縣,縣議會,U,15,15,946,90,107706,107706,946,90,5.246080221002441,5.246080221002441,,,1,,2633,1520
global_all,global_all_p000,總理,邦,U,15,15,521,32,107706,107706,521,32,7.598490128393003,7.598490128393003,,,1,,2634,825
global_all,global_all_p000,總統,職務,U,15,15,1739,40,107706,107706,1739,40,5.537659378477562,5.537659378477562,,,1,,2635,1407
global_all,global_all_p000,總統,興登堡,U,15,15,1739,15,107706,107706,1739,15,6.952696877756406,6.952696877756406,,,1,,2636,981
global_all,global_all_p000,總裁,蔣,U,15,15,91,305,107706,107706,91,305,6.8631696180225665,6.8631696180225665,,,1,,2637,1005
global_all,global_all_p000,總額,議員,U,15,15,15,2706,107706,107706,15,2706,6.314792971086456,6.314792971086456,,,1,,2638,1204
global_all,global_all_p000,繼續,行使,U,15,15,255,412,107706,107706,255,412,4.942775726629435,4.942775726629435,,,1,,2639,1589
global_all,global_all_p000,繼續,開,U,15,15,255,1666,107706,107706,255,1666,2.927103568447106,2.927103568447106,,,1,,2640,2183
global_all,global_all_p000,聯合,黨,U,15,15,113,378,107706,107706,113,378,6.2412083040352515,6.2412083040352515,,,1,,2641,1230
global_all,global_all_p000,臚,陳,U,15,15,15,50,107706,107706,15,50,12.072882905288267,12.072882905288267,,,1,,2642,123
global_all,global_all_p000,自行,解決,U,15,15,92,397,107706,107706,92,397,6.467072537471541,6.467072537471541,,,1,,2643,1147
global_all,global_all_p000,至誠,遵守,U,15,15,15,163,107706,107706,15,163,10.368010940831915,10.368010940831915,,,1,,2644,312
global_all,global_all_p000,舉行,討論,U,15,15,405,1212,107706,107706,405,1212,2.7186776094265737,2.7186776094265737,,,1,,2645,2235
global_all,global_all_p000,莫斯科,蘇聯,U,15,15,15,15,107706,107706,15,15,13.809848499454475,13.809848499454475,,,1,,2646,11
global_all,global_all_p000,蘇,議會,U,15,15,33,934,107706,107706,33,934,6.711956831603397,6.711956831603397,,,1,,2647,1046
global_all,global_all_p000,行動,軍事,U,15,15,48,51,107706,107706,48,51,10.36624184797886,10.36624184797886,,,1,,2648,313
global_all,global_all_p000,行政,衙門,U,15,15,1473,115,107706,107706,1473,115,4.253597924691287,4.253597924691287,,,1,,2649,1784
global_all,global_all_p000,衙門,部院,U,15,15,115,15,107706,107706,115,15,10.871249044118617,10.871249044118617,,,1,,2650,242
global_all,global_all_p000,裁減,軍隊,U,15,15,15,40,107706,107706,15,40,12.39481100017563,12.39481100017563,,,1,,2651,101
global_all,global_all_p000,西藏,靑海,U,15,15,15,15,107706,107706,15,15,13.809848499454475,13.809848499454475,,,1,,2652,12
global_all,global_all_p000,討論,選舉,U,15,15,1212,2186,107706,107706,1212,2186,0.286378021526656,0.286378021526656,,,1,,2653,2583
global_all,global_all_p000,設,議院,U,15,15,409,174,107706,107706,409,174,5.504729161881034,5.504729161881034,,,1,,2654,1424
global_all,global_all_p000,議案,重要,U,15,15,122,289,107706,107706,122,289,6.517966670607946,6.517966670607946,,,1,,2655,1126
global_all,global_all_p000,議程,變更,U,15,15,15,198,107706,107706,15,198,10.087382474983384,10.087382474983384,,,1,,2656,363
global_all,global_all_p000,財政,軍事,U,15,15,465,51,107706,107706,465,51,7.0901174427046225,7.0901174427046225,,,1,,2657,932
global_all,global_all_p000,責任,重大,U,15,15,114,138,107706,107706,114,138,7.682215219728601,7.682215219728601,,,1,,2658,806
global_all,global_all_p000,閉會,開會,U,15,15,36,1008,107706,107706,36,1008,6.476424765729282,6.476424765729282,,,1,,2659,1143
