period_set_id,period_id,center_token,neighbor_token,direction,joint_count,raw_joint_event_count,center_marginal_count,neighbor_marginal_count,event_total,raw_event_total,center_raw_count,neighbor_raw_count,pmi,ppmi,distinct_context_count,distinct_article_count,avg_distance,pos_pair_json,rank_by_count,rank_by_pmi
long_period_manual,long_period_manual_p004,實施,憲政,U,190,190,650,1812,12771,12771,650,1812,2.0427763358717597,2.0427763358717597,,,2.068421052631579,,1,598
long_period_manual,long_period_manual_p004,憲法,新,U,184,184,3809,662,12771,12771,3809,662,0.898261852189319,0.898261852189319,,,2.7282608695652173,,2,805
long_period_manual,long_period_manual_p004,憲法,政府,U,144,144,3809,1368,12771,12771,3809,1368,-0.5025402105040618,0,,,5.416666666666667,,3,944
long_period_manual,long_period_manual_p004,憲法,規定,U,137,137,3809,337,12771,12771,3809,337,1.4468146047181922,1.4468146047181922,,,2.9708029197080292,,4,712
long_period_manual,long_period_manual_p004,憲法,總統,U,112,112,3809,556,12771,12771,3809,556,0.4338011522736204,0.4338011522736204,,,5.339285714285714,,5,862
long_period_manual,long_period_manual_p004,國,憲法,U,82,82,560,3809,12771,12771,560,3809,-0.026343709387359096,0,,,5.841463414634147,,6,913
long_period_manual,long_period_manual_p004,問題,憲政,U,80,80,615,1812,12771,12771,615,1812,0.8747021301173888,0.8747021301173888,,,3.7,,7,811
long_period_manual,long_period_manual_p004,政府,英,U,63,63,1368,279,12771,12771,1368,279,2.075889972287695,2.075889972287695,,,2.7301587301587302,,8,591
long_period_manual,long_period_manual_p004,國家,憲法,U,60,60,369,3809,12771,12771,369,3809,0.12480089248764624,0.12480089248764624,,,5.283333333333333,,9,896
long_period_manual,long_period_manual_p004,人民,憲法,U,57,57,363,3809,12771,12771,363,3809,0.07445157910851483,0.07445157910851483,,,5.912280701754386,,10,903
long_period_manual,long_period_manual_p004,憲法,決定,U,56,56,3809,207,12771,12771,3809,207,0.8592552674978026,0.8592552674978026,,,5.142857142857143,,11,815
long_period_manual,long_period_manual_p004,國民黨,憲政,U,55,55,192,1812,12771,12771,192,1812,2.013613848260132,2.013613848260132,,,4.909090909090909,,12,605
long_period_manual,long_period_manual_p004,問題,憲法,U,54,54,615,3809,12771,12771,615,3809,-0.76416779512361,0,,,4.333333333333333,,13,953
long_period_manual,long_period_manual_p004,憲法,通過,U,53,53,3809,276,12771,12771,3809,276,0.3647833007245539,0.3647833007245539,,,4.433962264150943,,14,867
long_period_manual,long_period_manual_p004,總統,規定,U,53,53,556,337,12771,12771,556,337,2.8529584761606968,2.8529584761606968,,,5.471698113207547,,15,422
long_period_manual,long_period_manual_p004,制定,憲法,U,52,52,139,3809,12771,12771,139,3809,1.3268859483571085,1.3268859483571085,,,2.019230769230769,,16,726
long_period_manual,long_period_manual_p004,國會,憲法,U,52,52,273,3809,12771,12771,273,3809,0.3530698801607634,0.3530698801607634,,,5.134615384615385,,17,869
long_period_manual,long_period_manual_p004,國民大會,憲法,U,51,51,424,3809,12771,12771,424,3809,-0.3101078096521799,0,,,4.745098039215687,,18,926
long_period_manual,long_period_manual_p004,憲法,美國,U,51,51,3809,92,12771,12771,3809,92,1.8942506888540065,1.8942506888540065,,,4.607843137254902,,19,632
long_period_manual,long_period_manual_p004,地方,自治,U,50,50,82,114,12771,12771,82,114,7.093998046494763,7.093998046494763,,,2.68,,20,86
long_period_manual,long_period_manual_p004,憲政,政府,U,50,50,1812,1368,12771,12771,1812,1368,-0.9567796896545447,0,,,6.22,,21,958
long_period_manual,long_period_manual_p004,憲政,訓政,U,48,48,1812,131,12771,12771,1812,131,2.3687561346403347,2.3687561346403347,,,4.8125,,22,529
long_period_manual,long_period_manual_p004,國民大會,憲政,U,47,47,424,1812,12771,12771,424,1812,0.6438850325710669,0.6438850325710669,,,4.531914893617022,,23,841
long_period_manual,long_period_manual_p004,議會,高,U,46,46,303,149,12771,12771,303,149,4.701803327624765,4.701803327624765,,,3.1956521739130435,,24,219
long_period_manual,long_period_manual_p004,憲法,成立,U,45,45,3809,191,12771,12771,3809,191,0.6598115712334497,0.6598115712334497,,,3.3777777777777778,,25,838
long_period_manual,long_period_manual_p004,內閣,憲法,U,44,44,133,3809,12771,12771,133,3809,1.1495364860756314,1.1495364860756314,,,6.204545454545454,,26,763
long_period_manual,long_period_manual_p004,印度,憲法,U,43,43,298,3809,12771,12771,298,3809,-0.0475164628205399,0,,,5.976744186046512,,27,916
long_period_manual,long_period_manual_p004,召集,國民大會,U,42,42,192,424,12771,12771,192,424,3.7200183429972684,3.7200183429972684,,,2.5476190476190474,,28,326
long_period_manual,long_period_manual_p004,實行,憲政,U,42,42,164,1812,12771,12771,164,1812,1.8519820536173053,1.8519820536173053,,,1.6428571428571428,,29,639
long_period_manual,long_period_manual_p004,憲法,自由,U,42,42,3809,227,12771,12771,3809,227,0.3111562384273691,0.3111562384273691,,,5.571428571428571,,30,872
long_period_manual,long_period_manual_p004,人民,政府,U,41,41,363,1368,12771,12771,363,1368,1.076457627239299,1.076457627239299,,,5.682926829268292,,31,775
long_period_manual,long_period_manual_p004,成立,政府,U,40,40,191,1368,12771,12771,191,1368,1.9672306274685796,1.9672306274685796,,,3.775,,32,620
long_period_manual,long_period_manual_p004,修正,憲法,U,39,39,51,3809,12771,12771,51,3809,2.358364179830277,2.358364179830277,,,2.4358974358974357,,33,532
long_period_manual,long_period_manual_p004,問題,討論,U,39,39,615,153,12771,12771,615,153,3.404155651445858,3.404155651445858,,,4.641025641025641,,34,363
long_period_manual,long_period_manual_p004,國,政府,U,39,39,560,1368,12771,12771,560,1368,0.37885056253424787,0.37885056253424787,,,5.358974358974359,,35,866
long_period_manual,long_period_manual_p004,憲法,議會,U,39,39,3809,303,12771,12771,3809,303,-0.2123844616711789,0,,,5.82051282051282,,36,921
long_period_manual,long_period_manual_p004,中國,憲政,U,38,38,205,1812,12771,12771,205,1812,1.385664049394768,1.385664049394768,,,5.447368421052632,,37,720
long_period_manual,long_period_manual_p004,印度,英,U,38,38,298,279,12771,12771,298,279,3.5452215566551004,3.5452215566551004,,,6.684210526315789,,38,339
long_period_manual,long_period_manual_p004,問題,解決,U,38,38,615,59,12771,12771,615,59,4.7414257393580055,4.7414257393580055,,,3.3684210526315788,,39,215
long_period_manual,long_period_manual_p004,憲法,政治,U,38,38,3809,412,12771,12771,3809,412,-0.6931857108001092,0,,,5.657894736842105,,40,951
long_period_manual,long_period_manual_p004,新,總統,U,38,38,662,556,12771,12771,662,556,1.398882909415724,1.398882909415724,,,4.657894736842105,,41,718
long_period_manual,long_period_manual_p004,不能,憲法,U,37,37,51,3809,12771,12771,51,3809,2.282415326596978,2.282415326596978,,,5.837837837837838,,42,551
long_period_manual,long_period_manual_p004,人民,自由,U,36,36,363,227,12771,12771,363,227,3.4801346516585103,3.4801346516585103,,,4.083333333333333,,43,349
long_period_manual,long_period_manual_p004,參政會,國民,U,36,36,127,148,12771,12771,127,148,5.61237082454406,5.61237082454406,,,1.3333333333333333,,44,153
long_period_manual,long_period_manual_p004,召開,國民大會,U,36,36,145,424,12771,12771,145,424,3.9026793323670423,3.9026793323670423,,,1.4444444444444444,,45,291
long_period_manual,long_period_manual_p004,憲政,抗戰,U,35,35,1812,170,12771,12771,1812,170,1.5371087162638934,1.5371087162638934,,,6.771428571428571,,46,698
long_period_manual,long_period_manual_p004,政府,立憲,U,35,35,1368,150,12771,12771,1368,150,2.1231956870660516,2.1231956870660516,,,2.2,,47,582
long_period_manual,long_period_manual_p004,政府,新,U,34,34,1368,662,12771,12771,1368,662,-0.06049320493991232,0,,,5.382352941176471,,48,917
long_period_manual,long_period_manual_p004,印度,政府,U,33,33,298,1368,12771,12771,298,1368,1.0479569595132576,1.0479569595132576,,,6.090909090909091,,49,781
long_period_manual,long_period_manual_p004,實施,憲法,U,33,33,650,3809,12771,12771,650,3809,-1.55451448561784,0,,,3.727272727272727,,50,967
long_period_manual,long_period_manual_p004,憲法,獨立,U,33,33,3809,119,12771,12771,3809,119,0.8949636589900337,0.8949636589900337,,,6.303030303030303,,51,807
long_period_manual,long_period_manual_p004,憲法,舉行,U,33,33,3809,224,12771,12771,3809,224,-0.0175734997596269,0,,,5.848484848484849,,52,912
long_period_manual,long_period_manual_p004,憲法,要求,U,33,33,3809,197,12771,12771,3809,197,0.16772960284160077,0.16772960284160077,,,6.151515151515151,,53,892
long_period_manual,long_period_manual_p004,政府,要求,U,33,33,1368,197,12771,12771,1368,197,1.645073660519043,1.645073660519043,,,5.424242424242424,,54,684
long_period_manual,long_period_manual_p004,人,憲法,U,32,32,174,3809,12771,12771,174,3809,0.3024438070907955,0.3024438070907955,,,7.03125,,55,874
long_period_manual,long_period_manual_p004,修改,憲法,U,32,32,46,3809,12771,12771,46,3809,2.2218253468825107,2.2218253468825107,,,2.53125,,56,568
long_period_manual,long_period_manual_p004,召集,憲法,U,32,32,192,3809,12771,12771,192,3809,0.1604248022183676,0.1604248022183676,,,4.6875,,57,893
long_period_manual,long_period_manual_p004,憲法,英,U,32,32,3809,279,12771,12771,3809,279,-0.37873400888966396,0,,,6.125,,58,935
long_period_manual,long_period_manual_p004,代表,憲法,U,31,31,133,3809,12771,12771,133,3809,0.6443011778252093,0.6443011778252093,,,6.483870967741935,,59,840
long_period_manual,long_period_manual_p004,兩,國,U,31,31,121,560,12771,12771,121,560,3.546633931670178,3.546633931670178,,,1.935483870967742,,60,338
long_period_manual,long_period_manual_p004,國家,憲政,U,31,31,369,1812,12771,12771,369,1812,0.24393593978310785,0.24393593978310785,,,5.516129032258065,,61,886
long_period_manual,long_period_manual_p004,憲法,法律,U,31,31,3809,43,12771,12771,3809,43,2.273318858624301,2.273318858624301,,,4.774193548387097,,62,553
long_period_manual,long_period_manual_p004,印度,英國,U,30,30,298,71,12771,12771,298,71,5.178558831144539,5.178558831144539,,,5.5,,63,191
long_period_manual,long_period_manual_p004,國,憲政,U,30,30,560,1812,12771,12771,560,1812,-0.40517578587981934,0,,,7.166666666666667,,64,938
long_period_manual,long_period_manual_p004,憲政,政治,U,30,30,1812,412,12771,12771,1812,412,0.03760670388192882,0.03760670388192882,,,6.533333333333333,,65,907
long_period_manual,long_period_manual_p004,政府,決定,U,30,30,1368,207,12771,12771,1368,207,1.4361349987261591,1.4361349987261591,,,4.333333333333333,,66,714
long_period_manual,long_period_manual_p004,人民,憲政,U,29,29,363,1812,12771,12771,363,1812,0.17137189258845018,0.17137189258845018,,,6.758620689655173,,67,891
long_period_manual,long_period_manual_p004,召開,憲政,U,29,29,145,1812,12771,12771,145,1812,1.4952885405692662,1.4952885405692662,,,4.517241379310345,,68,706
long_period_manual,long_period_manual_p004,憲政,重慶,U,29,29,1812,106,12771,12771,1812,106,1.9472771760210017,1.9472771760210017,,,5.068965517241379,,69,625
long_period_manual,long_period_manual_p004,憲法,提出,U,29,29,3809,111,12771,12771,3809,111,0.80895243171699,0.80895243171699,,,5.517241379310345,,70,823
long_period_manual,long_period_manual_p004,憲法,權利,U,29,29,3809,44,12771,12771,3809,44,2.1439366794297987,2.1439366794297987,,,4.724137931034483,,71,579
long_period_manual,long_period_manual_p004,憲法,權力,U,29,29,3809,37,12771,12771,3809,37,2.393914932438146,2.393914932438146,,,5.896551724137931,,72,521
long_period_manual,long_period_manual_p004,人,議員,U,28,28,174,127,12771,12771,174,127,5.016310614939574,5.016310614939574,,,4.071428571428571,,73,200
long_period_manual,long_period_manual_p004,參政會,憲政,U,28,28,127,1812,12771,12771,127,1812,1.635886870742067,1.635886870742067,,,4.964285714285714,,74,685
long_period_manual,long_period_manual_p004,國會,政府,U,28,28,273,1368,12771,12771,273,1368,0.9373291417547175,0.9373291417547175,,,5.357142857142857,,75,796
long_period_manual,long_period_manual_p004,國王,憲法,U,28,28,36,3809,12771,12771,36,3809,2.3828172235548157,2.3828172235548157,,,5.75,,76,524
long_period_manual,long_period_manual_p004,憲政,憲法,U,28,28,1812,3809,12771,12771,1812,3809,-3.270625015049107,0,,,4.892857142857143,,77,972
long_period_manual,long_period_manual_p004,憲法,討論,U,28,28,3809,153,12771,12771,3809,153,0.29535438230447614,0.29535438230447614,,,5.714285714285714,,78,877
long_period_manual,long_period_manual_p004,憲法,頒布,U,28,28,3809,28,12771,12771,3809,28,2.7453873029395237,2.7453873029395237,,,2.5,,79,473
long_period_manual,long_period_manual_p004,人民,國,U,27,27,363,560,12771,12771,363,560,1.762362622725615,1.762362622725615,,,2.740740740740741,,80,657
long_period_manual,long_period_manual_p004,國民,憲法,U,27,27,148,3809,12771,12771,148,3809,0.29082143947404254,0.29082143947404254,,,5.62962962962963,,81,878
long_period_manual,long_period_manual_p004,總統,選舉,U,27,27,556,122,12771,12771,556,122,3.3457929673799383,3.3457929673799383,,,3.4444444444444446,,82,365
long_period_manual,long_period_manual_p004,人民,國家,U,26,26,363,369,12771,12771,363,369,2.3097208495878094,2.3097208495878094,,,5.346153846153846,,83,544
long_period_manual,long_period_manual_p004,人民,政治,U,26,26,363,412,12771,12771,363,412,2.150697328464987,2.150697328464987,,,5.230769230769231,,84,578
long_period_manual,long_period_manual_p004,問題,政府,U,26,26,615,1368,12771,12771,615,1368,-0.3412715214685443,0,,,5.846153846153846,,85,929
long_period_manual,long_period_manual_p004,國民大會,政府,U,26,26,424,1368,12771,12771,424,1368,0.19525062419485895,0.19525062419485895,,,5.115384615384615,,86,890
long_period_manual,long_period_manual_p004,憲法,會議,U,26,26,3809,123,12771,12771,3809,123,0.503312515741376,0.503312515741376,,,5.961538461538462,,87,855
long_period_manual,long_period_manual_p004,憲法,法國,U,26,26,3809,70,12771,12771,3809,70,1.3165440041356493,1.3165440041356493,,,6.153846153846154,,88,729
long_period_manual,long_period_manual_p004,政府,通過,U,26,26,1368,276,12771,12771,1368,276,0.814646621979889,0.814646621979889,,,6.538461538461538,,89,822
long_period_manual,long_period_manual_p004,國會,通過,U,25,25,273,276,12771,12771,273,276,3.083158467579567,3.083158467579567,,,4.36,,90,394
long_period_manual,long_period_manual_p004,大會,憲法,U,25,25,223,3809,12771,12771,223,3809,-0.4116564072060564,0,,,6.08,,91,940
long_period_manual,long_period_manual_p004,實行,憲法,U,25,25,164,3809,12771,12771,164,3809,0.031691488096164705,0.031691488096164705,,,3.6,,92,908
long_period_manual,long_period_manual_p004,建國,抗戰,U,25,25,99,170,12771,12771,99,170,5.245692509060277,5.245692509060277,,,2.56,,93,185
long_period_manual,long_period_manual_p004,憲政,討論,U,25,25,1812,153,12771,12771,1812,153,1.2036849825387017,1.2036849825387017,,,4.88,,94,744
long_period_manual,long_period_manual_p004,憲政,黨,U,25,25,1812,129,12771,12771,1812,129,1.4498455698080992,1.4498455698080992,,,6.2,,95,711
long_period_manual,long_period_manual_p004,憲法,法,U,25,25,3809,85,12771,12771,3809,85,0.9798525565765467,0.9798525565765467,,,6.4,,96,789
long_period_manual,long_period_manual_p004,憲法,蘇聯,U,25,25,3809,127,12771,12771,3809,127,0.40055880594208243,0.40055880594208243,,,4.92,,97,863
long_period_manual,long_period_manual_p004,憲法,議員,U,25,25,3809,127,12771,12771,3809,127,0.40055880594208243,0.40055880594208243,,,6.24,,98,864
long_period_manual,long_period_manual_p004,蘇聯,高,U,25,25,127,149,12771,12771,127,149,5.076586858043261,5.076586858043261,,,4.84,,99,196
long_period_manual,long_period_manual_p004,主張,憲法,U,24,24,52,3809,12771,12771,52,3809,1.6299100855195876,1.6299100855195876,,,4.416666666666667,,100,687
long_period_manual,long_period_manual_p004,代表,大會,U,24,24,133,223,12771,12771,133,223,4.369364040802526,4.369364040802526,,,3.0416666666666665,,101,244
long_period_manual,long_period_manual_p004,問題,實施,U,24,24,615,650,12771,12771,615,650,0.6168078680816009,0.6168078680816009,,,5.125,,102,844
long_period_manual,long_period_manual_p004,基礎,憲政,U,24,24,88,1812,12771,12771,88,1812,1.9427475175404876,1.9427475175404876,,,4.208333333333333,,103,626
long_period_manual,long_period_manual_p004,憲政,時期,U,24,24,1812,78,12771,12771,1812,78,2.1167769173155366,2.1167769173155366,,,4.875,,104,584
long_period_manual,long_period_manual_p004,政府,政治,U,24,24,1368,412,12771,12771,1368,412,0.12119333415490365,0.12119333415490365,,,6,,105,898
long_period_manual,long_period_manual_p004,中國,憲法,U,23,23,205,3809,12771,12771,205,3809,-0.4105308405089095,0,,,5.304347826086956,,106,939
long_period_manual,long_period_manual_p004,中央社,憲法,U,23,23,67,3809,12771,12771,67,3809,1.2028600685387643,1.2028600685387643,,,7.304347826086956,,107,745
long_period_manual,long_period_manual_p004,國民,憲政,U,23,23,148,1812,12771,12771,148,1812,1.1313252258846918,1.1313252258846918,,,5.782608695652174,,108,766
long_period_manual,long_period_manual_p004,憲政,結束,U,23,23,1812,119,12771,12771,1812,119,1.445960828205698,1.445960828205698,,,6.217391304347826,,109,713
long_period_manual,long_period_manual_p004,憲政,要求,U,23,23,1812,197,12771,12771,1812,197,0.7187267720572653,0.7187267720572653,,,5.565217391304348,,110,831
long_period_manual,long_period_manual_p004,憲法,起草,U,23,23,3809,32,12771,12771,3809,32,2.2689492589965363,2.2689492589965363,,,3.4782608695652173,,111,554
long_period_manual,long_period_manual_p004,憲法,頒佈,U,23,23,3809,38,12771,12771,3809,38,2.021021745552951,2.021021745552951,,,3.347826086956522,,112,603
long_period_manual,long_period_manual_p004,政府,政策,U,23,23,1368,59,12771,12771,1368,59,2.8636502673121376,2.8636502673121376,,,4.608695652173913,,113,419
long_period_manual,long_period_manual_p004,政府,組織,U,23,23,1368,86,12771,12771,1368,86,2.320028561971881,2.320028561971881,,,4.869565217391305,,114,542
long_period_manual,long_period_manual_p004,政府,議會,U,23,23,1368,303,12771,12771,1368,303,0.5031193332010279,0.5031193332010279,,,5.695652173913044,,115,856
long_period_manual,long_period_manual_p004,總統,連任,U,23,23,556,43,12771,12771,556,43,4.618940004134271,4.618940004134271,,,5.695652173913044,,116,224
long_period_manual,long_period_manual_p004,美,英,U,23,23,53,279,12771,12771,53,279,5.31210406516749,5.31210406516749,,,2,,117,180
long_period_manual,long_period_manual_p004,議會,通過,U,23,23,303,276,12771,12771,303,276,2.8124473913087567,2.8124473913087567,,,5.695652173913044,,118,427
long_period_manual,long_period_manual_p004,制定,國民大會,U,22,22,139,424,12771,12771,139,424,3.2531539668534544,3.2531539668534544,,,3.1818181818181817,,119,371
long_period_manual,long_period_manual_p004,召集,憲政,U,22,22,192,1812,12771,12771,192,1812,0.6916857533727698,0.6916857533727698,,,5.2272727272727275,,120,836
long_period_manual,long_period_manual_p004,國,大會,U,22,22,560,223,12771,12771,560,223,2.16983257727489,2.16983257727489,,,4.136363636363637,,121,574
long_period_manual,long_period_manual_p004,實施,政治,U,22,22,650,412,12771,12771,650,412,1.069219059041126,1.069219059041126,,,5.2272727272727275,,122,777
long_period_manual,long_period_manual_p004,實行,政府,U,22,22,164,1368,12771,12771,164,1368,1.3246109746361794,1.3246109746361794,,,6,,123,727
long_period_manual,long_period_manual_p004,工作,憲政,U,22,22,73,1812,12771,12771,73,1812,2.0868236952139085,2.0868236952139085,,,5.5,,124,590
long_period_manual,long_period_manual_p004,憲政,民主,U,22,22,1812,186,12771,12771,1812,186,0.7374894429858944,0.7374894429858944,,,4.818181818181818,,125,828
long_period_manual,long_period_manual_p004,憲法,英國,U,22,22,3809,71,12771,12771,3809,71,1.0550718020721388,1.0550718020721388,,,6.090909090909091,,126,780
long_period_manual,long_period_manual_p004,人,參政員,U,21,21,174,21,12771,12771,174,21,7.1976403796541355,7.1976403796541355,,,5.0476190476190474,,127,81
long_period_manual,long_period_manual_p004,國家,政府,U,21,21,369,1368,12771,12771,369,1368,0.08757177733533021,0.08757177733533021,,,5.285714285714286,,128,902
long_period_manual,long_period_manual_p004,國家,統一,U,21,21,369,47,12771,12771,369,47,4.950835440543591,4.950835440543591,,,4.428571428571429,,129,204
long_period_manual,long_period_manual_p004,國民大會,實施,U,21,21,424,650,12771,12771,424,650,0.960684935802608,0.960684935802608,,,4.095238095238095,,130,792
long_period_manual,long_period_manual_p004,完成,憲政,U,21,21,54,1812,12771,12771,54,1812,2.4546465560719204,2.4546465560719204,,,5.809523809523809,,131,515
long_period_manual,long_period_manual_p004,憲政,組織,U,21,21,1812,86,12771,12771,1812,86,1.7832693035332912,1.7832693035332912,,,5.9523809523809526,,132,652
long_period_manual,long_period_manual_p004,憲政,運動,U,21,21,1812,34,12771,12771,1812,34,3.1220712169850495,3.1220712169850495,,,3.5238095238095237,,133,389
long_period_manual,long_period_manual_p004,憲法,精神,U,21,21,3809,36,12771,12771,3809,36,1.9677797242759718,1.9677797242759718,,,5.857142857142857,,134,618
long_period_manual,long_period_manual_p004,憲法,貝當,U,21,21,3809,80,12771,12771,3809,80,0.8157766308309218,0.8157766308309218,,,6.666666666666667,,135,821
long_period_manual,long_period_manual_p004,憲法,賦予,U,21,21,3809,27,12771,12771,3809,27,2.3828172235548157,2.3828172235548157,,,3.1904761904761907,,136,525
long_period_manual,long_period_manual_p004,政府,總統,U,21,21,1368,556,12771,12771,1368,556,-0.5038922893277813,0,,,5.666666666666667,,137,945
long_period_manual,long_period_manual_p004,人,憲政,U,20,20,174,1812,12771,12771,174,1812,0.6962012344952628,0.6962012344952628,,,6.1,,138,834
long_period_manual,long_period_manual_p004,內閣,新,U,20,20,133,662,12771,12771,133,662,2.536542128081819,2.536542128081819,,,4.95,,139,501
long_period_manual,long_period_manual_p004,原則,憲法,U,20,20,26,3809,12771,12771,26,3809,2.3668756796857937,2.3668756796857937,,,4.5,,140,530
long_period_manual,long_period_manual_p004,召集,政府,U,20,20,192,1368,12771,12771,192,1368,0.9596969547831721,0.9596969547831721,,,4.15,,141,793
long_period_manual,long_period_manual_p004,問題,決定,U,20,20,615,207,12771,12771,615,207,2.0045824126642984,2.0045824126642984,,,5.85,,142,610
long_period_manual,long_period_manual_p004,國家,民主,U,20,20,369,186,12771,12771,369,186,2.8958761532217987,2.8958761532217987,,,3.25,,143,416
long_period_manual,long_period_manual_p004,國會,總統,U,20,20,273,556,12771,12771,273,556,1.750813756746866,1.750813756746866,,,5.4,,144,659
long_period_manual,long_period_manual_p004,國會,議員,U,20,20,273,127,12771,12771,273,127,3.8810701426982077,3.8810701426982077,,,4.35,,145,294
long_period_manual,long_period_manual_p004,基礎,憲法,U,20,20,88,3809,12771,12771,88,3809,0.6078837791895887,0.6078837791895887,,,5.45,,146,845
long_period_manual,long_period_manual_p004,實施,政府,U,20,20,650,1368,12771,12771,650,1368,-0.7996364524114887,0,,,5.55,,147,955
long_period_manual,long_period_manual_p004,實現,憲政,U,20,20,36,1812,12771,12771,36,1812,2.9692197289016784,2.9692197289016784,,,2.85,,148,407
long_period_manual,long_period_manual_p004,工作,訓政,U,20,20,73,131,12771,12771,73,131,5.739264409972758,5.739264409972758,,,3.9,,149,149
long_period_manual,long_period_manual_p004,巴西,新,U,20,20,52,662,12771,12771,52,662,3.891384845441916,3.891384845441916,,,5.15,,150,292
long_period_manual,long_period_manual_p004,建國,憲政,U,20,20,99,1812,12771,12771,99,1812,1.5097881102643813,1.5097881102643813,,,6.25,,151,704
long_period_manual,long_period_manual_p004,意見,憲政,U,20,20,49,1812,12771,12771,49,1812,2.524434886228783,2.524434886228783,,,4.8,,152,504
long_period_manual,long_period_manual_p004,慶祝,紀念,U,20,20,40,60,12771,12771,40,60,7.733693279894346,7.733693279894346,,,4.9,,153,62
long_period_manual,long_period_manual_p004,憲法,政黨,U,20,20,3809,60,12771,12771,3809,60,1.1604248022183676,1.1604248022183676,,,5.9,,154,755
long_period_manual,long_period_manual_p004,憲法,民族,U,20,20,3809,71,12771,12771,3809,71,0.9175682783222039,0.9175682783222039,,,6.05,,155,801
long_period_manual,long_period_manual_p004,成立,新,U,20,20,191,662,12771,12771,191,662,2.01439573554726,2.01439573554726,,,4.55,,156,604
long_period_manual,long_period_manual_p004,戰爭,結束,U,20,20,76,119,12771,12771,76,119,5.819766693638697,5.819766693638697,,,1.6,,157,147
long_period_manual,long_period_manual_p004,政府,規定,U,20,20,1368,337,12771,12771,1368,337,0.1480546743224698,0.1480546743224698,,,6.95,,158,895
long_period_manual,long_period_manual_p004,政治,民主,U,20,20,412,186,12771,12771,412,186,2.7368526320989766,2.7368526320989766,,,1.25,,159,475
long_period_manual,long_period_manual_p004,新,選舉,U,20,20,662,122,12771,12771,662,122,2.661087226020122,2.661087226020122,,,4.7,,160,486
long_period_manual,long_period_manual_p004,中國,政治,U,19,19,205,412,12771,12771,205,412,2.5225307622577846,2.5225307622577846,,,5.157894736842105,,161,505
long_period_manual,long_period_manual_p004,主義,民主,U,19,19,55,186,12771,12771,55,186,5.567992864313759,5.567992864313759,,,1.631578947368421,,162,155
long_period_manual,long_period_manual_p004,代表,政府,U,19,19,133,1368,12771,12771,133,1368,1.415376438559362,1.415376438559362,,,5.473684210526316,,163,716
long_period_manual,long_period_manual_p004,任期,總統,U,19,19,44,556,12771,12771,44,556,4.310138697585645,4.310138697585645,,,2.736842105263158,,164,249
long_period_manual,long_period_manual_p004,同時,憲法,U,19,19,25,3809,12771,12771,25,3809,2.3494586266083846,2.3494586266083846,,,5.894736842105263,,165,536
long_period_manual,long_period_manual_p004,問題,國民大會,U,19,19,615,424,12771,12771,615,424,0.896148334156648,0.896148334156648,,,6.052631578947368,,166,806
long_period_manual,long_period_manual_p004,問題,政治,U,19,19,615,412,12771,12771,615,412,0.9375682615366288,0.9375682615366288,,,5.2631578947368425,,167,795
long_period_manual,long_period_manual_p004,國,國家,U,19,19,560,369,12771,12771,560,369,1.2317513659410868,1.2317513659410868,,,7.578947368421052,,168,740
long_period_manual,long_period_manual_p004,國,英,U,19,19,560,279,12771,12771,560,279,1.6351070601722952,1.6351070601722952,,,4.2105263157894735,,169,686
long_period_manual,long_period_manual_p004,國民大會,決定,U,19,19,424,207,12771,12771,424,207,2.4671039768839247,2.4671039768839247,,,5.052631578947368,,170,512
long_period_manual,long_period_manual_p004,大會,憲政,U,19,19,223,1812,12771,12771,223,1812,0.2642442489799095,0.2642442489799095,,,7.631578947368421,,171,885
long_period_manual,long_period_manual_p004,建議,憲法,U,19,19,43,3809,12771,12771,43,3809,1.5670500616810115,1.5670500616810115,,,5.052631578947368,,172,695
long_period_manual,long_period_manual_p004,憲法,選舉,U,19,19,3809,122,12771,12771,3809,122,0.06257747882022305,0.06257747882022305,,,5.2105263157894735,,173,904
long_period_manual,long_period_manual_p004,提出,政府,U,19,19,111,1368,12771,12771,111,1368,1.6762430077104455,1.6762430077104455,,,5.2631578947368425,,174,681
long_period_manual,long_period_manual_p004,政治,立憲,U,19,19,412,150,12771,12771,412,150,2.9731921712673497,2.9731921712673497,,,4.052631578947368,,175,405
long_period_manual,long_period_manual_p004,總統,議會,U,19,19,556,303,12771,12771,556,303,1.526396332749991,1.526396332749991,,,5.315789473684211,,176,700
long_period_manual,long_period_manual_p004,制度,憲法,U,18,18,64,3809,12771,12771,64,3809,0.915312304381836,0.915312304381836,,,4.5,,177,802
long_period_manual,long_period_manual_p004,國,新,U,18,18,560,662,12771,12771,560,662,0.31053845319299206,0.31053845319299206,,,5.944444444444445,,178,873
long_period_manual,long_period_manual_p004,國,法,U,18,18,560,85,12771,12771,560,85,3.271834923862508,3.271834923862508,,,3.3333333333333335,,179,368
long_period_manual,long_period_manual_p004,國家,政治,U,18,18,369,412,12771,12771,369,412,1.5965313437015616,1.5965313437015616,,,5.166666666666667,,180,692
long_period_manual,long_period_manual_p004,大會,舉行,U,18,18,223,224,12771,12771,223,224,3.2022540549672676,3.2022540549672676,,,3.111111111111111,,181,381
long_period_manual,long_period_manual_p004,憲政,自治,U,18,18,1812,114,12771,12771,1812,114,1.1542516227341995,1.1542516227341995,,,5.222222222222222,,182,761
long_period_manual,long_period_manual_p004,憲法,權,U,18,18,3809,30,12771,12771,3809,30,2.0084217087733176,2.0084217087733176,,,5.333333333333333,,183,609
long_period_manual,long_period_manual_p004,憲法,權限,U,18,18,3809,31,12771,12771,3809,31,1.961115993994961,1.961115993994961,,,5.555555555555555,,184,622
long_period_manual,long_period_manual_p004,憲法,組織,U,18,18,3809,86,12771,12771,3809,86,0.4890475496797381,0.4890475496797381,,,5.722222222222222,,185,858
long_period_manual,long_period_manual_p004,蘇聯,議會,U,18,18,127,303,12771,12771,127,303,3.5786502067000594,3.5786502067000594,,,5,,186,336
long_period_manual,long_period_manual_p004,中國,日本,U,17,17,205,80,12771,12771,205,80,4.726638522360394,4.726638522360394,,,5.9411764705882355,,187,218
long_period_manual,long_period_manual_p004,參衆兩院,憲法,U,17,17,24,3809,12771,12771,24,3809,2.247887643468707,2.247887643468707,,,5.294117647058823,,188,560
long_period_manual,long_period_manual_p004,憲政,民意,U,17,17,1812,46,12771,12771,1812,46,2.3811175206499553,2.3811175206499553,,,5.470588235294118,,189,526
long_period_manual,long_period_manual_p004,憲政,蔣,U,17,17,1812,45,12771,12771,1812,45,2.4128263803772936,2.4128263803772936,,,5.470588235294118,,190,518
long_period_manual,long_period_manual_p004,憲法,投票,U,17,17,3809,49,12771,12771,3809,49,1.218140300074655,1.218140300074655,,,5.882352941176471,,191,741
long_period_manual,long_period_manual_p004,憲法,政策,U,17,17,3809,59,12771,12771,3809,59,0.9502070948280218,0.9502070948280218,,,6.0588235294117645,,192,794
long_period_manual,long_period_manual_p004,憲法,施行,U,17,17,3809,23,12771,12771,3809,23,2.30928818813285,2.30928818813285,,,5.352941176470588,,193,545
long_period_manual,long_period_manual_p004,政府,方面,U,17,17,1368,97,12771,12771,1368,97,1.7102813596801774,1.7102813596801774,,,5.764705882352941,,194,676
long_period_manual,long_period_manual_p004,新,法國,U,17,17,662,70,12771,12771,662,70,3.228076293001019,3.228076293001019,,,5.647058823529412,,195,373
long_period_manual,long_period_manual_p004,新,貝當,U,17,17,662,80,12771,12771,662,80,3.035431215058623,3.035431215058623,,,6.705882352941177,,196,397
long_period_manual,long_period_manual_p004,新聞社,通訊社,U,17,17,17,23,12771,12771,17,23,10.11702191944585,10.11702191944585,,,4.705882352941177,,197,14
long_period_manual,long_period_manual_p004,法,英,U,17,17,85,279,12771,12771,85,279,4.194534468786314,4.194534468786314,,,2.0588235294117645,,198,267
long_period_manual,long_period_manual_p004,總理,總統,U,17,17,53,556,12771,12771,53,556,3.8811851894664966,3.8811851894664966,,,5.529411764705882,,199,293
long_period_manual,long_period_manual_p004,中央社,新,U,16,16,67,662,12771,12771,67,662,3.2038072782378735,3.2038072782378735,,,6.3125,,200,380
long_period_manual,long_period_manual_p004,主義,憲法,U,16,16,55,3809,12771,12771,55,3809,0.9640275894148642,0.9640275894148642,,,5.125,,201,791
long_period_manual,long_period_manual_p004,公民,投票,U,16,16,29,49,12771,12771,29,49,8.167893036260084,8.167893036260084,,,1.5,,202,49
long_period_manual,long_period_manual_p004,共和,憲法,U,16,16,29,3809,12771,12771,29,3809,1.8874063078119516,1.8874063078119516,,,4.9375,,203,633
long_period_manual,long_period_manual_p004,印度,問題,U,16,16,298,615,12771,12771,298,615,1.1569727548141,1.1569727548141,,,3.375,,204,760
long_period_manual,long_period_manual_p004,國,抗戰,U,16,16,560,170,12771,12771,560,170,2.1019099224201954,2.1019099224201954,,,5.4375,,205,586
long_period_manual,long_period_manual_p004,國民大會,通過,U,16,16,424,276,12771,12771,424,276,1.8041389641614956,1.8041389641614956,,,4.75,,206,645
long_period_manual,long_period_manual_p004,地位,憲法,U,16,16,47,3809,12771,12771,47,3809,1.190798451261886,1.190798451261886,,,5,,207,747
long_period_manual,long_period_manual_p004,實施,黨,U,16,16,650,129,12771,12771,650,129,2.285060712163793,2.285060712163793,,,7.25,,208,550
long_period_manual,long_period_manual_p004,巴西,憲法,U,16,16,52,3809,12771,12771,52,3809,1.0449475847984318,1.0449475847984318,,,4.375,,209,782
long_period_manual,long_period_manual_p004,憲政,機關,U,16,16,1812,52,12771,12771,1812,52,2.1167769173155366,2.1167769173155366,,,5.125,,210,585
long_period_manual,long_period_manual_p004,憲政,革命,U,16,16,1812,65,12771,12771,1812,65,1.7948488224281742,1.7948488224281742,,,5.875,,211,649
long_period_manual,long_period_manual_p004,憲法,承認,U,16,16,3809,31,12771,12771,3809,31,1.7911909925526488,1.7911909925526488,,,6.25,,212,651
long_period_manual,long_period_manual_p004,提出,要求,U,16,16,111,197,12771,12771,111,197,4.224116189696382,4.224116189696382,,,3.9375,,213,259
long_period_manual,long_period_manual_p004,政府,法,U,16,16,1368,85,12771,12771,1368,85,1.8133404244792644,1.8133404244792644,,,5.3125,,214,643
long_period_manual,long_period_manual_p004,政府,表示,U,16,16,1368,36,12771,12771,1368,36,3.0528063591746535,3.0528063591746535,,,4.375,,215,396
long_period_manual,long_period_manual_p004,政治,日本,U,16,16,412,80,12771,12771,412,80,3.632155253432283,3.632155253432283,,,4.1875,,216,333
long_period_manual,long_period_manual_p004,新,規定,U,16,16,662,337,12771,12771,662,337,0.8732916875137876,0.8732916875137876,,,3.4375,,217,813
long_period_manual,long_period_manual_p004,時期,訓政,U,16,16,78,131,12771,12771,78,131,5.3217586551031655,5.3217586551031655,,,2.8125,,218,179
long_period_manual,long_period_manual_p004,機關,民意,U,16,16,52,46,12771,12771,52,46,7.416582201304759,7.416582201304759,,,1.875,,219,74
long_period_manual,long_period_manual_p004,獨立,自由,U,16,16,119,227,12771,12771,119,227,3.9192176249040056,3.9192176249040056,,,4.1875,,220,286
long_period_manual,long_period_manual_p004,英,要求,U,16,16,279,197,12771,12771,279,197,2.8944107442173,2.8944107442173,,,5.25,,221,417
long_period_manual,long_period_manual_p004,規定,議會,U,16,16,337,303,12771,12771,337,303,2.000805110848054,2.000805110848054,,,5.375,,222,611
long_period_manual,long_period_manual_p004,中國,實施,U,15,15,205,650,12771,12771,205,650,1.5236984636901192,1.5236984636901192,,,5.066666666666666,,223,701
long_period_manual,long_period_manual_p004,先生,國民黨,U,15,15,52,192,12771,12771,52,192,5.262072252249134,5.262072252249134,,,5.066666666666666,,224,184
long_period_manual,long_period_manual_p004,先生,憲政,U,15,15,52,1812,12771,12771,52,1812,2.023667512924055,2.023667512924055,,,6.2,,225,602
long_period_manual,long_period_manual_p004,兩,憲政,U,15,15,121,1812,12771,12771,121,1812,0.8052439937905527,0.8052439937905527,,,5.933333333333334,,226,824
long_period_manual,long_period_manual_p004,問題,國民黨,U,15,15,615,192,12771,12771,615,192,1.698069370163624,1.698069370163624,,,5.266666666666667,,227,679
long_period_manual,long_period_manual_p004,問題,意見,U,15,15,615,49,12771,12771,615,49,3.6683220267695718,3.6683220267695718,,,4.8,,228,331
long_period_manual,long_period_manual_p004,問題,會議,U,15,15,615,123,12771,12771,615,123,2.3405173655455402,2.3405173655455402,,,6.2,,229,539
long_period_manual,long_period_manual_p004,問題,研究,U,15,15,615,33,12771,12771,615,33,4.238637751526326,4.238637751526326,,,5.6,,230,258
long_period_manual,long_period_manual_p004,問題,英,U,15,15,615,279,12771,12771,615,279,1.1589105590555926,1.1589105590555926,,,5.933333333333334,,231,759
long_period_manual,long_period_manual_p004,國會,規定,U,15,15,273,337,12771,12771,273,337,2.0581125490096714,2.0581125490096714,,,4.866666666666666,,232,594
long_period_manual,long_period_manual_p004,國會,議會,U,15,15,273,303,12771,12771,273,303,2.211543346718579,2.211543346718579,,,5.6,,233,569
long_period_manual,long_period_manual_p004,國民大會,定期,U,15,15,424,39,12771,12771,424,39,4.534151797685935,4.534151797685935,,,3.3333333333333335,,234,230
long_period_manual,long_period_manual_p004,國民黨,實施,U,15,15,192,650,12771,12771,192,650,1.6182160624744093,1.6182160624744093,,,6.133333333333334,,235,690
long_period_manual,long_period_manual_p004,執行,憲法,U,15,15,15,3809,12771,12771,15,3809,2.7453873029395237,2.7453873029395237,,,4.466666666666667,,236,436
long_period_manual,long_period_manual_p004,委員會,憲法,U,15,15,36,3809,12771,12771,36,3809,1.4823528971057298,1.4823528971057298,,,6.266666666666667,,237,707
long_period_manual,long_period_manual_p004,宗敎,自由,U,15,15,28,227,12771,12771,28,227,5.913571061762863,5.913571061762863,,,3.6,,238,142
long_period_manual,long_period_manual_p004,實施,訓政,U,15,15,650,131,12771,12771,650,131,2.169755561658115,2.169755561658115,,,5.933333333333334,,239,575
long_period_manual,long_period_manual_p004,憲政,方面,U,15,15,1812,97,12771,12771,1812,97,1.1241943888780195,1.1241943888780195,,,7.4,,240,767
long_period_manual,long_period_manual_p004,憲法,發表,U,15,15,3809,61,12771,12771,3809,61,0.721540560985156,0.721540560985156,,,6.8,,241,830
long_period_manual,long_period_manual_p004,憲法,自治,U,15,15,3809,114,12771,12771,3809,114,-0.18061211561669954,0,,,4.933333333333334,,242,920
long_period_manual,long_period_manual_p004,憲法,黨,U,15,15,3809,129,12771,12771,3809,129,-0.35894935687521184,0,,,6.533333333333333,,243,930
long_period_manual,long_period_manual_p004,政治,美國,U,15,15,412,92,12771,12771,412,92,3.337411987871151,3.337411987871151,,,4.933333333333334,,244,366
long_period_manual,long_period_manual_p004,新,頒佈,U,15,15,662,38,12771,12771,662,38,3.928859550860579,3.928859550860579,,,3.933333333333333,,245,285
long_period_manual,long_period_manual_p004,會議,舉行,U,15,15,123,224,12771,12771,123,224,3.7976050437145386,3.7976050437145386,,,2.6,,246,318
long_period_manual,long_period_manual_p004,會議,高,U,15,15,123,149,12771,12771,123,149,4.385791445309981,4.385791445309981,,,2.8666666666666667,,247,242
long_period_manual,long_period_manual_p004,舉行,選舉,U,15,15,224,122,12771,12771,224,122,3.8093822114908917,3.8093822114908917,,,3.2,,248,317
long_period_manual,long_period_manual_p004,通過,高,U,15,15,276,149,12771,12771,276,149,3.2197814938710514,3.2197814938710514,,,6.933333333333334,,249,376
long_period_manual,long_period_manual_p004,世界,憲法,U,14,14,28,3809,12771,12771,28,3809,1.7453873029395237,1.7453873029395237,,,5.785714285714286,,250,660
long_period_manual,long_period_manual_p004,中國,立憲,U,14,14,205,150,12771,12771,205,150,3.5396400075591408,3.5396400075591408,,,5.714285714285714,,251,340
long_period_manual,long_period_manual_p004,但澤,德國,U,14,14,14,28,12771,12771,14,28,9.833228953445259,9.833228953445259,,,4.928571428571429,,252,19
long_period_manual,long_period_manual_p004,修改,政府,U,14,14,46,1368,12771,12771,46,1368,2.506524326617557,2.506524326617557,,,3.857142857142857,,253,507
long_period_manual,long_period_manual_p004,內閣,總理,U,14,14,133,53,12771,12771,133,53,5.6647359074960795,5.6647359074960795,,,2.0714285714285716,,254,151
long_period_manual,long_period_manual_p004,兩,憲法,U,14,14,121,3809,12771,12771,121,3809,-0.3661210122774667,0,,,6.714285714285714,,255,932
long_period_manual,long_period_manual_p004,兩,英,U,14,14,121,279,12771,12771,121,279,3.4049542484566855,3.4049542484566855,,,2.642857142857143,,256,362
long_period_manual,long_period_manual_p004,哈瓦斯,憲法,U,14,14,14,3809,12771,12771,14,3809,2.7453873029395237,2.7453873029395237,,,5.071428571428571,,257,434
long_period_manual,long_period_manual_p004,國,蘇聯,U,14,14,560,127,12771,12771,560,127,2.3299710938433353,2.3299710938433353,,,5.5,,258,541
long_period_manual,long_period_manual_p004,國會,新,U,14,14,273,662,12771,12771,273,662,0.9844942498333978,0.9844942498333978,,,5.428571428571429,,259,788
long_period_manual,long_period_manual_p004,國民黨,黨,U,14,14,192,129,12771,12771,192,129,3.8517490414160576,3.8517490414160576,,,6.714285714285714,,260,296
long_period_manual,long_period_manual_p004,大會,通過,U,14,14,223,276,12771,12771,223,276,2.538514440861994,2.538514440861994,,,2.7857142857142856,,261,500
long_period_manual,long_period_manual_p004,實行,自治,U,14,14,164,114,12771,12771,164,114,4.257496778777642,4.257496778777642,,,4.642857142857143,,262,256
long_period_manual,long_period_manual_p004,德國,憲法,U,14,14,28,3809,12771,12771,28,3809,1.7453873029395237,1.7453873029395237,,,5.285714285714286,,263,663
long_period_manual,long_period_manual_p004,憲政,注意,U,14,14,1812,14,12771,12771,1812,14,3.817216635456629,3.817216635456629,,,6.142857142857143,,264,309
long_period_manual,long_period_manual_p004,憲政,準備,U,14,14,1812,40,12771,12771,1812,40,2.3026434626268704,2.3026434626268704,,,2.5714285714285716,,265,546
long_period_manual,long_period_manual_p004,憲政,開始,U,14,14,1812,14,12771,12771,1812,14,3.817216635456629,3.817216635456629,,,4.785714285714286,,266,313
long_period_manual,long_period_manual_p004,憲法,方面,U,14,14,3809,97,12771,12771,3809,97,-0.04717061718999986,0,,,5.142857142857143,,267,915
long_period_manual,long_period_manual_p004,憲法,獨裁,U,14,14,3809,22,12771,12771,3809,22,2.0933106063598306,2.0933106063598306,,,6.5,,268,589
long_period_manual,long_period_manual_p004,憲法,範圍,U,14,14,3809,20,12771,12771,3809,20,2.2308141301097653,2.2308141301097653,,,2.7142857142857144,,269,565
long_period_manual,long_period_manual_p004,憲法,總理,U,14,14,3809,53,12771,12771,3809,53,0.8248217704339286,0.8248217704339286,,,5.571428571428571,,270,819
long_period_manual,long_period_manual_p004,憲法,解散,U,14,14,3809,20,12771,12771,3809,20,2.2308141301097653,2.2308141301097653,,,5.571428571428571,,271,566
long_period_manual,long_period_manual_p004,憲法,閣員,U,14,14,3809,24,12771,12771,3809,24,1.9677797242759718,1.9677797242759718,,,5.5,,272,619
long_period_manual,long_period_manual_p004,政府,會議,U,14,14,1368,123,12771,12771,1368,123,1.0875717773353302,1.0875717773353302,,,6.142857142857143,,273,772
long_period_manual,long_period_manual_p004,政府,黨,U,14,14,1368,129,12771,12771,1368,129,1.0188590272513158,1.0188590272513158,,,5.642857142857143,,274,785
long_period_manual,long_period_manual_p004,新,通過,U,14,14,662,276,12771,12771,662,276,0.9687269339750811,0.9687269339750811,,,3.7857142857142856,,275,790
long_period_manual,long_period_manual_p004,演說,發表,U,14,14,21,61,12771,12771,21,61,8.124884037218822,8.124884037218822,,,1.7142857142857142,,276,51
long_period_manual,long_period_manual_p004,總統,辭職,U,14,14,556,32,12771,12771,556,32,4.32899772483696,4.32899772483696,,,3.2857142857142856,,277,245
long_period_manual,long_period_manual_p004,自由,言論,U,14,14,227,22,12771,12771,227,22,6.161958691632256,6.161958691632256,,,3.0714285714285716,,278,126
long_period_manual,long_period_manual_p004,舉行,議會,U,14,14,224,303,12771,12771,224,303,2.3974098920299127,2.3974098920299127,,,4.071428571428571,,279,520
long_period_manual,long_period_manual_p004,上將,貝當,U,13,13,19,80,12771,12771,19,80,7.771167985313008,7.771167985313008,,,1,,280,59
long_period_manual,long_period_manual_p004,保障,憲法,U,13,13,39,3809,12771,12771,39,3809,1.1604248022183676,1.1604248022183676,,,3.3846153846153846,,281,753
long_period_manual,long_period_manual_p004,保障,自由,U,13,13,39,227,12771,12771,39,227,5.229072887490792,5.229072887490792,,,4.384615384615385,,282,188
long_period_manual,long_period_manual_p004,兩,政府,U,13,13,121,1368,12771,12771,121,1368,1.0043078414834636,1.0043078414834636,,,6.461538461538462,,283,786
long_period_manual,long_period_manual_p004,印度,獨立,U,13,13,298,119,12771,12771,298,119,3.2270373098738507,3.2270373098738507,,,3.230769230769231,,284,374
long_period_manual,long_period_manual_p004,國,關係,U,13,13,560,26,12771,12771,560,26,4.511300858557897,4.511300858557897,,,4.153846153846154,,285,237
long_period_manual,long_period_manual_p004,國會,高,U,13,13,273,149,12771,12771,273,149,3.029097932261942,3.029097932261942,,,6,,286,398
long_period_manual,long_period_manual_p004,國民大會,實行,U,13,13,424,164,12771,12771,424,164,2.255551134462673,2.255551134462673,,,3.3076923076923075,,287,557
long_period_manual,long_period_manual_p004,國民大會,決議,U,13,13,424,52,12771,12771,424,52,3.9126634209396647,3.9126634209396647,,,4.769230769230769,,288,289
long_period_manual,long_period_manual_p004,地方,實施,U,13,13,82,650,12771,12771,82,650,2.6391756811100553,2.6391756811100553,,,5.076923076923077,,289,489
long_period_manual,long_period_manual_p004,外交,政策,U,13,13,30,59,12771,12771,30,59,7.551489948673596,7.551489948673596,,,1.7692307692307692,,290,71
long_period_manual,long_period_manual_p004,完成,訓政,U,13,13,54,131,12771,12771,54,131,5.552713089943037,5.552713089943037,,,5.384615384615385,,291,156
long_period_manual,long_period_manual_p004,實施,民意,U,13,13,650,46,12771,12771,650,46,3.473165729671126,3.473165729671126,,,5.384615384615385,,292,350
long_period_manual,long_period_manual_p004,巴拿馬,憲法,U,13,13,13,3809,12771,12771,13,3809,2.7453873029395237,2.7453873029395237,,,5.538461538461538,,293,441
long_period_manual,long_period_manual_p004,憲政,統一,U,13,13,1812,47,12771,12771,1812,47,1.9630675019200834,1.9630675019200834,,,6.538461538461538,,294,621
long_period_manual,long_period_manual_p004,憲政,繼續,U,13,13,1812,13,12771,12771,1812,13,3.817216635456629,3.817216635456629,,,6.230769230769231,,295,311
long_period_manual,long_period_manual_p004,憲法,挪威,U,13,13,3809,25,12771,12771,3809,25,1.8019708313058913,1.8019708313058913,,,4.846153846153846,,296,647
long_period_manual,long_period_manual_p004,憲法,日本,U,13,13,3809,80,12771,12771,3809,80,0.12389892619325366,0.12389892619325366,,,4.615384615384615,,297,897
long_period_manual,long_period_manual_p004,憲法,菲島,U,13,13,3809,26,12771,12771,3809,26,1.7453873029395237,1.7453873029395237,,,5.461538461538462,,298,669
long_period_manual,long_period_manual_p004,憲法,路透社,U,13,13,3809,27,12771,12771,3809,27,1.6909395189171472,1.6909395189171472,,,5.6923076923076925,,299,680
long_period_manual,long_period_manual_p004,成立,立憲,U,13,13,191,150,12771,12771,191,150,3.5347760751123265,3.5347760751123265,,,2,,300,341
long_period_manual,long_period_manual_p004,抗戰,結束,U,13,13,170,119,12771,12771,170,119,4.036814894198311,4.036814894198311,,,3.8461538461538463,,301,276
long_period_manual,long_period_manual_p004,捷,政府,U,13,13,21,1368,12771,12771,21,1368,3.5308536559792976,3.5308536559792976,,,1,,302,343
long_period_manual,long_period_manual_p004,政府,法國,U,13,13,1368,70,12771,12771,1368,70,1.7938880618130915,1.7938880618130915,,,5.461538461538462,,303,650
long_period_manual,long_period_manual_p004,政府,當局,U,13,13,1368,22,12771,12771,1368,22,3.4637394601207605,3.4637394601207605,,,2.3846153846153846,,304,352
long_period_manual,long_period_manual_p004,政治,新,U,13,13,412,662,12771,12771,412,662,0.2838356596535199,0.2838356596535199,,,5.076923076923077,,305,882
long_period_manual,long_period_manual_p004,新,議員,U,13,13,662,127,12771,12771,662,127,1.9816515000645725,1.9816515000645725,,,4.923076923076923,,306,613
long_period_manual,long_period_manual_p004,決議案,通過,U,13,13,19,276,12771,12771,19,276,5.984571623422202,5.984571623422202,,,3.5384615384615383,,307,134
long_period_manual,long_period_manual_p004,獨立,菲島,U,13,13,119,26,12771,12771,119,26,6.745766112194921,6.745766112194921,,,3.6153846153846154,,308,103
long_period_manual,long_period_manual_p004,全體,憲法,U,12,12,31,3809,12771,12771,31,3809,1.3761534932738047,1.3761534932738047,,,7.5,,309,721
long_period_manual,long_period_manual_p004,制定,新,U,12,12,139,662,12771,12771,139,662,1.7359178966932949,1.7359178966932949,,,2.3333333333333335,,310,673
long_period_manual,long_period_manual_p004,制度,新,U,12,12,64,662,12771,12771,64,662,2.854858969416802,2.854858969416802,,,6.5,,311,421
long_period_manual,long_period_manual_p004,問題,舉行,U,12,12,615,224,12771,12771,615,224,1.1537488539398135,1.1537488539398135,,,6.5,,312,762
long_period_manual,long_period_manual_p004,問題,重慶,U,12,12,615,106,12771,12771,615,106,2.2331833214342183,2.2331833214342183,,,5.833333333333333,,313,562
long_period_manual,long_period_manual_p004,國,成立,U,12,12,560,191,12771,12771,560,191,1.5188345312433047,1.5188345312433047,,,6.416666666666667,,314,703
long_period_manual,long_period_manual_p004,國家,國民,U,12,12,369,148,12771,12771,369,148,2.488616004534674,2.488616004534674,,,5.083333333333333,,315,508
long_period_manual,long_period_manual_p004,國家,實施,U,12,12,369,650,12771,12771,369,650,0.3537734622478069,0.3537734622478069,,,8.25,,316,868
long_period_manual,long_period_manual_p004,實施,工作,U,12,12,650,73,12771,12771,650,73,2.691425909428186,2.691425909428186,,,4.333333333333333,,317,482
long_period_manual,long_period_manual_p004,實行,抗戰,U,12,12,164,170,12771,12771,164,170,3.4586034354682345,3.4586034354682345,,,5.75,,318,355
long_period_manual,long_period_manual_p004,建設,政治,U,12,12,28,412,12771,12771,28,412,4.731690926983197,4.731690926983197,,,5,,319,217
long_period_manual,long_period_manual_p004,憲政,期成會,U,12,12,1812,19,12771,12771,1812,19,3.1542516227341997,3.1542516227341997,,,1.5833333333333333,,320,384
long_period_manual,long_period_manual_p004,憲政,渝,U,12,12,1812,50,12771,12771,1812,50,1.75832294640306,1.75832294640306,,,4.583333333333333,,321,658
long_period_manual,long_period_manual_p004,憲政,研究,U,12,12,1812,33,12771,12771,1812,33,2.3577850168193315,2.3577850168193315,,,3.8333333333333335,,322,534
long_period_manual,long_period_manual_p004,憲法,法案,U,12,12,3809,29,12771,12771,3809,29,1.4723688085331077,1.4723688085331077,,,5.416666666666667,,323,708
long_period_manual,long_period_manual_p004,憲法,違反,U,12,12,3809,12,12771,12771,3809,12,2.7453873029395237,2.7453873029395237,,,1.9166666666666667,,324,470
long_period_manual,long_period_manual_p004,成立,議會,U,12,12,191,303,12771,12771,191,303,2.40494356471532,2.40494356471532,,,4.75,,325,519
long_period_manual,long_period_manual_p004,政府,領袖,U,12,12,1368,26,12771,12771,1368,26,3.10725414319703,3.10725414319703,,,3.3333333333333335,,326,390
long_period_manual,long_period_manual_p004,方面,消息,U,12,12,97,44,12771,12771,97,44,6.166201915399595,6.166201915399595,,,2.5833333333333335,,327,125
long_period_manual,long_period_manual_p004,方面,重慶,U,12,12,97,106,12771,12771,97,106,4.897713079473693,4.897713079473693,,,3.5833333333333335,,328,209
long_period_manual,long_period_manual_p004,機關,設立,U,12,12,52,19,12771,12771,52,19,8.277179144639343,8.277179144639343,,,3.6666666666666665,,329,47
long_period_manual,long_period_manual_p004,蔣,議長,U,12,12,45,36,12771,12771,45,36,7.563768278452033,7.563768278452033,,,1.9166666666666667,,330,70
long_period_manual,long_period_manual_p004,一致,通過,U,11,11,31,276,12771,12771,31,276,5.037294726975117,5.037294726975117,,,1.0909090909090908,,331,198
long_period_manual,long_period_manual_p004,中央,問題,U,11,11,43,615,12771,12771,43,615,3.409308139211461,3.409308139211461,,,3.090909090909091,,332,361
long_period_manual,long_period_manual_p004,人民,要求,U,11,11,363,197,12771,12771,363,197,1.974137936688034,1.974137936688034,,,5.454545454545454,,333,615
long_period_manual,long_period_manual_p004,代表,國民黨,U,11,11,133,192,12771,12771,133,192,3.4597705579178153,3.4597705579178153,,,6.636363636363637,,334,354
long_period_manual,long_period_manual_p004,信仰,自由,U,11,11,18,227,12771,12771,18,227,6.103542005406934,6.103542005406934,,,3.8181818181818183,,335,130
long_period_manual,long_period_manual_p004,修正案,憲法,U,11,11,17,3809,12771,12771,17,3809,2.1173560803264815,2.1173560803264815,,,1,,336,583
long_period_manual,long_period_manual_p004,內閣,總統,U,11,11,133,556,12771,12771,133,556,1.925791985915464,1.925791985915464,,,3.727272727272727,,337,630
long_period_manual,long_period_manual_p004,典禮,舉行,U,11,11,11,224,12771,12771,11,224,6.83322895344526,6.83322895344526,,,3.4545454545454546,,338,98
long_period_manual,long_period_manual_p004,召開,實施,U,11,11,145,650,12771,12771,145,650,1.5758104962094097,1.5758104962094097,,,3.909090909090909,,339,694
long_period_manual,long_period_manual_p004,召開,憲法,U,11,11,145,3809,12771,12771,145,3809,-0.9750901684381135,0,,,4.545454545454546,,340,959
long_period_manual,long_period_manual_p004,地方,憲政,U,11,11,82,1812,12771,12771,82,1812,0.9190962494758425,0.9190962494758425,,,5.090909090909091,,341,800
long_period_manual,long_period_manual_p004,大總統,憲法,U,11,11,11,3809,12771,12771,11,3809,2.7453873029395237,2.7453873029395237,,,5.090909090909091,,342,438
long_period_manual,long_period_manual_p004,憲政,戰爭,U,11,11,1812,76,12771,12771,1812,76,1.0287207406503405,1.0287207406503405,,,5.909090909090909,,343,784
long_period_manual,long_period_manual_p004,憲法,條文,U,11,11,3809,11,12771,12771,3809,11,2.7453873029395237,2.7453873029395237,,,1.7272727272727273,,344,452
long_period_manual,long_period_manual_p004,憲法,紀念,U,11,11,3809,60,12771,12771,3809,60,0.29792832596830254,0.29792832596830254,,,2.6363636363636362,,345,875
long_period_manual,long_period_manual_p004,新,議會,U,11,11,662,303,12771,12771,662,303,0.48615410385999236,0.48615410385999236,,,4,,346,859
long_period_manual,long_period_manual_p004,民主,自由,U,11,11,186,227,12771,12771,186,227,2.7343081957412148,2.7343081957412148,,,4.363636363636363,,347,476
long_period_manual,long_period_manual_p004,法案,通過,U,11,11,29,276,12771,12771,29,276,5.13351004223442,5.13351004223442,,,4,,348,193
long_period_manual,long_period_manual_p004,總統,美國,U,11,11,556,92,12771,12771,556,92,2.457512465359641,2.457512465359641,,,5.545454545454546,,349,514
long_period_manual,long_period_manual_p004,總統,職務,U,11,11,556,11,12771,12771,556,11,5.521642802779356,5.521642802779356,,,3.3636363636363638,,350,161
long_period_manual,long_period_manual_p004,議員,議會,U,11,11,127,303,12771,12771,127,303,2.8681568238950446,2.8681568238950446,,,4.636363636363637,,351,418
long_period_manual,long_period_manual_p004,中央,憲政,U,10,10,43,1812,12771,12771,43,1812,1.712879975641893,1.712879975641893,,,5.8,,352,675
long_period_manual,long_period_manual_p004,人,政府,U,10,10,174,1368,12771,12771,174,1368,0.1017159596555998,0.1017159596555998,,,5.7,,353,899
long_period_manual,long_period_manual_p004,人民,蘇聯,U,10,10,363,127,12771,12771,363,127,2.4700015456223094,2.4700015456223094,,,2.7,,354,511
long_period_manual,long_period_manual_p004,代表,國,U,10,10,133,560,12771,12771,133,560,1.77794651794407,1.77794651794407,,,1.4,,355,653
long_period_manual,long_period_manual_p004,元,定價,U,10,10,43,10,12771,12771,43,10,9.214319120800766,9.214319120800766,,,3.6,,356,26
long_period_manual,long_period_manual_p004,元,角,U,10,10,43,10,12771,12771,43,10,9.214319120800766,9.214319120800766,,,3.6,,357,28
long_period_manual,long_period_manual_p004,內閣,決定,U,10,10,133,207,12771,12771,133,207,3.2137425773897115,3.2137425773897115,,,5.1,,358,378
long_period_manual,long_period_manual_p004,內閣,閣員,U,10,10,133,24,12771,12771,133,24,6.32226703416788,6.32226703416788,,,4.7,,359,116
long_period_manual,long_period_manual_p004,勝利,抗戰,U,10,10,23,170,12771,12771,23,170,6.029559078195511,6.029559078195511,,,1.8,,360,132
long_period_manual,long_period_manual_p004,印度,地位,U,10,10,298,47,12771,12771,298,47,4.188754598250427,4.188754598250427,,,5.2,,361,268
long_period_manual,long_period_manual_p004,印度,立憲,U,10,10,298,150,12771,12771,298,150,2.5145247594321836,2.5145247594321836,,,4.6,,362,506
long_period_manual,long_period_manual_p004,參政會,重慶,U,10,10,127,106,12771,12771,127,106,4.245906829054861,4.245906829054861,,,4.2,,363,257
long_period_manual,long_period_manual_p004,問題,方面,U,10,10,615,97,12771,12771,615,97,2.098156527976496,2.098156527976496,,,4.8,,364,588
long_period_manual,long_period_manual_p004,問題,民主,U,10,10,615,186,12771,12771,615,186,1.1589105590555926,1.1589105590555926,,,3.8,,365,758
long_period_manual,long_period_manual_p004,問題,選舉,U,10,10,615,122,12771,12771,615,122,1.7673320326007378,1.7673320326007378,,,3.9,,366,655
long_period_manual,long_period_manual_p004,國,國會,U,10,10,560,273,12771,12771,560,273,0.7404718125254073,0.7404718125254073,,,5.5,,367,827
long_period_manual,long_period_manual_p004,國,國民,U,10,10,560,148,12771,12771,560,148,1.62377558781631,1.62377558781631,,,3.4,,368,688
long_period_manual,long_period_manual_p004,國民大會,結束,U,10,10,424,119,12771,12771,424,119,2.3397737525190836,2.3397737525190836,,,5.6,,369,540
long_period_manual,long_period_manual_p004,國民黨,檢討,U,10,10,192,10,12771,12771,192,10,7.055621374781707,7.055621374781707,,,4.5,,370,89
long_period_manual,long_period_manual_p004,外交,憲法,U,10,10,30,3809,12771,12771,30,3809,1.1604248022183676,1.1604248022183676,,,6.4,,371,754
long_period_manual,long_period_manual_p004,大會,實施,U,10,10,223,650,12771,12771,223,650,0.8173161625541046,0.8173161625541046,,,6.8,,372,820
long_period_manual,long_period_manual_p004,委員長,蔣,U,10,10,10,45,12771,12771,10,45,9.148730779173189,9.148730779173189,,,1,,373,31
long_period_manual,long_period_manual_p004,宣布,憲法,U,10,10,16,3809,12771,12771,16,3809,2.0673153978268863,2.0673153978268863,,,4.7,,374,593
long_period_manual,long_period_manual_p004,實施,抗戰,U,10,10,650,170,12771,12771,650,170,1.2088251263367074,1.2088251263367074,,,7.2,,375,742
long_period_manual,long_period_manual_p004,巴西,總統,U,10,10,52,556,12771,12771,52,556,3.1431311795256267,3.1431311795256267,,,4.2,,376,385
long_period_manual,long_period_manual_p004,性質,憲法,U,10,10,10,3809,12771,12771,10,3809,2.7453873029395237,2.7453873029395237,,,5,,377,446
long_period_manual,long_period_manual_p004,憲政,積極,U,10,10,1812,16,12771,12771,1812,16,3.139144730343991,3.139144730343991,,,3.8,,378,386
long_period_manual,long_period_manual_p004,憲政,議長,U,10,10,1812,36,12771,12771,1812,36,1.9692197289016786,1.9692197289016786,,,5.3,,379,617
long_period_manual,long_period_manual_p004,憲法,戰爭,U,10,10,3809,76,12771,12771,3809,76,-0.18061211561669954,0,,,5.8,,380,919
long_period_manual,long_period_manual_p004,憲法,捷克,U,10,10,3809,26,12771,12771,3809,26,1.3668756796857937,1.3668756796857937,,,7.4,,381,722
long_period_manual,long_period_manual_p004,憲法,採用,U,10,10,3809,10,12771,12771,3809,10,2.7453873029395237,2.7453873029395237,,,3.9,,382,448
long_period_manual,long_period_manual_p004,憲法,美,U,10,10,3809,53,12771,12771,3809,53,0.3393949432636868,0.3393949432636868,,,6.2,,383,870
long_period_manual,long_period_manual_p004,憲法,辭職,U,10,10,3809,32,12771,12771,3809,32,1.0673153978268861,1.0673153978268861,,,5.5,,384,778
long_period_manual,long_period_manual_p004,憲法,限制,U,10,10,3809,10,12771,12771,3809,10,2.7453873029395237,2.7453873029395237,,,3.2,,385,472
long_period_manual,long_period_manual_p004,投票,舉行,U,10,10,49,224,12771,12771,49,224,4.540447204217414,4.540447204217414,,,2.9,,386,229
long_period_manual,long_period_manual_p004,政府,議員,U,10,10,1368,127,12771,12771,1368,127,0.5559747687321623,0.5559747687321623,,,5.7,,387,850
long_period_manual,long_period_manual_p004,時期,軍政,U,10,10,78,24,12771,12771,78,24,7.092147250806821,7.092147250806821,,,3.8,,388,87
long_period_manual,long_period_manual_p004,會議,討論,U,10,10,123,153,12771,12771,123,153,3.7626096223583345,3.7626096223583345,,,4.1,,389,322
long_period_manual,long_period_manual_p004,派,黨,U,10,10,17,129,12771,12771,17,129,6.863821873716633,6.863821873716633,,,2,,390,96
long_period_manual,long_period_manual_p004,總統,華盛頓,U,10,10,556,22,12771,12771,556,22,4.384139279029421,4.384139279029421,,,6.4,,391,243
long_period_manual,long_period_manual_p004,臨時,議會,U,10,10,28,303,12771,12771,28,303,4.911983064859671,4.911983064859671,,,2.8,,392,208
long_period_manual,long_period_manual_p004,臨時,高,U,10,10,28,149,12771,12771,28,149,5.93598852787046,5.93598852787046,,,2.8,,393,139
long_period_manual,long_period_manual_p004,英,駐,U,10,10,279,16,12771,12771,279,16,5.838390658561039,5.838390658561039,,,3.9,,394,145
long_period_manual,long_period_manual_p004,議會,選舉,U,10,10,303,122,12771,12771,303,122,2.7886006493543887,2.7886006493543887,,,4.9,,395,430
long_period_manual,long_period_manual_p004,中國,共產黨,U,9,9,205,9,12771,12771,205,9,6.961103775997418,6.961103775997418,,,1,,396,92
long_period_manual,long_period_manual_p004,中國,國家,U,9,9,205,369,12771,12771,205,369,1.6035517713793341,1.6035517713793341,,,6,,397,691
long_period_manual,long_period_manual_p004,中央,執行委員會,U,9,9,43,9,12771,12771,43,9,9.214319120800766,9.214319120800766,,,1,,398,25
long_period_manual,long_period_manual_p004,中央社,消息,U,9,9,67,44,12771,12771,67,44,6.284988067850106,6.284988067850106,,,4.555555555555555,,399,119
long_period_manual,long_period_manual_p004,人,國會,U,9,9,174,273,12771,12771,174,273,2.274808240176595,2.274808240176595,,,6.222222222222222,,400,552
long_period_manual,long_period_manual_p004,人士,政界,U,9,9,15,9,12771,12771,15,9,10.733693279894345,10.733693279894345,,,1.2222222222222223,,401,10
long_period_manual,long_period_manual_p004,代表,印度,U,9,9,133,298,12771,12771,133,298,2.536057920981825,2.536057920981825,,,5.333333333333333,,402,502
long_period_manual,long_period_manual_p004,任期,規定,U,9,9,44,337,12771,12771,44,337,3.9544724771260205,3.9544724771260205,,,4.444444444444445,,403,283
long_period_manual,long_period_manual_p004,促成,憲政,U,9,9,16,1812,12771,12771,16,1812,2.987141636898941,2.987141636898941,,,1,,404,403
long_period_manual,long_period_manual_p004,元,稿酬,U,9,9,43,9,12771,12771,43,9,9.214319120800766,9.214319120800766,,,5.333333333333333,,405,27
long_period_manual,long_period_manual_p004,先生,公博,U,9,9,52,9,12771,12771,52,9,8.940144157361772,8.940144157361772,,,1,,406,36
long_period_manual,long_period_manual_p004,兩,法,U,9,9,121,85,12771,12771,121,85,4.48225470353288,4.48225470353288,,,2.3333333333333335,,407,239
long_period_manual,long_period_manual_p004,制定,召開,U,9,9,139,145,12771,12771,139,145,3.5116587142067344,3.5116587142067344,,,3.111111111111111,,408,345
long_period_manual,long_period_manual_p004,制定,召集,U,9,9,139,192,12771,12771,139,192,3.1066053035005123,3.1066053035005123,,,3.111111111111111,,409,392
long_period_manual,long_period_manual_p004,印度,要求,U,9,9,298,197,12771,12771,298,197,1.9692885370266384,1.9692885370266384,,,4,,410,616
long_period_manual,long_period_manual_p004,參政會,問題,U,9,9,127,615,12771,12771,127,615,1.557381589946408,1.557381589946408,,,6.666666666666667,,411,696
long_period_manual,long_period_manual_p004,參政會,大會,U,9,9,127,223,12771,12771,127,223,3.0209242902527054,3.0209242902527054,,,4.333333333333333,,412,399
long_period_manual,long_period_manual_p004,召開,結束,U,9,9,145,119,12771,12771,145,119,3.735782023622298,3.735782023622298,,,4.555555555555555,,413,325
long_period_manual,long_period_manual_p004,召集,國會,U,9,9,192,273,12771,12771,192,273,2.1327892353041675,2.1327892353041675,,,2.4444444444444446,,414,580
long_period_manual,long_period_manual_p004,召集,定期,U,9,9,192,39,12771,12771,192,39,4.940144157361772,4.940144157361772,,,1,,415,206
long_period_manual,long_period_manual_p004,問題,國共,U,9,9,615,9,12771,12771,615,9,5.376141275276262,5.376141275276262,,,4.444444444444445,,416,175
long_period_manual,long_period_manual_p004,問題,要求,U,9,9,615,197,12771,12771,615,197,0.9240144572621976,0.9240144572621976,,,7.555555555555555,,417,798
long_period_manual,long_period_manual_p004,國,國民大會,U,9,9,560,424,12771,12771,560,424,-0.04669459456298954,0,,,3.3333333333333335,,418,914
long_period_manual,long_period_manual_p004,國,實施,U,9,9,560,650,12771,12771,560,650,-0.6630700479156073,0,,,5.777777777777778,,419,950
long_period_manual,long_period_manual_p004,國,組織,U,9,9,560,86,12771,12771,560,86,2.254961105298112,2.254961105298112,,,5.333333333333333,,420,558
long_period_manual,long_period_manual_p004,國,美國,U,9,9,560,92,12771,12771,560,92,2.1576639039431966,2.1576639039431966,,,5.555555555555555,,421,577
long_period_manual,long_period_manual_p004,國,舉行,U,9,9,560,224,12771,12771,560,224,0.8738709379426055,0.8738709379426055,,,5.111111111111111,,422,812
long_period_manual,long_period_manual_p004,國,規定,U,9,9,560,337,12771,12771,560,337,0.2846210788183512,0.2846210788183512,,,6.222222222222222,,423,881
long_period_manual,long_period_manual_p004,國會,決定,U,9,9,273,207,12771,12771,273,207,2.0242647785259984,2.0242647785259984,,,7.222222222222222,,424,601
long_period_manual,long_period_manual_p004,國民大會,憲法草案,U,9,9,424,9,12771,12771,424,9,5.912663420939665,5.912663420939665,,,5.666666666666667,,425,143
long_period_manual,long_period_manual_p004,國民黨,渝,U,9,9,192,50,12771,12771,192,50,4.581690186449295,4.581690186449295,,,2.4444444444444446,,426,227
long_period_manual,long_period_manual_p004,國防,憲法,U,9,9,9,3809,12771,12771,9,3809,2.7453873029395237,2.7453873029395237,,,6.222222222222222,,427,435
long_period_manual,long_period_manual_p004,基礎,自治,U,9,9,88,114,12771,12771,88,114,4.518187244143137,4.518187244143137,,,6.444444444444445,,428,235
long_period_manual,long_period_manual_p004,大會,決定,U,9,9,223,207,12771,12771,223,207,2.316122019525546,2.316122019525546,,,3.111111111111111,,429,543
long_period_manual,long_period_manual_p004,大會,要求,U,9,9,223,197,12771,12771,223,197,2.387557157568495,2.387557157568495,,,2.2222222222222223,,430,523
long_period_manual,long_period_manual_p004,奧,德,U,9,9,9,9,12771,12771,9,9,11.470658874060552,11.470658874060552,,,2.2222222222222223,,431,4
long_period_manual,long_period_manual_p004,委員,常務,U,9,9,29,9,12771,12771,29,9,9.782602880375292,9.782602880375292,,,3,,432,20
long_period_manual,long_period_manual_p004,宣誓,就職,U,9,9,9,9,12771,12771,9,9,11.470658874060552,11.470658874060552,,,1,,433,5
long_period_manual,long_period_manual_p004,實施,要求,U,9,9,650,197,12771,12771,650,197,0.8441611495729829,0.8441611495729829,,,3.4444444444444446,,434,817
long_period_manual,long_period_manual_p004,實施,重慶,U,9,9,650,106,12771,12771,650,106,1.73829251446616,1.73829251446616,,,6.666666666666667,,435,672
long_period_manual,long_period_manual_p004,實行,民主,U,9,9,164,186,12771,12771,164,186,2.9137980612190613,2.9137980612190613,,,4.333333333333333,,436,410
long_period_manual,long_period_manual_p004,尊重,憲法,U,9,9,9,3809,12771,12771,9,3809,2.7453873029395237,2.7453873029395237,,,2.111111111111111,,437,440
long_period_manual,long_period_manual_p004,延安,方面,U,9,9,9,97,12771,12771,9,97,8.040671033315736,8.040671033315736,,,3,,438,55
long_period_manual,long_period_manual_p004,建國,綱領,U,9,9,99,36,12771,12771,99,36,6.011227255423254,6.011227255423254,,,1,,439,133
long_period_manual,long_period_manual_p004,憲政,日本,U,9,9,1812,80,12771,12771,1812,80,0.6652135420115786,0.6652135420115786,,,4.111111111111111,,440,837
long_period_manual,long_period_manual_p004,憲政,早日,U,9,9,1812,17,12771,12771,1812,17,2.899678795648602,2.899678795648602,,,3.2222222222222223,,441,413
long_period_manual,long_period_manual_p004,憲政,決議,U,9,9,1812,52,12771,12771,1812,52,1.286701918757849,1.286701918757849,,,5.333333333333333,,442,734
long_period_manual,long_period_manual_p004,憲法,政制,U,9,9,3809,15,12771,12771,3809,15,2.0084217087733176,2.0084217087733176,,,5.777777777777778,,443,608
long_period_manual,long_period_manual_p004,憲法,決議,U,9,9,3809,52,12771,12771,3809,52,0.21487258624074396,0.21487258624074396,,,6.666666666666667,,444,889
long_period_manual,long_period_manual_p004,憲法,當局,U,9,9,3809,22,12771,12771,3809,22,1.4558806857445388,1.4558806857445388,,,6.555555555555555,,445,710
long_period_manual,long_period_manual_p004,憲法,羅,U,9,9,3809,18,12771,12771,3809,18,1.7453873029395237,1.7453873029395237,,,4.888888888888889,,446,668
long_period_manual,long_period_manual_p004,成立,紀念,U,9,9,191,60,12771,12771,191,60,4.326189453300909,4.326189453300909,,,1.6666666666666667,,447,247
long_period_manual,long_period_manual_p004,抗戰,接受,U,9,9,170,36,12771,12771,170,36,5.231192939365162,5.231192939365162,,,5,,448,186
long_period_manual,long_period_manual_p004,抗戰,綱領,U,9,9,170,36,12771,12771,170,36,5.231192939365162,5.231192939365162,,,2,,449,187
long_period_manual,long_period_manual_p004,政權,渝,U,9,9,9,50,12771,12771,9,50,8.996727685728139,8.996727685728139,,,1.8888888888888888,,450,35
long_period_manual,long_period_manual_p004,新,羅,U,9,9,662,18,12771,12771,662,18,4.269896468695646,4.269896468695646,,,3.888888888888889,,451,255
long_period_manual,long_period_manual_p004,新,起草,U,9,9,662,32,12771,12771,662,32,3.4398214701379586,3.4398214701379586,,,2.4444444444444446,,452,358
long_period_manual,long_period_manual_p004,會議,決定,U,9,9,123,207,12771,12771,123,207,3.174507414106611,3.174507414106611,,,3.888888888888889,,453,382
long_period_manual,long_period_manual_p004,決定,議會,U,9,9,207,303,12771,12771,207,303,1.8738479359729001,1.8738479359729001,,,3.3333333333333335,,454,635
long_period_manual,long_period_manual_p004,決定,高,U,9,9,207,149,12771,12771,207,149,2.897853398983689,2.897853398983689,,,4.777777777777778,,455,414
long_period_manual,long_period_manual_p004,消息,靈通,U,9,9,44,9,12771,12771,44,9,9.181152256865566,9.181152256865566,,,1,,456,30
long_period_manual,long_period_manual_p004,紀念日,週年,U,9,9,24,25,12771,12771,24,25,8.581690186449295,8.581690186449295,,,1.7777777777777777,,457,40
long_period_manual,long_period_manual_p004,總統,舉行,U,9,9,556,224,12771,12771,556,224,0.8842128821640646,0.8842128821640646,,,3.5555555555555554,,458,808
long_period_manual,long_period_manual_p004,總統,通過,U,9,9,556,276,12771,12771,556,276,0.5830433474434996,0.5830433474434996,,,6.444444444444445,,459,846
long_period_manual,long_period_manual_p004,莫斯科,蘇聯,U,9,9,15,127,12771,12771,15,127,6.914933594564491,6.914933594564491,,,2.888888888888889,,460,94
long_period_manual,long_period_manual_p004,一致,國,U,8,8,31,560,12771,12771,31,560,3.557104548171022,3.557104548171022,,,3.5,,461,337
long_period_manual,long_period_manual_p004,三角,中國憲法大綱,U,8,8,32,8,12771,12771,32,8,9.640583875502864,9.640583875502864,,,6,,462,22
long_period_manual,long_period_manual_p004,三角,儲玉坤,U,8,8,32,8,12771,12771,32,8,9.640583875502864,9.640583875502864,,,7,,463,23
long_period_manual,long_period_manual_p004,三角,元,U,8,8,32,43,12771,12771,32,43,7.2143191208007655,7.2143191208007655,,,4,,464,79
long_period_manual,long_period_manual_p004,三角,周近,U,8,8,32,8,12771,12771,32,8,9.640583875502864,9.640583875502864,,,7,,465,24
long_period_manual,long_period_manual_p004,不能,國,U,8,8,51,560,12771,12771,51,560,2.838875516586402,2.838875516586402,,,4.75,,466,423
long_period_manual,long_period_manual_p004,世界,國家,U,8,8,28,369,12771,12771,28,369,4.305751947384864,4.305751947384864,,,6.125,,467,250
long_period_manual,long_period_manual_p004,中共,接受,U,8,8,20,36,12771,12771,20,36,8.148730779173189,8.148730779173189,,,3.75,,468,50
long_period_manual,long_period_manual_p004,中國,政府,U,8,8,205,1368,12771,12771,205,1368,-0.45674873888848017,0,,,7.125,,469,943
long_period_manual,long_period_manual_p004,中國,民主,U,8,8,205,186,12771,12771,205,186,2.4219449648893865,2.4219449648893865,,,5.875,,470,517
long_period_manual,long_period_manual_p004,中政會,人,U,8,8,14,174,12771,12771,14,174,6.390285457596532,6.390285457596532,,,6.5,,471,113
long_period_manual,long_period_manual_p004,主席團,高,U,8,8,15,149,12771,12771,15,149,6.514524759432184,6.514524759432184,,,2.875,,472,110
long_period_manual,long_period_manual_p004,主張,憲政,U,8,8,52,1812,12771,12771,52,1812,1.1167769173155366,1.1167769173155366,,,6.875,,473,768
long_period_manual,long_period_manual_p004,主義,自由,U,8,8,55,227,12771,12771,55,227,4.032675674687289,4.032675674687289,,,1.625,,474,277
long_period_manual,long_period_manual_p004,人,議會,U,8,8,174,303,12771,12771,174,303,1.9544663961811843,1.9544663961811843,,,7,,475,623
long_period_manual,long_period_manual_p004,人民,組織,U,8,8,363,86,12771,12771,363,86,2.7104933828050153,2.7104933828050153,,,5.375,,476,479
long_period_manual,long_period_manual_p004,人民,言論,U,8,8,363,22,12771,12771,363,22,4.677326518869815,4.677326518869815,,,5.5,,477,222
long_period_manual,long_period_manual_p004,代表,問題,U,8,8,133,615,12771,12771,133,615,1.320858839775072,1.320858839775072,,,3.75,,478,728
long_period_manual,long_period_manual_p004,代表,成立,U,8,8,133,191,12771,12771,133,191,3.007872611965926,3.007872611965926,,,5.875,,479,400
long_period_manual,long_period_manual_p004,任期,憲法,U,8,8,44,3809,12771,12771,44,3809,0.28595568430222656,0.28595568430222656,,,5.625,,480,879
long_period_manual,long_period_manual_p004,任期,連任,U,8,8,44,43,12771,12771,44,43,6.754887502163468,6.754887502163468,,,5.25,,481,102
long_period_manual,long_period_manual_p004,促進,憲政,U,8,8,8,1812,12771,12771,8,1812,3.817216635456629,3.817216635456629,,,3,,482,301
long_period_manual,long_period_manual_p004,個人,自由,U,8,8,8,227,12771,12771,8,227,6.814035388211949,6.814035388211949,,,3.375,,483,100
long_period_manual,long_period_manual_p004,倫敦,路透社,U,8,8,28,27,12771,12771,28,27,8.07834145128179,8.07834145128179,,,2.625,,484,54
long_period_manual,long_period_manual_p004,六全,大會,U,8,8,8,223,12771,12771,8,223,6.83968397558256,6.83968397558256,,,2.125,,485,97
long_period_manual,long_period_manual_p004,共和國,憲法,U,8,8,8,3809,12771,12771,8,3809,2.7453873029395237,2.7453873029395237,,,4.375,,486,433
long_period_manual,long_period_manual_p004,制定,實施,U,8,8,139,650,12771,12771,139,650,1.1773468948635395,1.1773468948635395,,,4.625,,487,750
long_period_manual,long_period_manual_p004,制定,憲政,U,8,8,139,1812,12771,12771,139,1812,-0.3017244372668788,0,,,3.375,,488,925
long_period_manual,long_period_manual_p004,印度,建議,U,8,8,298,43,12771,12771,298,43,3.9951506003386044,3.9951506003386044,,,5.375,,489,281
long_period_manual,long_period_manual_p004,印度,省,U,8,8,298,8,12771,12771,298,8,6.421415355040702,6.421415355040702,,,3.875,,490,111
long_period_manual,long_period_manual_p004,參政會,實施,U,8,8,127,650,12771,12771,127,650,1.307603280814881,1.307603280814881,,,3.875,,491,731
long_period_manual,long_period_manual_p004,參政會,政府,U,8,8,127,1368,12771,12771,127,1368,0.23404667384480002,0.23404667384480002,,,6.5,,492,887
long_period_manual,long_period_manual_p004,反對,憲法,U,8,8,27,3809,12771,12771,27,3809,0.9904998007760552,0.9904998007760552,,,5.75,,493,787
long_period_manual,long_period_manual_p004,召開,決議,U,8,8,145,52,12771,12771,145,52,4.760235067346837,4.760235067346837,,,3.125,,494,214
long_period_manual,long_period_manual_p004,召集,大會,U,8,8,192,223,12771,12771,192,223,2.254721474861403,2.254721474861403,,,6.5,,495,559
long_period_manual,long_period_manual_p004,召集,實行,U,8,8,192,164,12771,12771,192,164,2.698069370163624,2.698069370163624,,,4.125,,496,481
long_period_manual,long_period_manual_p004,召集,討論,U,8,8,192,153,12771,12771,192,153,2.7982335320890557,2.7982335320890557,,,2.75,,497,428
long_period_manual,long_period_manual_p004,問題,國民,U,8,8,615,148,12771,12771,615,148,1.1666879096473117,1.1666879096473117,,,6.375,,498,752
long_period_manual,long_period_manual_p004,問題,黨,U,8,8,615,129,12771,12771,615,129,1.3649140198530074,1.3649140198530074,,,4,,499,723
long_period_manual,long_period_manual_p004,國,時期,U,8,8,560,78,12771,12771,560,78,2.225898639695649,2.225898639695649,,,6.625,,500,567
long_period_manual,long_period_manual_p004,國,民衆,U,8,8,560,26,12771,12771,560,26,3.8108611404168053,3.8108611404168053,,,2.75,,501,316
long_period_manual,long_period_manual_p004,國家,基礎,U,8,8,369,88,12771,12771,369,88,2.6536752508051706,2.6536752508051706,,,5.375,,502,488
long_period_manual,long_period_manual_p004,國家,新,U,8,8,369,662,12771,12771,369,662,-0.2575805373647501,0,,,4.5,,503,924
long_period_manual,long_period_manual_p004,國家,自由,U,8,8,369,227,12771,12771,369,227,1.2865583821515525,1.2865583821515525,,,4,,504,735
long_period_manual,long_period_manual_p004,國會,臨時,U,8,8,273,28,12771,12771,273,28,4.740471812525407,4.740471812525407,,,5,,505,216
long_period_manual,long_period_manual_p004,國民,政府,U,8,8,148,1368,12771,12771,148,1368,0.013277994988016116,0.013277994988016116,,,6.375,,506,910
long_period_manual,long_period_manual_p004,國民,新,U,8,8,148,662,12771,12771,148,662,1.060443103066696,1.060443103066696,,,4.5,,507,779
long_period_manual,long_period_manual_p004,國民,重慶,U,8,8,148,106,12771,12771,148,106,3.7032100553107146,3.7032100553107146,,,3.25,,508,328
long_period_manual,long_period_manual_p004,國民,革命,U,8,8,148,65,12771,12771,148,65,4.40876269684546,4.40876269684546,,,1.75,,509,240
long_period_manual,long_period_manual_p004,國民大會,大會,U,8,8,424,223,12771,12771,424,223,1.11176352101936,1.11176352101936,,,7.125,,510,770
long_period_manual,long_period_manual_p004,國民大會,戰爭,U,8,8,424,76,12771,12771,424,76,2.664735907496079,2.664735907496079,,,6.875,,511,485
long_period_manual,long_period_manual_p004,國民大會,規定,U,8,8,424,337,12771,12771,424,337,0.5160586397578061,0.5160586397578061,,,6.875,,512,854
long_period_manual,long_period_manual_p004,國民大會,討論,U,8,8,424,153,12771,12771,424,153,1.6552755782470128,1.6552755782470128,,,4.25,,513,682
long_period_manual,long_period_manual_p004,國民黨,黨員,U,8,8,192,14,12771,12771,192,14,6.248266452724104,6.248266452724104,,,6,,514,121
long_period_manual,long_period_manual_p004,國王,政府,U,8,8,36,1368,12771,12771,36,1368,2.0528063591746535,2.0528063591746535,,,6.75,,515,595
long_period_manual,long_period_manual_p004,地方,基礎,U,8,8,82,88,12771,12771,82,88,4.823600252247482,4.823600252247482,,,7,,516,210
long_period_manual,long_period_manual_p004,大會,政府,U,8,8,223,1368,12771,12771,223,1368,-0.5781685393033388,0,,,6.375,,517,948
long_period_manual,long_period_manual_p004,委員會,獨立,U,8,8,36,119,12771,12771,36,119,5.575841110752608,5.575841110752608,,,3.625,,518,154
long_period_manual,long_period_manual_p004,定期,憲政,U,8,8,39,1812,12771,12771,39,1812,1.5318144165943803,1.5318144165943803,,,4.75,,519,699
long_period_manual,long_period_manual_p004,宣稱,政府,U,8,8,8,1368,12771,12771,8,1368,4.222731360616966,4.222731360616966,,,3.375,,520,261
long_period_manual,long_period_manual_p004,實施,意見,U,8,8,650,49,12771,12771,650,49,2.6815781234718385,2.6815781234718385,,,6.375,,521,483
long_period_manual,long_period_manual_p004,實施,戰爭,U,8,8,650,76,12771,12771,650,76,2.0483604541434617,2.0483604541434617,,,6.875,,522,597
long_period_manual,long_period_manual_p004,實施,提早,U,8,8,650,16,12771,12771,650,16,4.2962879675870465,4.2962879675870465,,,1.75,,523,252
long_period_manual,long_period_manual_p004,實施,早日,U,8,8,650,17,12771,12771,650,17,4.208825126336707,4.208825126336707,,,2.5,,524,266
long_period_manual,long_period_manual_p004,實施,民主,U,8,8,650,186,12771,12771,650,186,0.7571291564790155,0.7571291564790155,,,5.25,,525,826
long_period_manual,long_period_manual_p004,實施,結束,U,8,8,650,119,12771,12771,650,119,1.4014702042791036,1.4014702042791036,,,5.375,,526,717
long_period_manual,long_period_manual_p004,實現,政府,U,8,8,36,1368,12771,12771,36,1368,2.0528063591746535,2.0528063591746535,,,5.25,,527,596
long_period_manual,long_period_manual_p004,實現,政治,U,8,8,36,412,12771,12771,36,412,3.7841583468773328,3.7841583468773328,,,2,,528,320
long_period_manual,long_period_manual_p004,建國,革命,U,8,8,99,65,12771,12771,99,65,4.9888594423948,4.9888594423948,,,1.25,,529,202
long_period_manual,long_period_manual_p004,建設,憲政,U,8,8,28,1812,12771,12771,28,1812,2.0098617133990246,2.0098617133990246,,,6,,530,607
long_period_manual,long_period_manual_p004,建設,新,U,8,8,28,662,12771,12771,28,662,3.462541546638042,3.462541546638042,,,3.125,,531,353
long_period_manual,long_period_manual_p004,建議,提出,U,8,8,43,111,12771,12771,43,111,5.41990325445066,5.41990325445066,,,4,,532,171
long_period_manual,long_period_manual_p004,建議,政府,U,8,8,43,1368,12771,12771,43,1368,1.7964666059148682,1.7964666059148682,,,5.375,,533,648
long_period_manual,long_period_manual_p004,恢復,憲法,U,8,8,8,3809,12771,12771,8,3809,2.7453873029395237,2.7453873029395237,,,3.625,,534,447
long_period_manual,long_period_manual_p004,憲政,推行,U,8,8,1812,8,12771,12771,1812,8,3.817216635456629,3.817216635456629,,,4.75,,535,307
long_period_manual,long_period_manual_p004,憲政,提早,U,8,8,1812,16,12771,12771,1812,16,2.817216635456629,2.817216635456629,,,2.75,,536,425
long_period_manual,long_period_manual_p004,憲政,政黨,U,8,8,1812,60,12771,12771,1812,60,0.9103260398481101,0.9103260398481101,,,5.75,,537,804
long_period_manual,long_period_manual_p004,憲政,發展,U,8,8,1812,22,12771,12771,1812,22,2.3577850168193315,2.3577850168193315,,,5.875,,538,533
long_period_manual,long_period_manual_p004,憲政,精神,U,8,8,1812,36,12771,12771,1812,36,1.6472916340143162,1.6472916340143162,,,5.75,,539,683
long_period_manual,long_period_manual_p004,憲政,解決,U,8,8,1812,59,12771,12771,1812,59,0.9345735860947875,0.9345735860947875,,,8.25,,540,797
long_period_manual,long_period_manual_p004,憲法,批准,U,8,8,3809,14,12771,12771,3809,14,1.9380323808819195,1.9380323808819195,,,5,,541,627
long_period_manual,long_period_manual_p004,憲法,捷,U,8,8,3809,21,12771,12771,3809,21,1.3530698801607635,1.3530698801607635,,,3.375,,542,724
long_period_manual,long_period_manual_p004,憲法,方法,U,8,8,3809,8,12771,12771,3809,8,2.7453873029395237,2.7453873029395237,,,3.875,,543,450
long_period_manual,long_period_manual_p004,憲法,日期,U,8,8,3809,16,12771,12771,3809,16,1.7453873029395237,1.7453873029395237,,,4.75,,544,665
long_period_manual,long_period_manual_p004,憲法,機關,U,8,8,3809,52,12771,12771,3809,52,0.044947584798431695,0.044947584798431695,,,7.375,,545,906
long_period_manual,long_period_manual_p004,憲法,紀念日,U,8,8,3809,24,12771,12771,3809,24,1.1604248022183676,1.1604248022183676,,,3.75,,546,757
long_period_manual,long_period_manual_p004,憲法,考慮,U,8,8,3809,8,12771,12771,3809,8,2.7453873029395237,2.7453873029395237,,,5,,547,461
long_period_manual,long_period_manual_p004,憲法,行使,U,8,8,3809,8,12771,12771,3809,8,2.7453873029395237,2.7453873029395237,,,5.125,,548,466
long_period_manual,long_period_manual_p004,憲法,議長,U,8,8,3809,36,12771,12771,3809,36,0.5754623014972112,0.5754623014972112,,,6.25,,549,847
long_period_manual,long_period_manual_p004,憲法,週年,U,8,8,3809,25,12771,12771,3809,25,1.101531113164799,1.101531113164799,,,2.75,,550,771
long_period_manual,long_period_manual_p004,憲法,邦,U,8,8,3809,22,12771,12771,3809,22,1.2859556843022266,1.2859556843022266,,,3.875,,551,736
long_period_manual,long_period_manual_p004,憲法,開會,U,8,8,3809,20,12771,12771,3809,20,1.4234592080521613,1.4234592080521613,,,6.125,,552,715
long_period_manual,long_period_manual_p004,憲法,領袖,U,8,8,3809,26,12771,12771,3809,26,1.0449475847984318,1.0449475847984318,,,7.375,,553,783
long_period_manual,long_period_manual_p004,憲法,高,U,8,8,3809,149,12771,12771,3809,149,-1.473781217522638,0,,,7.25,,554,965
long_period_manual,long_period_manual_p004,承認,政府,U,8,8,31,1368,12771,12771,31,1368,2.2685350502300907,2.2685350502300907,,,5.25,,555,555
long_period_manual,long_period_manual_p004,捷克,斯洛伐克,U,8,8,26,14,12771,12771,26,14,9.132789235304168,9.132789235304168,,,3.5,,556,32
long_period_manual,long_period_manual_p004,捷克,總統,U,8,8,26,556,12771,12771,26,556,3.821203084638264,3.821203084638264,,,3.375,,557,298
long_period_manual,long_period_manual_p004,政府,政黨,U,8,8,1368,60,12771,12771,1368,60,1.3158407650084474,1.3158407650084474,,,4.75,,558,730
long_period_manual,long_period_manual_p004,政府,權力,U,8,8,1368,37,12771,12771,1368,37,2.013277994988016,2.013277994988016,,,4.875,,559,606
long_period_manual,long_period_manual_p004,政府,自治,U,8,8,1368,114,12771,12771,1368,114,0.3898413464522241,0.3898413464522241,,,4.625,,560,865
long_period_manual,long_period_manual_p004,政治,方面,U,8,8,412,97,12771,12771,412,97,2.354170506132518,2.354170506132518,,,2.875,,561,535
long_period_manual,long_period_manual_p004,政治,獨裁,U,8,8,412,22,12771,12771,412,22,4.4946517296823485,4.4946517296823485,,,3.875,,562,238
long_period_manual,long_period_manual_p004,新,總理,U,8,8,662,53,12771,12771,662,53,2.5419760141324472,2.5419760141324472,,,4.625,,563,498
long_period_manual,long_period_manual_p004,新,辭職,U,8,8,662,32,12771,12771,662,32,3.269896468695646,3.269896468695646,,,7.75,,564,369
long_period_manual,long_period_manual_p004,日期,決定,U,8,8,16,207,12771,12771,16,207,5.947096918003538,5.947096918003538,,,3.125,,565,138
long_period_manual,long_period_manual_p004,權利,規定,U,8,8,44,337,12771,12771,44,337,3.784547475683708,3.784547475683708,,,4.125,,566,319
long_period_manual,long_period_manual_p004,民族,獨立,U,8,8,71,119,12771,12771,71,119,4.596018992690238,4.596018992690238,,,4.875,,567,226
long_period_manual,long_period_manual_p004,法國,貝當,U,8,8,70,80,12771,12771,70,80,5.1893727636705345,5.1893727636705345,,,5.625,,568,190
long_period_manual,long_period_manual_p004,準備,獨立,U,8,8,40,119,12771,12771,40,119,5.423838017307558,5.423838017307558,,,1.5,,569,169
long_period_manual,long_period_manual_p004,獨立,菲律賓,U,8,8,119,8,12771,12771,119,8,7.745766112194921,7.745766112194921,,,5.25,,570,61
long_period_manual,long_period_manual_p004,發展,經濟,U,8,8,22,34,12771,12771,22,34,8.093689415615227,8.093689415615227,,,2.25,,571,52
long_period_manual,long_period_manual_p004,票,通過,U,8,8,14,276,12771,12771,14,276,5.724704496667091,5.724704496667091,,,3,,572,150
long_period_manual,long_period_manual_p004,立憲,革命,U,8,8,150,65,12771,12771,150,65,4.389397371978529,4.389397371978529,,,4.5,,573,241
long_period_manual,long_period_manual_p004,紀念,週年,U,8,8,60,25,12771,12771,60,25,7.08983709011962,7.08983709011962,,,2.125,,574,88
long_period_manual,long_period_manual_p004,維希,貝當,U,8,8,20,80,12771,12771,20,80,6.996727685728139,6.996727685728139,,,6.25,,575,91
long_period_manual,long_period_manual_p004,總統,菲,U,8,8,556,8,12771,12771,556,8,5.521642802779356,5.521642802779356,,,2,,576,162
long_period_manual,long_period_manual_p004,總統,討論,U,8,8,556,153,12771,12771,556,153,1.2642549600867046,1.2642549600867046,,,4.375,,577,738
long_period_manual,long_period_manual_p004,舉行,討論,U,8,8,224,153,12771,12771,224,153,2.575841110752608,2.575841110752608,,,4.25,,578,494
long_period_manual,long_period_manual_p004,要求,黨,U,8,8,197,129,12771,12771,197,129,3.007304800623233,3.007304800623233,,,5.75,,579,401
long_period_manual,long_period_manual_p004,議案,通過,U,8,8,8,276,12771,12771,8,276,6.532059418724694,6.532059418724694,,,3.375,,580,107
long_period_manual,long_period_manual_p004,中國,人民,U,7,7,205,363,12771,12771,205,363,1.2646329600592712,1.2646329600592712,,,5,,581,737
long_period_manual,long_period_manual_p004,中國,國民黨,U,7,7,205,192,12771,12771,205,192,2.1834961973338656,2.1834961973338656,,,5.428571428571429,,582,570
long_period_manual,long_period_manual_p004,中國,運動,U,7,7,205,34,12771,12771,205,34,4.6809958568046826,4.6809958568046826,,,5,,583,221
long_period_manual,long_period_manual_p004,中央,先生,U,7,7,43,52,12771,12771,43,52,6.3212343247172775,6.3212343247172775,,,6.285714285714286,,584,117
long_period_manual,long_period_manual_p004,中央社,路透電,U,7,7,67,19,12771,12771,67,19,7.13392209365911,7.13392209365911,,,1.5714285714285714,,585,84
long_period_manual,long_period_manual_p004,主席團,議會,U,7,7,15,303,12771,12771,15,303,5.297874218478999,5.297874218478999,,,2,,586,181
long_period_manual,long_period_manual_p004,主張,派,U,7,7,52,17,12771,12771,52,17,7.660036238169036,7.660036238169036,,,3.2857142857142856,,587,64
long_period_manual,long_period_manual_p004,主張,立憲,U,7,7,52,150,12771,12771,52,150,4.518680388923495,4.518680388923495,,,4.571428571428571,,588,234
long_period_manual,long_period_manual_p004,京城,新,U,7,7,32,662,12771,12771,32,662,3.07725139075325,3.07725139075325,,,2.2857142857142856,,589,395
long_period_manual,long_period_manual_p004,京城,瑞典,U,7,7,32,14,12771,12771,32,14,8.640583875502864,8.640583875502864,,,1,,590,38
long_period_manual,long_period_manual_p004,人,兩,U,7,7,174,121,12771,12771,174,121,3.086132064437145,3.086132064437145,,,3.2857142857142856,,591,393
long_period_manual,long_period_manual_p004,人,國,U,7,7,174,560,12771,12771,174,560,0.8757122847667731,0.8757122847667731,,,5.285714285714286,,592,810
long_period_manual,long_period_manual_p004,人民,保障,U,7,7,363,39,12771,12771,363,39,3.6587108407024687,3.6587108407024687,,,3.142857142857143,,593,332
long_period_manual,long_period_manual_p004,人民,實施,U,7,7,363,650,12771,12771,363,650,-0.4001828483510998,0,,,6.428571428571429,,594,937
long_period_manual,long_period_manual_p004,人民,權利,U,7,7,363,44,12771,12771,363,44,3.48468144092742,3.48468144092742,,,3.5714285714285716,,595,348
long_period_manual,long_period_manual_p004,人民,精神,U,7,7,363,36,12771,12771,363,36,3.7741880581224048,3.7741880581224048,,,5.428571428571429,,596,321
long_period_manual,long_period_manual_p004,人民,規定,U,7,7,363,337,12771,12771,363,337,0.5475082783828588,0.5475082783828588,,,6.285714285714286,,597,851
long_period_manual,long_period_manual_p004,代表,邦,U,7,7,133,22,12771,12771,133,22,5.933224743421981,5.933224743421981,,,2.2857142857142856,,598,140
long_period_manual,long_period_manual_p004,以期,憲政,U,7,7,7,1812,12771,12771,7,1812,3.817216635456629,3.817216635456629,,,6.142857142857143,,599,300
long_period_manual,long_period_manual_p004,促成,實施,U,7,7,16,650,12771,12771,16,650,4.103642889644651,4.103642889644651,,,2.2857142857142856,,600,271
long_period_manual,long_period_manual_p004,信仰,宗敎,U,7,7,18,28,12771,12771,18,28,8.470658874060552,8.470658874060552,,,2.142857142857143,,601,42
long_period_manual,long_period_manual_p004,倫敦,消息,U,7,7,28,44,12771,12771,28,44,7.181152256865566,7.181152256865566,,,2.142857142857143,,602,83
long_period_manual,long_period_manual_p004,倫敦,英,U,7,7,28,279,12771,12771,28,279,4.516462563673676,4.516462563673676,,,5.857142857142857,,603,236
long_period_manual,long_period_manual_p004,全體,舉行,U,7,7,31,224,12771,12771,31,224,4.6863875651159885,4.6863875651159885,,,5.571428571428571,,604,220
long_period_manual,long_period_manual_p004,公佈,憲法,U,7,7,7,3809,12771,12771,7,3809,2.7453873029395237,2.7453873029395237,,,2.5714285714285716,,605,432
long_period_manual,long_period_manual_p004,公民,憲法,U,7,7,29,3809,12771,12771,29,3809,0.6947612298695557,0.6947612298695557,,,6.142857142857143,,606,835
long_period_manual,long_period_manual_p004,共和,新,U,7,7,29,662,12771,12771,29,662,3.2192703956256783,3.2192703956256783,,,3.142857142857143,,607,377
long_period_manual,long_period_manual_p004,出席,舉行,U,7,7,7,224,12771,12771,7,224,6.83322895344526,6.83322895344526,,,7,,608,99
long_period_manual,long_period_manual_p004,制定,規定,U,7,7,139,337,12771,12771,139,337,1.9323929436551022,1.9323929436551022,,,5.571428571428571,,609,628
long_period_manual,long_period_manual_p004,制度,政治,U,7,7,64,412,12771,12771,64,412,2.7614382703772495,2.7614382703772495,,,2.4285714285714284,,610,431
long_period_manual,long_period_manual_p004,制度,日本,U,7,7,64,80,12771,12771,64,80,5.126010702673105,5.126010702673105,,,4.571428571428571,,611,194
long_period_manual,long_period_manual_p004,制度,民主,U,7,7,64,186,12771,12771,64,186,3.9087799864524366,3.9087799864524366,,,4.142857142857143,,612,290
long_period_manual,long_period_manual_p004,制度,經濟,U,7,7,64,34,12771,12771,64,34,6.360475956310129,6.360475956310129,,,7.714285714285714,,613,115
long_period_manual,long_period_manual_p004,勝利,憲政,U,7,7,23,1812,12771,12771,23,1812,2.10100960145722,2.10100960145722,,,5.428571428571429,,614,587
long_period_manual,long_period_manual_p004,印度,承認,U,7,7,298,31,12771,12771,298,31,4.274573966711431,4.274573966711431,,,3.5714285714285716,,615,253
long_period_manual,long_period_manual_p004,印度,提出,U,7,7,298,111,12771,12771,298,111,2.4343544107482002,2.4343544107482002,,,3,,616,516
long_period_manual,long_period_manual_p004,印度,統一,U,7,7,298,47,12771,12771,298,47,3.674181425420669,3.674181425420669,,,3.142857142857143,,617,330
long_period_manual,long_period_manual_p004,印度,自治領,U,7,7,298,14,12771,12771,298,14,5.421415355040702,5.421415355040702,,,4.285714285714286,,618,170
long_period_manual,long_period_manual_p004,印度,邦,U,7,7,298,22,12771,12771,298,22,4.769338658461009,4.769338658461009,,,4,,619,213
long_period_manual,long_period_manual_p004,參政會,憲法,U,7,7,127,3809,12771,12771,127,3809,-1.435942461775038,0,,,4.857142857142857,,620,964
long_period_manual,long_period_manual_p004,參衆兩院,聯席會議,U,7,7,24,7,12771,12771,24,7,10.055621374781708,10.055621374781708,,,3.2857142857142856,,621,15
long_period_manual,long_period_manual_p004,反對,表示,U,7,7,27,36,12771,12771,27,36,7.523126293954687,7.523126293954687,,,2.7142857142857144,,622,72
long_period_manual,long_period_manual_p004,召開,實行,U,7,7,145,164,12771,12771,145,164,2.91047770292745,2.91047770292745,,,5,,623,411
long_period_manual,long_period_manual_p004,召開,戰爭,U,7,7,145,76,12771,12771,145,76,4.0201021941019475,4.0201021941019475,,,5.857142857142857,,624,279
long_period_manual,long_period_manual_p004,召集,會議,U,7,7,192,123,12771,12771,192,123,2.9204617915000717,2.9204617915000717,,,3.857142857142857,,625,408
long_period_manual,long_period_manual_p004,同等,地位,U,7,7,7,47,12771,12771,7,47,9.085995023825227,9.085995023825227,,,1.4285714285714286,,626,33
long_period_manual,long_period_manual_p004,商討,問題,U,7,7,7,615,12771,12771,7,615,5.376141275276262,5.376141275276262,,,3.857142857142857,,627,174
long_period_manual,long_period_manual_p004,問題,提出,U,7,7,615,111,12771,12771,615,111,1.3890803309837596,1.3890803309837596,,,4.571428571428571,,628,719
long_period_manual,long_period_manual_p004,問題,渝,U,7,7,615,50,12771,12771,615,50,2.5396400075591408,2.5396400075591408,,,7.428571428571429,,629,499
long_period_manual,long_period_manual_p004,問題,英國,U,7,7,615,71,12771,12771,615,71,2.0337490778291833,2.0337490778291833,,,5.285714285714286,,630,600
long_period_manual,long_period_manual_p004,問題,規定,U,7,7,615,337,12771,12771,615,337,-0.21310858384799278,0,,,7,,631,922
long_period_manual,long_period_manual_p004,國,外交,U,7,7,560,30,12771,12771,560,30,3.411765185006983,3.411765185006983,,,3.5714285714285716,,632,360
long_period_manual,long_period_manual_p004,國,政治,U,7,7,560,412,12771,12771,560,412,-0.36784474656771693,0,,,5,,633,933
long_period_manual,long_period_manual_p004,國,總統,U,7,7,560,556,12771,12771,560,556,-0.800285292108006,0,,,6.428571428571429,,634,956
long_period_manual,long_period_manual_p004,國,美,U,7,7,560,53,12771,12771,560,53,2.590735326052302,2.590735326052302,,,4.571428571428571,,635,493
long_period_manual,long_period_manual_p004,國,要求,U,7,7,560,197,12771,12771,560,197,0.6966039611591252,0.6966039611591252,,,4.571428571428571,,636,833
long_period_manual,long_period_manual_p004,國內,政治,U,7,7,7,412,12771,12771,7,412,5.954083348319646,5.954083348319646,,,2.7142857142857144,,637,135
long_period_manual,long_period_manual_p004,國家,國會,U,7,7,369,273,12771,12771,369,273,0.8277046505802194,0.8277046505802194,,,5.428571428571429,,638,818
long_period_manual,long_period_manual_p004,國家,時期,U,7,7,369,78,12771,12771,369,78,2.6350595726378234,2.6350595726378234,,,5.714285714285714,,639,491
long_period_manual,long_period_manual_p004,國家,蘇聯,U,7,7,369,127,12771,12771,369,127,1.9317771047279058,1.9317771047279058,,,5.142857142857143,,640,629
long_period_manual,long_period_manual_p004,國家,表示,U,7,7,369,36,12771,12771,369,36,3.7505367900577595,3.7505367900577595,,,8,,641,323
long_period_manual,long_period_manual_p004,國慶,紀念日,U,7,7,7,24,12771,12771,7,24,10.055621374781708,10.055621374781708,,,2.7142857142857144,,642,16
long_period_manual,long_period_manual_p004,國會,舉行,U,7,7,273,224,12771,12771,273,224,1.5478267345830115,1.5478267345830115,,,3.7142857142857144,,643,697
long_period_manual,long_period_manual_p004,國民黨,政治,U,7,7,192,412,12771,12771,192,412,1.1764757696560932,1.1764757696560932,,,5,,644,751
long_period_manual,long_period_manual_p004,國民黨,社評,U,7,7,192,14,12771,12771,192,14,6.055621374781707,6.055621374781707,,,4.714285714285714,,645,131
long_period_manual,long_period_manual_p004,國民黨,重慶,U,7,7,192,106,12771,12771,192,106,3.1350558422761123,3.1350558422761123,,,3.2857142857142856,,646,387
long_period_manual,long_period_manual_p004,團體,憲法,U,7,7,19,3809,12771,12771,19,3809,1.3048147115535422,1.3048147115535422,,,5.428571428571429,,647,732
long_period_manual,long_period_manual_p004,地位,憲政,U,7,7,47,1812,12771,12771,47,1812,1.0699827058365954,1.0699827058365954,,,6.285714285714286,,648,776
long_period_manual,long_period_manual_p004,地位,自治領,U,7,7,47,14,12771,12771,47,14,8.085995023825227,8.085995023825227,,,1.7142857142857142,,649,53
long_period_manual,long_period_manual_p004,基本,憲法,U,7,7,13,3809,12771,12771,13,3809,1.8523025068560357,1.8523025068560357,,,4.285714285714286,,650,637
long_period_manual,long_period_manual_p004,基礎,政治,U,7,7,88,412,12771,12771,88,412,2.3020066517399522,2.3020066517399522,,,5.428571428571429,,651,547
long_period_manual,long_period_manual_p004,大會,選舉,U,7,7,223,122,12771,12771,223,122,2.7163015600772766,2.7163015600772766,,,6,,652,477
long_period_manual,long_period_manual_p004,大會,重慶,U,7,7,223,106,12771,12771,223,106,2.919118443076964,2.919118443076964,,,4.714285714285714,,653,409
long_period_manual,long_period_manual_p004,大權,憲法,U,7,7,7,3809,12771,12771,7,3809,2.7453873029395237,2.7453873029395237,,,4.571428571428571,,654,437
long_period_manual,long_period_manual_p004,大綱,建國,U,7,7,7,99,12771,12771,7,99,8.011227255423254,8.011227255423254,,,1,,655,56
long_period_manual,long_period_manual_p004,委員,憲政,U,7,7,29,1812,12771,12771,29,1812,1.7665905623866607,1.7665905623866607,,,3.142857142857143,,656,656
long_period_manual,long_period_manual_p004,委員,期成會,U,7,7,29,19,12771,12771,29,19,8.34203028898931,8.34203028898931,,,2.142857142857143,,657,44
long_period_manual,long_period_manual_p004,委員會,組織,U,7,7,36,86,12771,12771,36,86,5.851749041416058,5.851749041416058,,,3.4285714285714284,,658,144
long_period_manual,long_period_manual_p004,完成,實施,U,7,7,54,650,12771,12771,54,650,2.3487553874811824,2.3487553874811824,,,3.7142857142857144,,659,537
long_period_manual,long_period_manual_p004,完成,工作,U,7,7,54,73,12771,12771,54,73,5.503226736516982,5.503226736516982,,,4.142857142857143,,660,166
long_period_manual,long_period_manual_p004,定期,憲法,U,7,7,39,3809,12771,12771,39,3809,0.26734000613487946,0.26734000613487946,,,4.571428571428571,,661,884
long_period_manual,long_period_manual_p004,宣戰,憲法,U,7,7,13,3809,12771,12771,13,3809,1.8523025068560357,1.8523025068560357,,,5,,662,638
long_period_manual,long_period_manual_p004,宣言,憲法,U,7,7,14,3809,12771,12771,14,3809,1.7453873029395237,1.7453873029395237,,,6.571428571428571,,663,662
long_period_manual,long_period_manual_p004,宣言,發表,U,7,7,14,61,12771,12771,14,61,7.709846537939978,7.709846537939978,,,2.5714285714285716,,664,63
long_period_manual,long_period_manual_p004,實施,渝,U,7,7,650,50,12771,12771,650,50,2.4597866998699263,2.4597866998699263,,,6.428571428571429,,665,513
long_period_manual,long_period_manual_p004,實施,設立,U,7,7,650,19,12771,12771,650,19,3.8557153762010654,3.8557153762010654,,,3.2857142857142856,,666,295
long_period_manual,long_period_manual_p004,必要,憲法,U,7,7,7,3809,12771,12771,7,3809,2.7453873029395237,2.7453873029395237,,,6.428571428571429,,667,445
long_period_manual,long_period_manual_p004,慶祝,憲法,U,7,7,40,3809,12771,12771,40,3809,0.23081413010976545,0.23081413010976545,,,3.5714285714285716,,668,888
long_period_manual,long_period_manual_p004,慶祝,舉行,U,7,7,40,224,12771,12771,40,224,4.318655780615502,4.318655780615502,,,3,,669,248
long_period_manual,long_period_manual_p004,憲政,成立,U,7,7,1812,191,12771,12771,1812,191,-0.9528572705215159,0,,,5.142857142857143,,670,957
long_period_manual,long_period_manual_p004,憲政,眞正,U,7,7,1812,7,12771,12771,1812,7,3.817216635456629,3.817216635456629,,,4.571428571428571,,671,310
long_period_manual,long_period_manual_p004,憲政,社評,U,7,7,1812,14,12771,12771,1812,14,2.817216635456629,2.817216635456629,,,4.714285714285714,,672,426
long_period_manual,long_period_manual_p004,憲政,自由,U,7,7,1812,227,12771,12771,1812,227,-1.2019769297766822,0,,,5.857142857142857,,673,962
long_period_manual,long_period_manual_p004,憲政,軍政,U,7,7,1812,24,12771,12771,1812,24,2.039609056793077,2.039609056793077,,,2.857142857142857,,674,599
long_period_manual,long_period_manual_p004,憲法,授權,U,7,7,3809,14,12771,12771,3809,14,1.7453873029395237,1.7453873029395237,,,4.142857142857143,,675,664
long_period_manual,long_period_manual_p004,憲法,明日,U,7,7,3809,7,12771,12771,3809,7,2.7453873029395237,2.7453873029395237,,,6.428571428571429,,676,451
long_period_manual,long_period_manual_p004,憲法,昨日,U,7,7,3809,14,12771,12771,3809,14,1.7453873029395237,1.7453873029395237,,,7.714285714285714,,677,666
long_period_manual,long_period_manual_p004,憲法,時期,U,7,7,3809,78,12771,12771,3809,78,-0.7326599938651205,0,,,6.428571428571429,,678,952
long_period_manual,long_period_manual_p004,憲法,民主,U,7,7,3809,186,12771,12771,3809,186,-1.9864165861109035,0,,,4.857142857142857,,679,971
long_period_manual,long_period_manual_p004,憲法,法西斯,U,7,7,3809,7,12771,12771,3809,7,2.7453873029395237,2.7453873029395237,,,5.428571428571429,,680,454
long_period_manual,long_period_manual_p004,憲法,消息,U,7,7,3809,44,12771,12771,3809,44,0.09331060635983063,0.09331060635983063,,,6.857142857142857,,681,901
long_period_manual,long_period_manual_p004,憲法,演說,U,7,7,3809,21,12771,12771,3809,21,1.1604248022183676,1.1604248022183676,,,5,,682,756
long_period_manual,long_period_manual_p004,憲法,禁止,U,7,7,3809,7,12771,12771,3809,7,2.7453873029395237,2.7453873029395237,,,5.571428571428571,,683,457
long_period_manual,long_period_manual_p004,憲法,經濟,U,7,7,3809,34,12771,12771,3809,34,0.46527938374678834,0.46527938374678834,,,6.142857142857143,,684,861
long_period_manual,long_period_manual_p004,憲法,職權,U,7,7,3809,7,12771,12771,3809,7,2.7453873029395237,2.7453873029395237,,,5.142857142857143,,685,464
long_period_manual,long_period_manual_p004,憲法,衆議院,U,7,7,3809,14,12771,12771,3809,14,1.7453873029395237,1.7453873029395237,,,5.571428571428571,,686,670
long_period_manual,long_period_manual_p004,憲法,製定,U,7,7,3809,7,12771,12771,3809,7,2.7453873029395237,2.7453873029395237,,,1.8571428571428572,,687,467
long_period_manual,long_period_manual_p004,憲法,解決,U,7,7,3809,59,12771,12771,3809,59,-0.32990082436471346,0,,,6.285714285714286,,688,928
long_period_manual,long_period_manual_p004,憲法,變更,U,7,7,3809,7,12771,12771,3809,7,2.7453873029395237,2.7453873029395237,,,3.5714285714285716,,689,468
long_period_manual,long_period_manual_p004,憲法,責任,U,7,7,3809,7,12771,12771,3809,7,2.7453873029395237,2.7453873029395237,,,7.142857142857143,,690,469
long_period_manual,long_period_manual_p004,憲法,關係,U,7,7,3809,26,12771,12771,3809,26,0.8523025068560356,0.8523025068560356,,,6,,691,816
long_period_manual,long_period_manual_p004,成立,決定,U,7,7,191,207,12771,12771,191,207,2.1770230120253937,2.1770230120253937,,,5.142857142857143,,692,573
long_period_manual,long_period_manual_p004,批評,黨,U,7,7,7,129,12771,12771,7,129,7.6293566200796095,7.6293566200796095,,,3.4285714285714284,,693,67
long_period_manual,long_period_manual_p004,抗戰,黨派,U,7,7,170,7,12771,12771,170,7,7.231192939365162,7.231192939365162,,,6.571428571428571,,694,78
long_period_manual,long_period_manual_p004,授權,總統,U,7,7,14,556,12771,12771,14,556,4.521642802779356,4.521642802779356,,,2.2857142857142856,,695,232
long_period_manual,long_period_manual_p004,接受,政府,U,7,7,36,1368,12771,12771,36,1368,1.8601612812322577,1.8601612812322577,,,4.285714285714286,,696,636
long_period_manual,long_period_manual_p004,提出,英,U,7,7,111,279,12771,12771,111,279,2.5294016193811744,2.5294016193811744,,,4.714285714285714,,697,503
long_period_manual,long_period_manual_p004,政府,民主,U,7,7,1368,186,12771,12771,1368,186,-0.5090725284334614,0,,,4.285714285714286,,698,946
long_period_manual,long_period_manual_p004,政府,決議,U,7,7,1368,52,12771,12771,1368,52,1.3296465645334776,1.3296465645334776,,,4.142857142857143,,699,725
long_period_manual,long_period_manual_p004,政府,美,U,7,7,1368,53,12771,12771,1368,53,1.3021658281113706,1.3021658281113706,,,4.142857142857143,,700,733
long_period_manual,long_period_manual_p004,政府,談話,U,7,7,1368,20,12771,12771,1368,20,2.7081581877872076,2.7081581877872076,,,5.142857142857143,,701,480
long_period_manual,long_period_manual_p004,政府,貝當,U,7,7,1368,80,12771,12771,1368,80,0.7081581877872076,0.7081581877872076,,,2.4285714285714284,,702,832
long_period_manual,long_period_manual_p004,政府,進行,U,7,7,1368,7,12771,12771,1368,7,4.222731360616966,4.222731360616966,,,5.571428571428571,,703,265
long_period_manual,long_period_manual_p004,政府,選舉,U,7,7,1368,122,12771,12771,1368,122,0.09934894511168366,0.09934894511168366,,,6,,704,900
long_period_manual,long_period_manual_p004,政治,軍事,U,7,7,412,7,12771,12771,412,7,5.954083348319646,5.954083348319646,,,5.714285714285714,,705,137
long_period_manual,long_period_manual_p004,政治,革命,U,7,7,412,65,12771,12771,412,65,2.739070457348795,2.739070457348795,,,5.428571428571429,,706,474
long_period_manual,long_period_manual_p004,政體,立憲,U,7,7,7,150,12771,12771,7,150,7.411765185006983,7.411765185006983,,,1.4285714285714286,,707,75
long_period_manual,long_period_manual_p004,新聞,記者,U,7,7,13,7,12771,12771,13,7,10.940144157361772,10.940144157361772,,,1,,708,8
long_period_manual,long_period_manual_p004,昨日,討論,U,7,7,14,153,12771,12771,14,153,6.383196032810212,6.383196032810212,,,5.142857142857143,,709,114
long_period_manual,long_period_manual_p004,權限,規定,U,7,7,31,337,12771,12771,31,337,4.097137705991734,4.097137705991734,,,4.714285714285714,,710,272
long_period_manual,long_period_manual_p004,民主,立憲,U,7,7,186,150,12771,12771,186,150,2.6799612959565557,2.6799612959565557,,,3.4285714285714284,,711,484
long_period_manual,long_period_manual_p004,民主,要求,U,7,7,186,197,12771,12771,186,197,2.28672816699606,2.28672816699606,,,6.142857142857143,,712,549
long_period_manual,long_period_manual_p004,民族,自由,U,7,7,71,227,12771,12771,71,227,3.471643190764871,3.471643190764871,,,6,,713,351
long_period_manual,long_period_manual_p004,瑞典,芬蘭,U,7,7,14,7,12771,12771,14,7,10.833228953445259,10.833228953445259,,,6.571428571428571,,714,9
long_period_manual,long_period_manual_p004,發表,談話,U,7,7,61,20,12771,12771,61,20,7.19527336511022,7.19527336511022,,,1.8571428571428572,,715,82
long_period_manual,long_period_manual_p004,自由,要求,U,7,7,227,197,12771,12771,227,197,1.9993384908131766,1.9993384908131766,,,7.285714285714286,,716,612
long_period_manual,long_period_manual_p004,蘇維埃,蘇聯,U,7,7,7,127,12771,12771,7,127,7.651899188730698,7.651899188730698,,,5.428571428571429,,717,66
long_period_manual,long_period_manual_p004,衆議院,議員,U,7,7,14,127,12771,12771,14,127,6.651899188730698,6.651899188730698,,,3.2857142857142856,,718,105
long_period_manual,long_period_manual_p004,訓政,軍政,U,7,7,131,24,12771,12771,131,24,5.829553295301861,5.829553295301861,,,1,,719,146
long_period_manual,long_period_manual_p004,議員,選舉,U,7,7,127,122,12771,12771,127,122,3.528516773225416,3.528516773225416,,,4.142857142857143,,720,344
long_period_manual,long_period_manual_p004,一致,國家,U,6,6,31,369,12771,12771,31,369,3.7438730597767487,3.7438730597767487,,,4.833333333333333,,721,324
long_period_manual,long_period_manual_p004,一致,議會,U,6,6,31,303,12771,12771,31,303,4.028176082364194,4.028176082364194,,,5.833333333333333,,722,278
long_period_manual,long_period_manual_p004,三民主義,憲政,U,6,6,6,1812,12771,12771,6,1812,3.817216635456629,3.817216635456629,,,5.166666666666667,,723,299
long_period_manual,long_period_manual_p004,上將,憲法,U,6,6,19,3809,12771,12771,19,3809,1.0824222902170941,1.0824222902170941,,,8.333333333333334,,724,773
long_period_manual,long_period_manual_p004,不能,政府,U,6,6,51,1368,12771,12771,51,1368,1.1352685193666265,1.1352685193666265,,,3,,725,765
long_period_manual,long_period_manual_p004,世界,國,U,6,6,28,560,12771,12771,28,560,3.2889084372214494,3.2889084372214494,,,2.3333333333333335,,726,367
long_period_manual,long_period_manual_p004,中共,建國,U,6,6,20,99,12771,12771,20,99,6.274261661257048,6.274261661257048,,,8.833333333333334,,727,120
long_period_manual,long_period_manual_p004,中共,抗戰,U,6,6,20,170,12771,12771,20,170,5.494227345198956,5.494227345198956,,,7.833333333333333,,728,167
long_period_manual,long_period_manual_p004,中國,最近,U,6,6,205,6,12771,12771,205,6,6.961103775997418,6.961103775997418,,,6.666666666666667,,729,93
long_period_manual,long_period_manual_p004,中國,法律,U,6,6,205,43,12771,12771,205,43,4.119801522016476,4.119801522016476,,,5.5,,730,270
long_period_manual,long_period_manual_p004,中國,通訊社,U,6,6,205,23,12771,12771,205,23,5.022504320661561,5.022504320661561,,,5.166666666666667,,731,199
long_period_manual,long_period_manual_p004,中國,重慶,U,6,6,205,106,12771,12771,205,106,2.818145822155375,2.818145822155375,,,4.833333333333333,,732,424
long_period_manual,long_period_manual_p004,中央,命,U,6,6,43,12,12771,12771,43,12,8.214319120800766,8.214319120800766,,,2.8333333333333335,,733,48
long_period_manual,long_period_manual_p004,中央社,問題,U,6,6,67,615,12771,12771,67,615,1.8950145855396452,1.8950145855396452,,,4.166666666666667,,734,631
long_period_manual,long_period_manual_p004,中央社,海通電,U,6,6,67,6,12771,12771,67,6,8.57449468504509,8.57449468504509,,,1,,735,41
long_period_manual,long_period_manual_p004,中政會,主席,U,6,6,14,12,12771,12771,14,12,9.833228953445259,9.833228953445259,,,2.3333333333333335,,736,18
long_period_manual,long_period_manual_p004,主席,人,U,6,6,12,174,12771,12771,12,174,6.1976403796541355,6.1976403796541355,,,7,,737,124
long_period_manual,long_period_manual_p004,主張,實施,U,6,6,52,650,12771,12771,52,650,2.180810750167111,2.180810750167111,,,6.5,,738,571
long_period_manual,long_period_manual_p004,主義,憲政,U,6,6,55,1812,12771,12771,55,1812,0.6208194226531252,0.6208194226531252,,,5.333333333333333,,739,842
long_period_manual,long_period_manual_p004,主義,民族,U,6,6,55,71,12771,12771,55,71,5.294439543194678,5.294439543194678,,,4,,740,182
long_period_manual,long_period_manual_p004,二十四,人,U,6,6,6,174,12771,12771,6,174,7.1976403796541355,7.1976403796541355,,,2.5,,741,80
long_period_manual,long_period_manual_p004,京城,巴西,U,6,6,32,52,12771,12771,32,52,6.525106658082928,6.525106658082928,,,1,,742,108
long_period_manual,long_period_manual_p004,京城,憲法,U,6,6,32,3809,12771,12771,32,3809,0.33034980366067995,0.33034980366067995,,,4.833333333333333,,743,871
long_period_manual,long_period_manual_p004,京城,總統,U,6,6,32,556,12771,12771,32,556,3.1066053035005123,3.1066053035005123,,,5.5,,744,391
long_period_manual,long_period_manual_p004,人,委員,U,6,6,174,29,12771,12771,174,29,4.92462188524772,4.92462188524772,,,4,,745,207
long_period_manual,long_period_manual_p004,人,提出,U,6,6,174,111,12771,12771,174,111,2.988187014025186,2.988187014025186,,,2.8333333333333335,,746,402
long_period_manual,long_period_manual_p004,人士,政府,U,6,6,15,1368,12771,12771,15,1368,2.9008032657296035,2.9008032657296035,,,5.166666666666667,,747,412
long_period_manual,long_period_manual_p004,人民,印度,U,6,6,363,298,12771,12771,363,298,0.5025521177661078,0.5025521177661078,,,1.3333333333333333,,748,857
long_period_manual,long_period_manual_p004,人民,反對,U,6,6,363,27,12771,12771,363,27,3.9668331360648006,3.9668331360648006,,,7,,749,282
long_period_manual,long_period_manual_p004,人民,基礎,U,6,6,363,88,12771,12771,363,88,2.262289019590972,2.262289019590972,,,5.5,,750,556
long_period_manual,long_period_manual_p004,人民,增加,U,6,6,363,6,12771,12771,363,6,6.136758137507113,6.136758137507113,,,4.333333333333333,,751,127
long_period_manual,long_period_manual_p004,人民,宗敎,U,6,6,363,28,12771,12771,363,28,3.914365716170665,3.914365716170665,,,4.5,,752,288
long_period_manual,long_period_manual_p004,人民,新,U,6,6,363,662,12771,12771,363,662,-0.6489667685789484,0,,,6.5,,753,949
long_period_manual,long_period_manual_p004,人民,獨立,U,6,6,363,119,12771,12771,363,119,1.8269028749203255,1.8269028749203255,,,5.333333333333333,,754,642
long_period_manual,long_period_manual_p004,代理,總統,U,6,6,6,556,12771,12771,6,556,5.521642802779356,5.521642802779356,,,2,,755,158
long_period_manual,long_period_manual_p004,代表,團體,U,6,6,133,19,12771,12771,133,19,5.9223364272792445,5.9223364272792445,,,5.666666666666667,,756,141
long_period_manual,long_period_manual_p004,保障,憲政,U,6,6,39,1812,12771,12771,39,1812,1.1167769173155366,1.1167769173155366,,,5.5,,757,769
long_period_manual,long_period_manual_p004,修正,問題,U,6,6,51,615,12771,12771,51,615,2.288678434025922,2.288678434025922,,,5.166666666666667,,758,548
long_period_manual,long_period_manual_p004,修正,通過,U,6,6,51,276,12771,12771,51,276,3.444596577474355,3.444596577474355,,,4.5,,759,357
long_period_manual,long_period_manual_p004,修正案,總統,U,6,6,17,556,12771,12771,17,556,4.019142462250173,4.019142462250173,,,4,,760,280
long_period_manual,long_period_manual_p004,倫敦,憲法,U,6,6,28,3809,12771,12771,28,3809,0.5229948816030758,0.5229948816030758,,,6.5,,761,852
long_period_manual,long_period_manual_p004,僑民,挪威,U,6,6,6,25,12771,12771,6,25,9.996727685728139,9.996727685728139,,,3.8333333333333335,,762,17
long_period_manual,long_period_manual_p004,元,制度,U,6,6,43,64,12771,12771,43,64,5.7992816215219225,5.7992816215219225,,,4.666666666666667,,763,148
long_period_manual,long_period_manual_p004,元首,貝當,U,6,6,6,80,12771,12771,6,80,8.3186557806155,8.3186557806155,,,3,,764,45
long_period_manual,long_period_manual_p004,先生,命,U,6,6,52,12,12771,12771,52,12,7.940144157361772,7.940144157361772,,,2.8333333333333335,,765,58
long_period_manual,long_period_manual_p004,內容,出版,U,6,6,18,6,12771,12771,18,6,10.470658874060552,10.470658874060552,,,3.3333333333333335,,766,12
long_period_manual,long_period_manual_p004,內容,實施,U,6,6,18,650,12771,12771,18,650,3.711325466865891,3.711325466865891,,,5.666666666666667,,767,327
long_period_manual,long_period_manual_p004,內容,憲政,U,6,6,18,1812,12771,12771,18,1812,2.2322541347354723,2.2322541347354723,,,5.5,,768,563
long_period_manual,long_period_manual_p004,內閣,改組,U,6,6,133,6,12771,12771,133,6,7.5853014400016745,7.5853014400016745,,,1.3333333333333333,,769,69
long_period_manual,long_period_manual_p004,內閣,政府,U,6,6,133,1368,12771,12771,133,1368,-0.24758857416306748,0,,,6.333333333333333,,770,923
long_period_manual,long_period_manual_p004,內閣,舉行,U,6,6,133,224,12771,12771,133,224,2.3629090186652264,2.3629090186652264,,,4.666666666666667,,771,531
long_period_manual,long_period_manual_p004,內閣,規定,U,6,6,133,337,12771,12771,133,337,1.7736591595409719,1.7736591595409719,,,6.333333333333333,,772,654
long_period_manual,long_period_manual_p004,全體,會議,U,6,6,31,123,12771,12771,31,123,5.328835560497905,5.328835560497905,,,2.3333333333333335,,773,177
long_period_manual,long_period_manual_p004,全體,議員,U,6,6,31,127,12771,12771,31,127,5.282665379064979,5.282665379064979,,,1,,774,183
long_period_manual,long_period_manual_p004,兩,抗戰,U,6,6,121,170,12771,12771,121,170,2.8972922028117236,2.8972922028117236,,,4.833333333333333,,775,415
long_period_manual,long_period_manual_p004,兩,政治,U,6,6,121,412,12771,12771,121,412,1.620182611766207,1.620182611766207,,,4.666666666666667,,776,689
long_period_manual,long_period_manual_p004,兩,總統,U,6,6,121,556,12771,12771,121,556,1.1877420662259182,1.1877420662259182,,,5.166666666666667,,777,748
long_period_manual,long_period_manual_p004,兩院,憲法,U,6,6,12,3809,12771,12771,12,3809,1.7453873029395237,1.7453873029395237,,,5.5,,778,661
long_period_manual,long_period_manual_p004,兩院,議會,U,6,6,12,303,12771,12771,12,303,5.397409892029913,5.397409892029913,,,5.166666666666667,,779,172
long_period_manual,long_period_manual_p004,公共,租界,U,6,6,6,6,12771,12771,6,6,12.055621374781708,12.055621374781708,,,1,,780,1
long_period_manual,long_period_manual_p004,公民,舉行,U,6,6,29,224,12771,12771,29,224,4.560210459038844,4.560210459038844,,,2.5,,781,228
long_period_manual,long_period_manual_p004,共和,政府,U,6,6,29,1368,12771,12771,29,1368,1.94971286621055,1.94971286621055,,,2.3333333333333335,,782,624
long_period_manual,long_period_manual_p004,共和邦,蘇聯,U,6,6,6,127,12771,12771,6,127,7.651899188730698,7.651899188730698,,,4.5,,783,65
long_period_manual,long_period_manual_p004,共黨,渝,U,6,6,6,50,12771,12771,6,50,8.996727685728139,8.996727685728139,,,5.333333333333333,,784,34
long_period_manual,long_period_manual_p004,初步,工作,U,6,6,6,73,12771,12771,6,73,8.450759316622847,8.450759316622847,,,3.1666666666666665,,785,43
long_period_manual,long_period_manual_p004,制定,政府,U,6,6,139,1368,12771,12771,139,1368,-0.3112472113853853,0,,,7.166666666666667,,786,927
long_period_manual,long_period_manual_p004,制定,結束,U,6,6,139,119,12771,12771,139,119,3.211787540192569,3.211787540192569,,,7.5,,787,379
long_period_manual,long_period_manual_p004,制憲,問題,U,6,6,6,615,12771,12771,6,615,5.376141275276262,5.376141275276262,,,3.3333333333333335,,788,173
long_period_manual,long_period_manual_p004,努力,憲政,U,6,6,6,1812,12771,12771,6,1812,3.817216635456629,3.817216635456629,,,5,,789,302
long_period_manual,long_period_manual_p004,勝利,最後,U,6,6,23,6,12771,12771,23,6,10.11702191944585,10.11702191944585,,,1,,790,13
long_period_manual,long_period_manual_p004,勞動,大衆,U,6,6,6,6,12771,12771,6,6,12.055621374781708,12.055621374781708,,,1,,791,2
long_period_manual,long_period_manual_p004,勵行,建國,U,6,6,12,99,12771,12771,12,99,7.011227255423254,7.011227255423254,,,5.666666666666667,,792,90
long_period_manual,long_period_manual_p004,勵行,抗戰,U,6,6,12,170,12771,12771,12,170,6.231192939365162,6.231192939365162,,,4.666666666666667,,793,123
long_period_manual,long_period_manual_p004,協進會,憲政,U,6,6,6,1812,12771,12771,6,1812,3.817216635456629,3.817216635456629,,,1.8333333333333333,,794,303
long_period_manual,long_period_manual_p004,博士,學位,U,6,6,12,6,12771,12771,12,6,11.055621374781708,11.055621374781708,,,1.8333333333333333,,795,6
long_period_manual,long_period_manual_p004,博士,總統,U,6,6,12,556,12771,12771,12,556,4.521642802779356,4.521642802779356,,,6.833333333333333,,796,231
long_period_manual,long_period_manual_p004,印度,大會,U,6,6,298,223,12771,12771,298,223,1.2054779558415536,1.2054779558415536,,,6.333333333333333,,797,743
long_period_manual,long_period_manual_p004,印度,宣布,U,6,6,298,16,12771,12771,298,16,5.006377855761858,5.006377855761858,,,6.166666666666667,,798,201
long_period_manual,long_period_manual_p004,印度,新,U,6,6,298,662,12771,12771,298,662,-0.3643095510453594,0,,,5.666666666666667,,799,931
long_period_manual,long_period_manual_p004,印度,民族,U,6,6,298,71,12771,12771,298,71,2.856630736257176,2.856630736257176,,,4.833333333333333,,800,420
long_period_manual,long_period_manual_p004,印度,解決,U,6,6,298,59,12771,12771,298,59,3.123734806400017,3.123734806400017,,,3,,801,388
long_period_manual,long_period_manual_p004,原則,基本,U,6,6,26,13,12771,12771,26,13,8.824666939941835,8.824666939941835,,,1.8333333333333333,,802,37
long_period_manual,long_period_manual_p004,參政會,國民大會,U,6,6,127,424,12771,12771,127,424,1.5089412348886548,1.5089412348886548,,,8,,803,705
long_period_manual,long_period_manual_p004,參政會,通過,U,6,6,127,276,12771,12771,127,276,2.128337232673685,2.128337232673685,,,3.8333333333333335,,804,581
long_period_manual,long_period_manual_p004,反對,自由,U,6,6,27,227,12771,12771,27,227,4.644110386769636,4.644110386769636,,,5.166666666666667,,805,223
long_period_manual,long_period_manual_p004,召開,問題,U,6,6,145,615,12771,12771,145,615,0.7811946859824831,0.7811946859824831,,,4,,806,825
long_period_manual,long_period_manual_p004,召開,大會,U,6,6,145,223,12771,12771,145,223,2.2447373862887807,2.2447373862887807,,,5.166666666666667,,807,561
long_period_manual,long_period_manual_p004,召開,政府,U,6,6,145,1368,12771,12771,145,1368,-0.3722152286768124,0,,,5,,808,934
long_period_manual,long_period_manual_p004,召集,實施,U,6,6,192,650,12771,12771,192,650,0.2962879675870468,0.2962879675870468,,,4,,809,876
long_period_manual,long_period_manual_p004,召集,總統,U,6,6,192,556,12771,12771,192,556,0.5216428027793563,0.5216428027793563,,,4.833333333333333,,810,853
long_period_manual,long_period_manual_p004,召集,舉行,U,6,6,192,224,12771,12771,192,224,1.8332289534452597,1.8332289534452597,,,4.333333333333333,,811,641
long_period_manual,long_period_manual_p004,可能,英,U,6,6,6,279,12771,12771,6,279,6.516462563673676,6.516462563673676,,,5.833333333333333,,812,109
long_period_manual,long_period_manual_p004,合法,政府,U,6,6,6,1368,12771,12771,6,1368,4.222731360616966,4.222731360616966,,,6,,813,260
long_period_manual,long_period_manual_p004,同時,政府,U,6,6,25,1368,12771,12771,25,1368,2.1638376715633973,2.1638376715633973,,,3.1666666666666665,,814,576
long_period_manual,long_period_manual_p004,同胞,國,U,6,6,6,560,12771,12771,6,560,5.511300858557897,5.511300858557897,,,1.1666666666666667,,815,165
long_period_manual,long_period_manual_p004,和平,秩序,U,6,6,6,12,12771,12771,6,12,11.055621374781708,11.055621374781708,,,4.5,,816,7
long_period_manual,long_period_manual_p004,問題,戰爭,U,6,6,615,76,12771,12771,615,76,1.7131762625538323,1.7131762625538323,,,4.5,,817,674
long_period_manual,long_period_manual_p004,問題,民族,U,6,6,615,71,12771,12771,615,71,1.8113566564927357,1.8113566564927357,,,2.6666666666666665,,818,644
long_period_manual,long_period_manual_p004,問題,立憲,U,6,6,615,150,12771,12771,615,150,0.7322850855015367,0.7322850855015367,,,2.6666666666666665,,819,829
long_period_manual,long_period_manual_p004,問題,總統,U,6,6,615,556,12771,12771,615,556,-1.1578372967260897,0,,,6.666666666666667,,820,961
long_period_manual,long_period_manual_p004,問題,關係,U,6,6,615,26,12771,12771,615,26,3.2606640578563257,3.2606640578563257,,,6.666666666666667,,821,370
long_period_manual,long_period_manual_p004,國,完成,U,6,6,560,54,12771,12771,560,54,2.341375857115585,2.341375857115585,,,5.666666666666667,,822,538
long_period_manual,long_period_manual_p004,國,民主,U,6,6,560,186,12771,12771,560,186,0.5571045481710221,0.5571045481710221,,,4.5,,823,849
long_period_manual,long_period_manual_p004,國,積極,U,6,6,560,16,12771,12771,560,16,4.096263359279053,4.096263359279053,,,4.666666666666667,,824,273
long_period_manual,long_period_manual_p004,國,自由,U,6,6,560,227,12771,12771,560,227,0.26971487198813837,0.26971487198813837,,,6.666666666666667,,825,883
long_period_manual,long_period_manual_p004,國,革命,U,6,6,560,65,12771,12771,560,65,2.073895546250599,2.073895546250599,,,5,,826,592
long_period_manual,long_period_manual_p004,國家,團結,U,6,6,369,6,12771,12771,369,6,6.1131068694424675,6.1131068694424675,,,3.1666666666666665,,827,128
long_period_manual,long_period_manual_p004,國家,日本,U,6,6,369,80,12771,12771,369,80,2.3761412752762614,2.3761412752762614,,,3.8333333333333335,,828,528
long_period_manual,long_period_manual_p004,國家,民族,U,6,6,369,71,12771,12771,369,71,2.548322250658942,2.548322250658942,,,2.8333333333333335,,829,497
long_period_manual,long_period_manual_p004,國家,求,U,6,6,369,6,12771,12771,369,6,6.1131068694424675,6.1131068694424675,,,2.5,,830,129
long_period_manual,long_period_manual_p004,國家,法案,U,6,6,369,29,12771,12771,369,29,3.8400883750360517,3.8400883750360517,,,4,,831,297
long_period_manual,long_period_manual_p004,國家,獨立,U,6,6,369,119,12771,12771,369,119,1.8032516068556803,1.8032516068556803,,,3.1666666666666665,,832,646
long_period_manual,long_period_manual_p004,國家,立憲,U,6,6,369,150,12771,12771,369,150,1.469250679667743,1.469250679667743,,,3.1666666666666665,,833,709
long_period_manual,long_period_manual_p004,國家,總統,U,6,6,369,556,12771,12771,369,556,-0.4208717025598835,0,,,5.666666666666667,,834,941
long_period_manual,long_period_manual_p004,國家,軍隊,U,6,6,369,12,12771,12771,369,12,5.1131068694424675,5.1131068694424675,,,5.333333333333333,,835,195
long_period_manual,long_period_manual_p004,國會,批准,U,6,6,273,14,12771,12771,273,14,5.325434313246563,5.325434313246563,,,6.166666666666667,,836,178
long_period_manual,long_period_manual_p004,國會,開會,U,6,6,273,20,12771,12771,273,20,4.810861140416805,4.810861140416805,,,3.3333333333333335,,837,211
long_period_manual,long_period_manual_p004,國民大會,國民黨,U,6,6,424,192,12771,12771,424,192,0.9126634209396645,0.9126634209396645,,,7.5,,838,803
long_period_manual,long_period_manual_p004,國民大會,成立,U,6,6,424,191,12771,12771,424,191,0.9201970936250721,0.9201970936250721,,,4.333333333333333,,839,799
long_period_manual,long_period_manual_p004,國民大會,提出,U,6,6,424,111,12771,12771,424,111,1.7032100553107148,1.7032100553107148,,,5.5,,840,677
long_period_manual,long_period_manual_p004,國民黨,政府,U,6,6,192,1368,12771,12771,192,1368,-0.777268639383034,0,,,5,,841,954
long_period_manual,long_period_manual_p004,團體,新,U,6,6,19,662,12771,12771,19,662,3.606931455973217,3.606931455973217,,,7.166666666666667,,842,334
long_period_manual,long_period_manual_p004,基礎,民主,U,6,6,88,186,12771,12771,88,186,3.226955946478691,3.226955946478691,,,4.166666666666667,,843,375
long_period_manual,long_period_manual_p004,大使,駐,U,6,6,6,16,12771,12771,6,16,10.640583875502864,10.640583875502864,,,2,,844,11
long_period_manual,long_period_manual_p004,大會,成立,U,6,6,223,191,12771,12771,223,191,1.8472176482679665,1.8472176482679665,,,5.166666666666667,,845,640
long_period_manual,long_period_manual_p004,委員會,準備,U,6,6,36,40,12771,12771,36,40,6.733693279894346,6.733693279894346,,,1,,846,104
long_period_manual,long_period_manual_p004,官方,總統,U,6,6,6,556,12771,12771,6,556,5.521642802779356,5.521642802779356,,,5.166666666666667,,847,159
long_period_manual,long_period_manual_p004,宣佈,憲法,U,6,6,6,3809,12771,12771,6,3809,2.7453873029395237,2.7453873029395237,,,4,,848,439
long_period_manual,long_period_manual_p004,宣戰,權,U,6,6,13,30,12771,12771,13,30,8.61821606247441,8.61821606247441,,,6.166666666666667,,849,39
long_period_manual,long_period_manual_p004,實施,政黨,U,6,6,650,60,12771,12771,650,60,1.9743598726996847,1.9743598726996847,,,6.5,,850,614
long_period_manual,long_period_manual_p004,實施,新,U,6,6,650,662,12771,12771,650,662,-1.4894369384990145,0,,,3.5,,851,966
long_period_manual,long_period_manual_p004,實施,時期,U,6,6,650,78,12771,12771,650,78,1.5958482494459547,1.5958482494459547,,,5.5,,852,693
long_period_manual,long_period_manual_p004,實施,決議,U,6,6,650,52,12771,12771,650,52,2.180810750167111,2.180810750167111,,,5.166666666666667,,853,572
long_period_manual,long_period_manual_p004,實施,準備,U,6,6,650,40,12771,12771,650,40,2.559322373420841,2.559322373420841,,,3,,854,496
long_period_manual,long_period_manual_p004,實施,發展,U,6,6,650,22,12771,12771,650,22,3.4218188496709057,3.4218188496709057,,,5.166666666666667,,855,359
long_period_manual,long_period_manual_p004,實施,經濟,U,6,6,650,34,12771,12771,650,34,2.7937876270578634,2.7937876270578634,,,3.5,,856,429
long_period_manual,long_period_manual_p004,實施,蔣,U,6,6,650,45,12771,12771,650,45,2.389397371978528,2.389397371978528,,,4.5,,857,522
long_period_manual,long_period_manual_p004,實施,議長,U,6,6,650,36,12771,12771,650,36,2.711325466865891,2.711325466865891,,,4.666666666666667,,858,478
long_period_manual,long_period_manual_p004,實行,政治,U,6,6,164,412,12771,12771,164,412,1.1814938444227179,1.1814938444227179,,,2.8333333333333335,,859,749
long_period_manual,long_period_manual_p004,實行,結束,U,6,6,164,119,12771,12771,164,119,2.973176608297993,2.973176608297993,,,5.333333333333333,,860,406
long_period_manual,long_period_manual_p004,工作,政府,U,6,6,73,1368,12771,12771,73,1368,0.6178693024581049,0.6178693024581049,,,7.666666666666667,,861,843
long_period_manual,long_period_manual_p004,希望,憲法,U,6,6,6,3809,12771,12771,6,3809,2.7453873029395237,2.7453873029395237,,,4,,862,442
long_period_manual,long_period_manual_p004,座談會,憲政,U,6,6,6,1812,12771,12771,6,1812,3.817216635456629,3.817216635456629,,,4,,863,304
long_period_manual,long_period_manual_p004,廢止,憲法,U,6,6,6,3809,12771,12771,6,3809,2.7453873029395237,2.7453873029395237,,,4.5,,864,443
long_period_manual,long_period_manual_p004,建國,思想,U,6,6,99,6,12771,12771,99,6,8.011227255423254,8.011227255423254,,,3.3333333333333335,,865,57
long_period_manual,long_period_manual_p004,建國,接受,U,6,6,99,36,12771,12771,99,36,5.426264754702098,5.426264754702098,,,5.5,,866,168
long_period_manual,long_period_manual_p004,建國,結束,U,6,6,99,119,12771,12771,99,119,3.701371992836467,3.701371992836467,,,5.5,,867,329
long_period_manual,long_period_manual_p004,建立,憲法,U,6,6,6,3809,12771,12771,6,3809,2.7453873029395237,2.7453873029395237,,,4.833333333333333,,868,444
long_period_manual,long_period_manual_p004,意義,憲政,U,6,6,6,1812,12771,12771,6,1812,3.817216635456629,3.817216635456629,,,6.5,,869,305
long_period_manual,long_period_manual_p004,意見,政府,U,6,6,49,1368,12771,12771,49,1368,1.1929840172229138,1.1929840172229138,,,4.833333333333333,,870,746
long_period_manual,long_period_manual_p004,慶祝,成立,U,6,6,40,191,12771,12771,40,191,4.326189453300909,4.326189453300909,,,7,,871,246
long_period_manual,long_period_manual_p004,憲政,戰時,U,6,6,1812,6,12771,12771,1812,6,3.817216635456629,3.817216635456629,,,6.166666666666667,,872,306
long_period_manual,long_period_manual_p004,憲政,提出,U,6,6,1812,111,12771,12771,1812,111,-0.3922367301723212,0,,,5.833333333333333,,873,936
long_period_manual,long_period_manual_p004,憲政,施行,U,6,6,1812,23,12771,12771,1812,23,1.8786171801207718,1.8786171801207718,,,2,,874,634
long_period_manual,long_period_manual_p004,憲政,時候,U,6,6,1812,6,12771,12771,1812,6,3.817216635456629,3.817216635456629,,,3.8333333333333335,,875,308
long_period_manual,long_period_manual_p004,憲政,會議,U,6,6,1812,123,12771,12771,1812,123,-0.540335369161455,0,,,7.5,,876,947
long_period_manual,long_period_manual_p004,憲政,民衆,U,6,6,1812,26,12771,12771,1812,26,1.7017394180366927,1.7017394180366927,,,7.5,,877,678
long_period_manual,long_period_manual_p004,憲政,發表,U,6,6,1812,61,12771,12771,1812,61,0.4714417986148986,0.4714417986148986,,,5,,878,860
long_period_manual,long_period_manual_p004,憲政,綱領,U,6,6,1812,36,12771,12771,1812,36,1.2322541347354723,1.2322541347354723,,,8.5,,879,739
long_period_manual,long_period_manual_p004,憲政,英,U,6,6,1812,279,12771,12771,1812,279,-1.7219421756514028,0,,,4.833333333333333,,880,970
long_period_manual,long_period_manual_p004,憲政,論,U,6,6,1812,6,12771,12771,1812,6,3.817216635456629,3.817216635456629,,,4.666666666666667,,881,312
long_period_manual,long_period_manual_p004,憲政,重要,U,6,6,1812,18,12771,12771,1812,18,2.2322541347354723,2.2322541347354723,,,6.166666666666667,,882,564
long_period_manual,long_period_manual_p004,憲政,際,U,6,6,1812,6,12771,12771,1812,6,3.817216635456629,3.817216635456629,,,4.333333333333333,,883,314
long_period_manual,long_period_manual_p004,憲政,集中,U,6,6,1812,6,12771,12771,1812,6,3.817216635456629,3.817216635456629,,,7.333333333333333,,884,315
long_period_manual,long_period_manual_p004,憲法,改革,U,6,6,3809,6,12771,12771,3809,6,2.7453873029395237,2.7453873029395237,,,3,,885,449
long_period_manual,long_period_manual_p004,憲法,機構,U,6,6,3809,12,12771,12771,3809,12,1.7453873029395237,1.7453873029395237,,,4.666666666666667,,886,667
long_period_manual,long_period_manual_p004,憲法,歷史,U,6,6,3809,6,12771,12771,3809,6,2.7453873029395237,2.7453873029395237,,,4.666666666666667,,887,453
long_period_manual,long_period_manual_p004,憲法,波蘭,U,6,6,3809,6,12771,12771,3809,6,2.7453873029395237,2.7453873029395237,,,6,,888,455
long_period_manual,long_period_manual_p004,憲法,準備,U,6,6,3809,40,12771,12771,3809,40,0.008421708773317582,0.008421708773317582,,,4.666666666666667,,889,911
long_period_manual,long_period_manual_p004,憲法,發生,U,6,6,3809,6,12771,12771,3809,6,2.7453873029395237,2.7453873029395237,,,6.666666666666667,,890,456
long_period_manual,long_period_manual_p004,憲法,研究,U,6,6,3809,33,12771,12771,3809,33,0.28595568430222656,0.28595568430222656,,,2.8333333333333335,,891,880
long_period_manual,long_period_manual_p004,憲法,票,U,6,6,3809,14,12771,12771,3809,14,1.5229948816030758,1.5229948816030758,,,7.166666666666667,,892,702
long_period_manual,long_period_manual_p004,憲法,組織法,U,6,6,3809,6,12771,12771,3809,6,2.7453873029395237,2.7453873029395237,,,6.666666666666667,,893,458
long_period_manual,long_period_manual_p004,憲法,結束,U,6,6,3809,119,12771,12771,3809,119,-1.5644679596472635,0,,,7.333333333333333,,894,968
long_period_manual,long_period_manual_p004,憲法,維持,U,6,6,3809,6,12771,12771,3809,6,2.7453873029395237,2.7453873029395237,,,4.5,,895,459
long_period_manual,long_period_manual_p004,憲法,義大利,U,6,6,3809,6,12771,12771,3809,6,2.7453873029395237,2.7453873029395237,,,3.8333333333333335,,896,460
long_period_manual,long_period_manual_p004,憲法,聯邦,U,6,6,3809,6,12771,12771,3809,6,2.7453873029395237,2.7453873029395237,,,4.5,,897,462
long_period_manual,long_period_manual_p004,憲法,聲明,U,6,6,3809,6,12771,12771,3809,6,2.7453873029395237,2.7453873029395237,,,7,,898,463
long_period_manual,long_period_manual_p004,憲法,舉,U,6,6,3809,6,12771,12771,3809,6,2.7453873029395237,2.7453873029395237,,,4.833333333333333,,899,465
long_period_manual,long_period_manual_p004,憲法,華盛頓,U,6,6,3809,22,12771,12771,3809,22,0.8709181850233827,0.8709181850233827,,,5.833333333333333,,900,814
long_period_manual,long_period_manual_p004,憲法,表示,U,6,6,3809,36,12771,12771,3809,36,0.1604248022183676,0.1604248022183676,,,6.166666666666667,,901,894
long_period_manual,long_period_manual_p004,憲法,訓政,U,6,6,3809,131,12771,12771,3809,131,-1.7030731978767704,0,,,6.5,,902,969
long_period_manual,long_period_manual_p004,憲法,路透電,U,6,6,3809,19,12771,12771,3809,19,1.0824222902170941,1.0824222902170941,,,7.666666666666667,,903,774
long_period_manual,long_period_manual_p004,憲法,連任,U,6,6,3809,43,12771,12771,3809,43,-0.095914951041418,0,,,6.166666666666667,,904,918
long_period_manual,long_period_manual_p004,憲法,重慶,U,6,6,3809,106,12771,12771,3809,106,-1.3975706509025192,0,,,5.833333333333333,,905,963
long_period_manual,long_period_manual_p004,憲法,開,U,6,6,3809,6,12771,12771,3809,6,2.7453873029395237,2.7453873029395237,,,7.5,,906,471
long_period_manual,long_period_manual_p004,憲法,阿根廷,U,6,6,3809,12,12771,12771,3809,12,1.7453873029395237,1.7453873029395237,,,4.166666666666667,,907,671
long_period_manual,long_period_manual_p004,戰事,結束,U,6,6,6,119,12771,12771,6,119,7.745766112194921,7.745766112194921,,,1.5,,908,60
long_period_manual,long_period_manual_p004,戰爭,政府,U,6,6,76,1368,12771,12771,76,1368,0.5597663478945366,0.5597663478945366,,,7.333333333333333,,909,848
long_period_manual,long_period_manual_p004,投票,決定,U,6,6,49,207,12771,12771,49,207,3.9173495746094864,3.9173495746094864,,,5,,910,287
long_period_manual,long_period_manual_p004,抗戰,期間,U,6,6,170,6,12771,12771,170,6,7.231192939365162,7.231192939365162,,,1,,911,77
long_period_manual,long_period_manual_p004,挪威,立憲,U,6,6,25,150,12771,12771,25,150,5.352871495953414,5.352871495953414,,,2.1666666666666665,,912,176
long_period_manual,long_period_manual_p004,接受,綱領,U,6,6,36,36,12771,12771,36,36,6.885696373339395,6.885696373339395,,,6.5,,913,95
long_period_manual,long_period_manual_p004,政制,新,U,6,6,15,662,12771,12771,15,662,3.947968373808284,3.947968373808284,,,3.5,,914,284
long_period_manual,long_period_manual_p004,政府,明令,U,6,6,1368,6,12771,12771,1368,6,4.222731360616966,4.222731360616966,,,2.3333333333333335,,915,262
long_period_manual,long_period_manual_p004,政府,民族,U,6,6,1368,71,12771,12771,1368,71,0.6579467418334402,0.6579467418334402,,,5.333333333333333,,916,839
long_period_manual,long_period_manual_p004,政府,決議案,U,6,6,1368,19,12771,12771,1368,19,2.5597663478945365,2.5597663478945365,,,5.833333333333333,,917,495
long_period_manual,long_period_manual_p004,政府,產生,U,6,6,1368,6,12771,12771,1368,6,4.222731360616966,4.222731360616966,,,4.333333333333333,,918,263
long_period_manual,long_period_manual_p004,政府,發表,U,6,6,1368,61,12771,12771,1368,61,0.8769565237752359,0.8769565237752359,,,3.3333333333333335,,919,809
long_period_manual,long_period_manual_p004,政府,目前,U,6,6,1368,6,12771,12771,1368,6,4.222731360616966,4.222731360616966,,,6,,920,264
long_period_manual,long_period_manual_p004,政府,範圍,U,6,6,1368,20,12771,12771,1368,20,2.4857657664507595,2.4857657664507595,,,4.666666666666667,,921,509
long_period_manual,long_period_manual_p004,政府,維希,U,6,6,1368,20,12771,12771,1368,20,2.4857657664507595,2.4857657664507595,,,3.1666666666666665,,922,510
long_period_manual,long_period_manual_p004,政府,舉行,U,6,6,1368,224,12771,12771,1368,224,-0.9996610607194822,0,,,7.166666666666667,,923,960
long_period_manual,long_period_manual_p004,政府,討論,U,6,6,1368,153,12771,12771,1368,153,-0.4496939813545297,0,,,5,,924,942
long_period_manual,long_period_manual_p004,政府,重要,U,6,6,1368,18,12771,12771,1368,18,2.63776885989581,2.63776885989581,,,7.666666666666667,,925,490
long_period_manual,long_period_manual_p004,政治,政策,U,6,6,412,59,12771,12771,412,59,2.6564027996789603,2.6564027996789603,,,7.166666666666667,,926,487
long_period_manual,long_period_manual_p004,政治,政黨,U,6,6,412,60,12771,12771,412,60,2.632155253432283,2.632155253432283,,,6.166666666666667,,927,492
long_period_manual,long_period_manual_p004,政治,機構,U,6,6,412,12,12771,12771,412,12,4.954083348319646,4.954083348319646,,,2.5,,928,203
long_period_manual,long_period_manual_p004,政治,活動,U,6,6,412,6,12771,12771,412,6,5.954083348319646,5.954083348319646,,,2.3333333333333335,,929,136
long_period_manual,long_period_manual_p004,政治,統一,U,6,6,412,47,12771,12771,412,47,2.9844569973631643,2.9844569973631643,,,5.666666666666667,,930,404
long_period_manual,long_period_manual_p004,政治,經濟,U,6,6,412,34,12771,12771,412,34,3.451583007790462,3.451583007790462,,,4.166666666666667,,931,356
long_period_manual,long_period_manual_p004,政黨,新聞,U,6,6,60,13,12771,12771,60,13,7.618216062474409,7.618216062474409,,,5.166666666666667,,932,68
long_period_manual,long_period_manual_p004,政黨,立憲,U,6,6,60,150,12771,12771,60,150,4.08983709011962,4.08983709011962,,,2.8333333333333335,,933,274
long_period_manual,long_period_manual_p004,斯洛伐克,總統,U,6,6,14,556,12771,12771,14,556,4.299250381442908,4.299250381442908,,,4.333333333333333,,934,251
long_period_manual,long_period_manual_p004,新,民衆,U,6,6,662,26,12771,12771,662,26,3.15441925127571,3.15441925127571,,,6.666666666666667,,935,383
long_period_manual,long_period_manual_p004,新,秩序,U,6,6,662,12,12771,12771,662,12,4.269896468695646,4.269896468695646,,,1,,936,254
long_period_manual,long_period_manual_p004,新,自由,U,6,6,662,227,12771,12771,662,227,0.028310482125887326,0.028310482125887326,,,3.8333333333333335,,937,909
long_period_manual,long_period_manual_p004,新,舉行,U,6,6,662,224,12771,12771,662,224,0.04750404735919812,0.04750404735919812,,,6.833333333333333,,938,905
long_period_manual,long_period_manual_p004,新,解散,U,6,6,662,20,12771,12771,662,20,3.53293087452944,3.53293087452944,,,7.5,,939,342
long_period_manual,long_period_manual_p004,新,路透電,U,6,6,662,19,12771,12771,662,19,3.606931455973217,3.606931455973217,,,5,,940,335
long_period_manual,long_period_manual_p004,日本,日本憲法,U,6,6,80,6,12771,12771,80,6,8.3186557806155,8.3186557806155,,,6.166666666666667,,941,46
long_period_manual,long_period_manual_p004,日本,軍隊,U,6,6,80,12,12771,12771,80,12,7.318655780615502,7.318655780615502,,,2,,942,76
long_period_manual,long_period_manual_p004,樹立,民主,U,6,6,6,186,12771,12771,6,186,7.1014250643948325,7.1014250643948325,,,5,,943,85
long_period_manual,long_period_manual_p004,權,海陸軍,U,6,6,30,6,12771,12771,30,6,9.733693279894345,9.733693279894345,,,3.3333333333333335,,944,21
long_period_manual,long_period_manual_p004,權限,賦予,U,6,6,31,27,12771,12771,31,27,7.516462563673676,7.516462563673676,,,2,,945,73
long_period_manual,long_period_manual_p004,民主,運動,U,6,6,186,34,12771,12771,186,34,4.598924723865649,4.598924723865649,,,3.1666666666666665,,946,225
long_period_manual,long_period_manual_p004,民族,革命,U,6,6,71,65,12771,12771,71,65,5.053431443690884,5.053431443690884,,,3.8333333333333335,,947,197
long_period_manual,long_period_manual_p004,民衆,蘇聯,U,6,6,26,127,12771,12771,26,127,5.536421971310762,5.536421971310762,,,2.5,,948,157
long_period_manual,long_period_manual_p004,決定,規定,U,6,6,207,337,12771,12771,207,337,1.135454637542836,1.135454637542836,,,5.5,,949,764
long_period_manual,long_period_manual_p004,法國,維希,U,6,6,70,20,12771,12771,70,20,6.774335264391691,6.774335264391691,,,3.6666666666666665,,950,101
long_period_manual,long_period_manual_p004,法律,現行,U,6,6,43,6,12771,12771,43,6,9.214319120800766,9.214319120800766,,,2,,951,29
long_period_manual,long_period_manual_p004,海,通電,U,6,6,6,6,12771,12771,6,6,12.055621374781708,12.055621374781708,,,1,,952,3
long_period_manual,long_period_manual_p004,當選,總統,U,6,6,6,556,12771,12771,6,556,5.521642802779356,5.521642802779356,,,5.333333333333333,,953,160
long_period_manual,long_period_manual_p004,發表,舉行,U,6,6,61,224,12771,12771,61,224,3.4874541166035296,3.4874541166035296,,,6.333333333333333,,954,347
long_period_manual,long_period_manual_p004,立憲,紀念,U,6,6,150,60,12771,12771,150,60,4.08983709011962,4.08983709011962,,,4.166666666666667,,955,275
long_period_manual,long_period_manual_p004,紀念,舉行,U,6,6,60,224,12771,12771,60,224,3.5113008585578975,3.5113008585578975,,,3,,956,346
long_period_manual,long_period_manual_p004,結束,綱領,U,6,6,119,36,12771,12771,119,36,5.160803611473764,5.160803611473764,,,4.5,,957,192
long_period_manual,long_period_manual_p004,結果,通過,U,6,6,6,276,12771,12771,6,276,6.532059418724694,6.532059418724694,,,4,,958,106
long_period_manual,long_period_manual_p004,總統,美,U,6,6,556,53,12771,12771,556,53,2.378684848937313,2.378684848937313,,,2.5,,959,527
long_period_manual,long_period_manual_p004,總統,貝奈斯,U,6,6,556,6,12771,12771,556,6,5.521642802779356,5.521642802779356,,,2,,960,163
long_period_manual,long_period_manual_p004,總統,阿根廷,U,6,6,556,12,12771,12771,556,12,4.521642802779356,4.521642802779356,,,2.8333333333333335,,961,233
long_period_manual,long_period_manual_p004,美國,華盛頓,U,6,6,92,22,12771,12771,92,22,6.24255280152971,6.24255280152971,,,5.5,,962,122
long_period_manual,long_period_manual_p004,自由,英國,U,6,6,227,71,12771,12771,227,71,3.2492507694284227,3.2492507694284227,,,5.5,,963,372
long_period_manual,long_period_manual_p004,英,談話,U,6,6,279,20,12771,12771,279,20,4.77949696950747,4.77949696950747,,,4.5,,964,212
long_period_manual,long_period_manual_p004,英國,路透社,U,6,6,71,27,12771,12771,71,27,6.320911754555869,6.320911754555869,,,3.1666666666666665,,965,118
long_period_manual,long_period_manual_p004,莫斯科,通過,U,6,6,15,276,12771,12771,15,276,5.210131323837333,5.210131323837333,,,4.666666666666667,,966,189
long_period_manual,long_period_manual_p004,規定,連任,U,6,6,337,43,12771,12771,337,43,3.402676840340064,3.402676840340064,,,5.333333333333333,,967,364
long_period_manual,long_period_manual_p004,討論,開會,U,6,6,153,20,12771,12771,153,20,5.646230438644006,5.646230438644006,,,4.333333333333333,,968,152
long_period_manual,long_period_manual_p004,訓政,革命,U,6,6,131,65,12771,12771,131,65,4.169755561658115,4.169755561658115,,,7.666666666666667,,969,269
long_period_manual,long_period_manual_p004,通過,重要,U,6,6,276,18,12771,12771,276,18,4.947096918003538,4.947096918003538,,,3.5,,970,205
long_period_manual,long_period_manual_p004,領袖,黨,U,6,6,26,129,12771,12771,26,129,5.513879402659674,5.513879402659674,,,3.1666666666666665,,971,164
long_period_manual,long_period_manual_p004,黨,黨員,U,6,6,129,14,12771,12771,129,14,6.406964198743162,6.406964198743162,,,5.5,,972,112
